TahunBulan,Tahun,Bulan,NamaBulan,SKU,Produk,Kategori,Rasa,Ukuran,Packing,Lokasi,Demand,DemandValue,Capacity,Harga,Scenario,Growth,ScenarioDemand,ScenarioValue,Utilization,CapacityGap,RevenueImpact
2024-01-01,2024,1,January,SKU01,Product A,Food,Vanilla,Medium,Bottle,Jakarta,2936,14680000,4000,5000,+10%,0.1,3229.6000000000004,16148000.000000002,0.8074000000000001,770.3999999999996,1468000.0000000019
2024-01-01,2024,1,January,SKU01,Product A,Food,Vanilla,Medium,Bottle,Jakarta,2936,14680000,4000,5000,+20%,0.2,3523.2,17616000,0.8807999999999999,476.8000000000002,2936000
2024-01-01,2024,1,January,SKU01,Product A,Food,Vanilla,Medium,Bottle,Jakarta,2936,14680000,4000,5000,+30%,0.3,3816.8,19084000,0.9542,183.19999999999982,4404000
2024-01-01,2024,1,January,SKU01,Product A,Food,Vanilla,Medium,Bottle,Jakarta,2936,14680000,4000,5000,-10%,-0.1,2642.4,13212000,0.6606000000000001,1357.6,-1468000
2024-01-01,2024,1,January,SKU01,Product A,Food,Vanilla,Medium,Bottle,Jakarta,2936,14680000,4000,5000,-20%,-0.2,2348.8,11744000,0.5872,1651.1999999999998,-2936000
2024-01-01,2024,1,January,SKU01,Product A,Food,Vanilla,Medium,Bottle,Jakarta,2936,14680000,4000,5000,-30%,-0.3,2055.2,10276000,0.5137999999999999,1944.8000000000002,-4404000
2024-01-01,2024,1,January,SKU01,Product A,Food,Vanilla,Medium,Bottle,Jakarta,2936,14680000,4000,5000,Base,0,2936,14680000,0.734,1064,0
2024-01-01,2024,1,January,SKU02,Product A,Food,Vanilla,Medium,Box,Bandung,2834,14170000,6000,5000,+10%,0.1,3117.4,15587000,0.5195666666666667,2882.6,1417000
2024-01-01,2024,1,January,SKU02,Product A,Food,Vanilla,Medium,Box,Bandung,2834,14170000,6000,5000,+20%,0.2,3400.7999999999997,17004000,0.5668,2599.2000000000003,2834000
2024-01-01,2024,1,January,SKU02,Product A,Food,Vanilla,Medium,Box,Bandung,2834,14170000,6000,5000,+30%,0.3,3684.2000000000003,18421000,0.6140333333333334,2315.7999999999997,4251000
2024-01-01,2024,1,January,SKU02,Product A,Food,Vanilla,Medium,Box,Bandung,2834,14170000,6000,5000,-10%,-0.1,2550.6,12753000,0.4251,3449.4,-1417000
2024-01-01,2024,1,January,SKU02,Product A,Food,Vanilla,Medium,Box,Bandung,2834,14170000,6000,5000,-20%,-0.2,2267.2000000000003,11336000.000000002,0.37786666666666674,3732.7999999999997,-2833999.999999998
2024-01-01,2024,1,January,SKU02,Product A,Food,Vanilla,Medium,Box,Bandung,2834,14170000,6000,5000,-30%,-0.3,1983.8,9919000,0.33063333333333333,4016.2,-4251000
2024-01-01,2024,1,January,SKU02,Product A,Food,Vanilla,Medium,Box,Bandung,2834,14170000,6000,5000,Base,0,2834,14170000,0.4723333333333333,3166,0
2024-01-01,2024,1,January,SKU03,Product A,Food,Vanilla,Small,Bottle,Jakarta,1087,10870000,5000,10000,+10%,0.1,1195.7,11957000,0.23914000000000002,3804.3,1087000
2024-01-01,2024,1,January,SKU03,Product A,Food,Vanilla,Small,Bottle,Jakarta,1087,10870000,5000,10000,+20%,0.2,1304.3999999999999,13043999.999999998,0.26087999999999995,3695.6000000000004,2173999.999999998
2024-01-01,2024,1,January,SKU03,Product A,Food,Vanilla,Small,Bottle,Jakarta,1087,10870000,5000,10000,+30%,0.3,1413.1000000000001,14131000.000000002,0.28262000000000004,3586.8999999999996,3261000.000000002
2024-01-01,2024,1,January,SKU03,Product A,Food,Vanilla,Small,Bottle,Jakarta,1087,10870000,5000,10000,-10%,-0.1,978.3000000000001,9783000,0.19566,4021.7,-1087000
2024-01-01,2024,1,January,SKU03,Product A,Food,Vanilla,Small,Bottle,Jakarta,1087,10870000,5000,10000,-20%,-0.2,869.6,8696000,0.17392,4130.4,-2174000
2024-01-01,2024,1,January,SKU03,Product A,Food,Vanilla,Small,Bottle,Jakarta,1087,10870000,5000,10000,-30%,-0.3,760.9,7609000,0.15217999999999998,4239.1,-3261000
2024-01-01,2024,1,January,SKU03,Product A,Food,Vanilla,Small,Bottle,Jakarta,1087,10870000,5000,10000,Base,0,1087,10870000,0.2174,3913,0
2024-01-01,2024,1,January,SKU04,Product A,Food,Vanilla,Medium,Bottle,Bandung,2307,11535000,5000,5000,+10%,0.1,2537.7000000000003,12688500.000000002,0.5075400000000001,2462.2999999999997,1153500.0000000019
2024-01-01,2024,1,January,SKU04,Product A,Food,Vanilla,Medium,Bottle,Bandung,2307,11535000,5000,5000,+20%,0.2,2768.4,13842000,0.5536800000000001,2231.6,2307000
2024-01-01,2024,1,January,SKU04,Product A,Food,Vanilla,Medium,Bottle,Bandung,2307,11535000,5000,5000,+30%,0.3,2999.1,14995500,0.59982,2000.9,3460500
2024-01-01,2024,1,January,SKU04,Product A,Food,Vanilla,Medium,Bottle,Bandung,2307,11535000,5000,5000,-10%,-0.1,2076.3,10381500,0.41526,2923.7,-1153500
2024-01-01,2024,1,January,SKU04,Product A,Food,Vanilla,Medium,Bottle,Bandung,2307,11535000,5000,5000,-20%,-0.2,1845.6000000000001,9228000,0.36912,3154.3999999999996,-2307000
2024-01-01,2024,1,January,SKU04,Product A,Food,Vanilla,Medium,Bottle,Bandung,2307,11535000,5000,5000,-30%,-0.3,1614.8999999999999,8074499.999999999,0.32298,3385.1000000000004,-3460500.000000001
2024-01-01,2024,1,January,SKU04,Product A,Food,Vanilla,Medium,Bottle,Bandung,2307,11535000,5000,5000,Base,0,2307,11535000,0.4614,2693,0
2024-01-01,2024,1,January,SKU05,Product A,Food,Berry,Medium,Bottle,Bandung,966,4830000,4000,5000,+10%,0.1,1062.6000000000001,5313000.000000001,0.26565000000000005,2937.3999999999996,483000.00000000093
2024-01-01,2024,1,January,SKU05,Product A,Food,Berry,Medium,Bottle,Bandung,966,4830000,4000,5000,+20%,0.2,1159.2,5796000,0.2898,2840.8,966000
2024-01-01,2024,1,January,SKU05,Product A,Food,Berry,Medium,Bottle,Bandung,966,4830000,4000,5000,+30%,0.3,1255.8,6279000,0.31395,2744.2,1449000
2024-01-01,2024,1,January,SKU05,Product A,Food,Berry,Medium,Bottle,Bandung,966,4830000,4000,5000,-10%,-0.1,869.4,4347000,0.21735,3130.6,-483000
2024-01-01,2024,1,January,SKU05,Product A,Food,Berry,Medium,Bottle,Bandung,966,4830000,4000,5000,-20%,-0.2,772.8000000000001,3864000.0000000005,0.1932,3227.2,-965999.9999999995
2024-01-01,2024,1,January,SKU05,Product A,Food,Berry,Medium,Bottle,Bandung,966,4830000,4000,5000,-30%,-0.3,676.1999999999999,3380999.9999999995,0.16904999999999998,3323.8,-1449000.0000000005
2024-01-01,2024,1,January,SKU05,Product A,Food,Berry,Medium,Bottle,Bandung,966,4830000,4000,5000,Base,0,966,4830000,0.2415,3034,0
2024-01-01,2024,1,January,SKU06,Product A,Food,Original,Large,Bottle,Jakarta,1075,16125000,4000,15000,+10%,0.1,1182.5,17737500,0.295625,2817.5,1612500
2024-01-01,2024,1,January,SKU06,Product A,Food,Original,Large,Bottle,Jakarta,1075,16125000,4000,15000,+20%,0.2,1290,19350000,0.3225,2710,3225000
2024-01-01,2024,1,January,SKU06,Product A,Food,Original,Large,Bottle,Jakarta,1075,16125000,4000,15000,+30%,0.3,1397.5,20962500,0.349375,2602.5,4837500
2024-01-01,2024,1,January,SKU06,Product A,Food,Original,Large,Bottle,Jakarta,1075,16125000,4000,15000,-10%,-0.1,967.5,14512500,0.241875,3032.5,-1612500
2024-01-01,2024,1,January,SKU06,Product A,Food,Original,Large,Bottle,Jakarta,1075,16125000,4000,15000,-20%,-0.2,860,12900000,0.215,3140,-3225000
2024-01-01,2024,1,January,SKU06,Product A,Food,Original,Large,Bottle,Jakarta,1075,16125000,4000,15000,-30%,-0.3,752.5,11287500,0.188125,3247.5,-4837500
2024-01-01,2024,1,January,SKU06,Product A,Food,Original,Large,Bottle,Jakarta,1075,16125000,4000,15000,Base,0,1075,16125000,0.26875,2925,0
2024-01-01,2024,1,January,SKU07,Product A,Food,Berry,Small,Bottle,Jakarta,1268,12680000,4000,10000,+10%,0.1,1394.8000000000002,13948000.000000002,0.34870000000000007,2605.2,1268000.0000000019
2024-01-01,2024,1,January,SKU07,Product A,Food,Berry,Small,Bottle,Jakarta,1268,12680000,4000,10000,+20%,0.2,1521.6,15216000,0.38039999999999996,2478.4,2536000
2024-01-01,2024,1,January,SKU07,Product A,Food,Berry,Small,Bottle,Jakarta,1268,12680000,4000,10000,+30%,0.3,1648.4,16484000,0.4121,2351.6,3804000
2024-01-01,2024,1,January,SKU07,Product A,Food,Berry,Small,Bottle,Jakarta,1268,12680000,4000,10000,-10%,-0.1,1141.2,11412000,0.2853,2858.8,-1268000
2024-01-01,2024,1,January,SKU07,Product A,Food,Berry,Small,Bottle,Jakarta,1268,12680000,4000,10000,-20%,-0.2,1014.4000000000001,10144000,0.25360000000000005,2985.6,-2536000
2024-01-01,2024,1,January,SKU07,Product A,Food,Berry,Small,Bottle,Jakarta,1268,12680000,4000,10000,-30%,-0.3,887.5999999999999,8876000,0.2219,3112.4,-3804000
2024-01-01,2024,1,January,SKU07,Product A,Food,Berry,Small,Bottle,Jakarta,1268,12680000,4000,10000,Base,0,1268,12680000,0.317,2732,0
2024-01-01,2024,1,January,SKU08,Product A,Food,Berry,Small,Bottle,Jakarta,2097,20970000,4000,10000,+10%,0.1,2306.7000000000003,23067000.000000004,0.576675,1693.2999999999997,2097000.0000000037
2024-01-01,2024,1,January,SKU08,Product A,Food,Berry,Small,Bottle,Jakarta,2097,20970000,4000,10000,+20%,0.2,2516.4,25164000,0.6291,1483.6,4194000
2024-01-01,2024,1,January,SKU08,Product A,Food,Berry,Small,Bottle,Jakarta,2097,20970000,4000,10000,+30%,0.3,2726.1,27261000,0.6815249999999999,1273.9,6291000
2024-01-01,2024,1,January,SKU08,Product A,Food,Berry,Small,Bottle,Jakarta,2097,20970000,4000,10000,-10%,-0.1,1887.3,18873000,0.471825,2112.7,-2097000
2024-01-01,2024,1,January,SKU08,Product A,Food,Berry,Small,Bottle,Jakarta,2097,20970000,4000,10000,-20%,-0.2,1677.6000000000001,16776000.000000002,0.41940000000000005,2322.3999999999996,-4193999.999999998
2024-01-01,2024,1,January,SKU08,Product A,Food,Berry,Small,Bottle,Jakarta,2097,20970000,4000,10000,-30%,-0.3,1467.8999999999999,14678999.999999998,0.36697499999999994,2532.1000000000004,-6291000.000000002
2024-01-01,2024,1,January,SKU08,Product A,Food,Berry,Small,Bottle,Jakarta,2097,20970000,4000,10000,Base,0,2097,20970000,0.52425,1903,0
2024-01-01,2024,1,January,SKU09,Product A,Food,Chocolate,Small,Box,Jakarta,681,6810000,4000,10000,+10%,0.1,749.1,7491000,0.187275,3250.9,681000
2024-01-01,2024,1,January,SKU09,Product A,Food,Chocolate,Small,Box,Jakarta,681,6810000,4000,10000,+20%,0.2,817.1999999999999,8171999.999999999,0.20429999999999998,3182.8,1361999.999999999
2024-01-01,2024,1,January,SKU09,Product A,Food,Chocolate,Small,Box,Jakarta,681,6810000,4000,10000,+30%,0.3,885.3000000000001,8853000,0.22132500000000002,3114.7,2043000
2024-01-01,2024,1,January,SKU09,Product A,Food,Chocolate,Small,Box,Jakarta,681,6810000,4000,10000,-10%,-0.1,612.9,6129000,0.153225,3387.1,-681000
2024-01-01,2024,1,January,SKU09,Product A,Food,Chocolate,Small,Box,Jakarta,681,6810000,4000,10000,-20%,-0.2,544.8000000000001,5448000.000000001,0.13620000000000002,3455.2,-1361999.999999999
2024-01-01,2024,1,January,SKU09,Product A,Food,Chocolate,Small,Box,Jakarta,681,6810000,4000,10000,-30%,-0.3,476.7,4767000,0.119175,3523.3,-2043000
2024-01-01,2024,1,January,SKU09,Product A,Food,Chocolate,Small,Box,Jakarta,681,6810000,4000,10000,Base,0,681,6810000,0.17025,3319,0
2024-01-01,2024,1,January,SKU10,Product A,Food,Original,Medium,Bottle,Jakarta,2900,21750000,5000,7500,+10%,0.1,3190.0000000000005,23925000.000000004,0.6380000000000001,1809.9999999999995,2175000.0000000037
2024-01-01,2024,1,January,SKU10,Product A,Food,Original,Medium,Bottle,Jakarta,2900,21750000,5000,7500,+20%,0.2,3480,26100000,0.696,1520,4350000
2024-01-01,2024,1,January,SKU10,Product A,Food,Original,Medium,Bottle,Jakarta,2900,21750000,5000,7500,+30%,0.3,3770,28275000,0.754,1230,6525000
2024-01-01,2024,1,January,SKU10,Product A,Food,Original,Medium,Bottle,Jakarta,2900,21750000,5000,7500,-10%,-0.1,2610,19575000,0.522,2390,-2175000
2024-01-01,2024,1,January,SKU10,Product A,Food,Original,Medium,Bottle,Jakarta,2900,21750000,5000,7500,-20%,-0.2,2320,17400000,0.464,2680,-4350000
2024-01-01,2024,1,January,SKU10,Product A,Food,Original,Medium,Bottle,Jakarta,2900,21750000,5000,7500,-30%,-0.3,2029.9999999999998,15224999.999999998,0.40599999999999997,2970,-6525000.000000002
2024-01-01,2024,1,January,SKU10,Product A,Food,Original,Medium,Bottle,Jakarta,2900,21750000,5000,7500,Base,0,2900,21750000,0.58,2100,0
2024-01-01,2024,1,January,SKU11,Product A,Food,Berry,Medium,Box,Bandung,4997,74955000,6000,15000,+10%,0.1,5496.700000000001,82450500.00000001,0.9161166666666668,503.2999999999993,7495500.000000015
2024-01-01,2024,1,January,SKU11,Product A,Food,Berry,Medium,Box,Bandung,4997,74955000,6000,15000,+20%,0.2,5996.4,89946000,0.9994,3.600000000000364,14991000
2024-01-01,2024,1,January,SKU11,Product A,Food,Berry,Medium,Box,Bandung,4997,74955000,6000,15000,+30%,0.3,6496.1,97441500,1.0826833333333334,-496.10000000000036,22486500
2024-01-01,2024,1,January,SKU11,Product A,Food,Berry,Medium,Box,Bandung,4997,74955000,6000,15000,-10%,-0.1,4497.3,67459500,0.74955,1502.6999999999998,-7495500
2024-01-01,2024,1,January,SKU11,Product A,Food,Berry,Medium,Box,Bandung,4997,74955000,6000,15000,-20%,-0.2,3997.6000000000004,59964000.00000001,0.6662666666666667,2002.3999999999996,-14990999.999999993
2024-01-01,2024,1,January,SKU11,Product A,Food,Berry,Medium,Box,Bandung,4997,74955000,6000,15000,-30%,-0.3,3497.8999999999996,52468499.99999999,0.5829833333333333,2502.1000000000004,-22486500.000000007
2024-01-01,2024,1,January,SKU11,Product A,Food,Berry,Medium,Box,Bandung,4997,74955000,6000,15000,Base,0,4997,74955000,0.8328333333333333,1003,0
2024-01-01,2024,1,January,SKU12,Product A,Food,Vanilla,Large,Box,Jakarta,2924,29240000,5000,10000,+10%,0.1,3216.4,32164000,0.64328,1783.6,2924000
2024-01-01,2024,1,January,SKU12,Product A,Food,Vanilla,Large,Box,Jakarta,2924,29240000,5000,10000,+20%,0.2,3508.7999999999997,35088000,0.7017599999999999,1491.2000000000003,5848000
2024-01-01,2024,1,January,SKU12,Product A,Food,Vanilla,Large,Box,Jakarta,2924,29240000,5000,10000,+30%,0.3,3801.2000000000003,38012000,0.76024,1198.7999999999997,8772000
2024-01-01,2024,1,January,SKU12,Product A,Food,Vanilla,Large,Box,Jakarta,2924,29240000,5000,10000,-10%,-0.1,2631.6,26316000,0.52632,2368.4,-2924000
2024-01-01,2024,1,January,SKU12,Product A,Food,Vanilla,Large,Box,Jakarta,2924,29240000,5000,10000,-20%,-0.2,2339.2000000000003,23392000.000000004,0.46784000000000003,2660.7999999999997,-5847999.999999996
2024-01-01,2024,1,January,SKU12,Product A,Food,Vanilla,Large,Box,Jakarta,2924,29240000,5000,10000,-30%,-0.3,2046.8,20468000,0.40936,2953.2,-8772000
2024-01-01,2024,1,January,SKU12,Product A,Food,Vanilla,Large,Box,Jakarta,2924,29240000,5000,10000,Base,0,2924,29240000,0.5848,2076,0
2024-02-01,2024,2,February,SKU01,Product B,Food,Vanilla,Large,Box,Jakarta,4959,74385000,6000,15000,+10%,0.1,5454.9000000000005,81823500.00000001,0.9091500000000001,545.0999999999995,7438500.000000015
2024-02-01,2024,2,February,SKU01,Product B,Food,Vanilla,Large,Box,Jakarta,4959,74385000,6000,15000,+20%,0.2,5950.8,89262000,0.9918,49.19999999999982,14877000
2024-02-01,2024,2,February,SKU01,Product B,Food,Vanilla,Large,Box,Jakarta,4959,74385000,6000,15000,+30%,0.3,6446.7,96700500,1.07445,-446.6999999999998,22315500
2024-02-01,2024,2,February,SKU01,Product B,Food,Vanilla,Large,Box,Jakarta,4959,74385000,6000,15000,-10%,-0.1,4463.1,66946500.00000001,0.74385,1536.8999999999996,-7438499.999999993
2024-02-01,2024,2,February,SKU01,Product B,Food,Vanilla,Large,Box,Jakarta,4959,74385000,6000,15000,-20%,-0.2,3967.2000000000003,59508000.00000001,0.6612,2032.7999999999997,-14876999.999999993
2024-02-01,2024,2,February,SKU01,Product B,Food,Vanilla,Large,Box,Jakarta,4959,74385000,6000,15000,-30%,-0.3,3471.2999999999997,52069499.99999999,0.57855,2528.7000000000003,-22315500.000000007
2024-02-01,2024,2,February,SKU01,Product B,Food,Vanilla,Large,Box,Jakarta,4959,74385000,6000,15000,Base,0,4959,74385000,0.8265,1041,0
2024-02-01,2024,2,February,SKU02,Product B,Food,Vanilla,Large,Box,Jakarta,834,6255000,6000,7500,+10%,0.1,917.4000000000001,6880500.000000001,0.1529,5082.6,625500.0000000009
2024-02-01,2024,2,February,SKU02,Product B,Food,Vanilla,Large,Box,Jakarta,834,6255000,6000,7500,+20%,0.2,1000.8,7506000,0.1668,4999.2,1251000
2024-02-01,2024,2,February,SKU02,Product B,Food,Vanilla,Large,Box,Jakarta,834,6255000,6000,7500,+30%,0.3,1084.2,8131500,0.1807,4915.8,1876500
2024-02-01,2024,2,February,SKU02,Product B,Food,Vanilla,Large,Box,Jakarta,834,6255000,6000,7500,-10%,-0.1,750.6,5629500,0.12510000000000002,5249.4,-625500
2024-02-01,2024,2,February,SKU02,Product B,Food,Vanilla,Large,Box,Jakarta,834,6255000,6000,7500,-20%,-0.2,667.2,5004000,0.11120000000000001,5332.8,-1251000
2024-02-01,2024,2,February,SKU02,Product B,Food,Vanilla,Large,Box,Jakarta,834,6255000,6000,7500,-30%,-0.3,583.8,4378500,0.0973,5416.2,-1876500
2024-02-01,2024,2,February,SKU02,Product B,Food,Vanilla,Large,Box,Jakarta,834,6255000,6000,7500,Base,0,834,6255000,0.139,5166,0
2024-02-01,2024,2,February,SKU03,Product B,Food,Chocolate,Small,Bottle,Jakarta,1457,21855000,4000,15000,+10%,0.1,1602.7,24040500,0.400675,2397.3,2185500
2024-02-01,2024,2,February,SKU03,Product B,Food,Chocolate,Small,Bottle,Jakarta,1457,21855000,4000,15000,+20%,0.2,1748.3999999999999,26225999.999999996,0.4371,2251.6000000000004,4370999.999999996
2024-02-01,2024,2,February,SKU03,Product B,Food,Chocolate,Small,Bottle,Jakarta,1457,21855000,4000,15000,+30%,0.3,1894.1000000000001,28411500.000000004,0.47352500000000003,2105.8999999999996,6556500.000000004
2024-02-01,2024,2,February,SKU03,Product B,Food,Chocolate,Small,Bottle,Jakarta,1457,21855000,4000,15000,-10%,-0.1,1311.3,19669500,0.327825,2688.7,-2185500
2024-02-01,2024,2,February,SKU03,Product B,Food,Chocolate,Small,Bottle,Jakarta,1457,21855000,4000,15000,-20%,-0.2,1165.6000000000001,17484000.000000004,0.29140000000000005,2834.3999999999996,-4370999.999999996
2024-02-01,2024,2,February,SKU03,Product B,Food,Chocolate,Small,Bottle,Jakarta,1457,21855000,4000,15000,-30%,-0.3,1019.9,15298500,0.254975,2980.1,-6556500
2024-02-01,2024,2,February,SKU03,Product B,Food,Chocolate,Small,Bottle,Jakarta,1457,21855000,4000,15000,Base,0,1457,21855000,0.36425,2543,0
2024-02-01,2024,2,February,SKU04,Product B,Food,Original,Medium,Box,Bandung,2519,12595000,6000,5000,+10%,0.1,2770.9,13854500,0.4618166666666667,3229.1,1259500
2024-02-01,2024,2,February,SKU04,Product B,Food,Original,Medium,Box,Bandung,2519,12595000,6000,5000,+20%,0.2,3022.7999999999997,15113999.999999998,0.5037999999999999,2977.2000000000003,2518999.999999998
2024-02-01,2024,2,February,SKU04,Product B,Food,Original,Medium,Box,Bandung,2519,12595000,6000,5000,+30%,0.3,3274.7000000000003,16373500.000000002,0.5457833333333334,2725.2999999999997,3778500.000000002
2024-02-01,2024,2,February,SKU04,Product B,Food,Original,Medium,Box,Bandung,2519,12595000,6000,5000,-10%,-0.1,2267.1,11335500,0.37784999999999996,3732.9,-1259500
2024-02-01,2024,2,February,SKU04,Product B,Food,Original,Medium,Box,Bandung,2519,12595000,6000,5000,-20%,-0.2,2015.2,10076000,0.33586666666666665,3984.8,-2519000
2024-02-01,2024,2,February,SKU04,Product B,Food,Original,Medium,Box,Bandung,2519,12595000,6000,5000,-30%,-0.3,1763.3,8816500,0.29388333333333333,4236.7,-3778500
2024-02-01,2024,2,February,SKU04,Product B,Food,Original,Medium,Box,Bandung,2519,12595000,6000,5000,Base,0,2519,12595000,0.41983333333333334,3481,0
2024-02-01,2024,2,February,SKU05,Product B,Food,Berry,Small,Bottle,Bandung,3814,28605000,5000,7500,+10%,0.1,4195.4000000000005,31465500.000000004,0.8390800000000002,804.5999999999995,2860500.0000000037
2024-02-01,2024,2,February,SKU05,Product B,Food,Berry,Small,Bottle,Bandung,3814,28605000,5000,7500,+20%,0.2,4576.8,34326000,0.9153600000000001,423.1999999999998,5721000
2024-02-01,2024,2,February,SKU05,Product B,Food,Berry,Small,Bottle,Bandung,3814,28605000,5000,7500,+30%,0.3,4958.2,37186500,0.99164,41.80000000000018,8581500
2024-02-01,2024,2,February,SKU05,Product B,Food,Berry,Small,Bottle,Bandung,3814,28605000,5000,7500,-10%,-0.1,3432.6,25744500,0.68652,1567.4,-2860500
2024-02-01,2024,2,February,SKU05,Product B,Food,Berry,Small,Bottle,Bandung,3814,28605000,5000,7500,-20%,-0.2,3051.2000000000003,22884000.000000004,0.61024,1948.7999999999997,-5720999.999999996
2024-02-01,2024,2,February,SKU05,Product B,Food,Berry,Small,Bottle,Bandung,3814,28605000,5000,7500,-30%,-0.3,2669.7999999999997,20023499.999999996,0.53396,2330.2000000000003,-8581500.000000004
2024-02-01,2024,2,February,SKU05,Product B,Food,Berry,Small,Bottle,Bandung,3814,28605000,5000,7500,Base,0,3814,28605000,0.7628,1186,0
2024-02-01,2024,2,February,SKU06,Product B,Food,Chocolate,Medium,Box,Jakarta,4610,46100000,6000,10000,+10%,0.1,5071,50710000,0.8451666666666666,929,4610000
2024-02-01,2024,2,February,SKU06,Product B,Food,Chocolate,Medium,Box,Jakarta,4610,46100000,6000,10000,+20%,0.2,5532,55320000,0.922,468,9220000
2024-02-01,2024,2,February,SKU06,Product B,Food,Chocolate,Medium,Box,Jakarta,4610,46100000,6000,10000,+30%,0.3,5993,59930000,0.9988333333333334,7,13830000
2024-02-01,2024,2,February,SKU06,Product B,Food,Chocolate,Medium,Box,Jakarta,4610,46100000,6000,10000,-10%,-0.1,4149,41490000,0.6915,1851,-4610000
2024-02-01,2024,2,February,SKU06,Product B,Food,Chocolate,Medium,Box,Jakarta,4610,46100000,6000,10000,-20%,-0.2,3688,36880000,0.6146666666666667,2312,-9220000
2024-02-01,2024,2,February,SKU06,Product B,Food,Chocolate,Medium,Box,Jakarta,4610,46100000,6000,10000,-30%,-0.3,3227,32270000,0.5378333333333334,2773,-13830000
2024-02-01,2024,2,February,SKU06,Product B,Food,Chocolate,Medium,Box,Jakarta,4610,46100000,6000,10000,Base,0,4610,46100000,0.7683333333333333,1390,0
2024-02-01,2024,2,February,SKU07,Product B,Food,Chocolate,Large,Bottle,Jakarta,1416,7080000,4000,5000,+10%,0.1,1557.6000000000001,7788000.000000001,0.3894,2442.3999999999996,708000.0000000009
2024-02-01,2024,2,February,SKU07,Product B,Food,Chocolate,Large,Bottle,Jakarta,1416,7080000,4000,5000,+20%,0.2,1699.2,8496000,0.4248,2300.8,1416000
2024-02-01,2024,2,February,SKU07,Product B,Food,Chocolate,Large,Bottle,Jakarta,1416,7080000,4000,5000,+30%,0.3,1840.8,9204000,0.4602,2159.2,2124000
2024-02-01,2024,2,February,SKU07,Product B,Food,Chocolate,Large,Bottle,Jakarta,1416,7080000,4000,5000,-10%,-0.1,1274.4,6372000,0.31860000000000005,2725.6,-708000
2024-02-01,2024,2,February,SKU07,Product B,Food,Chocolate,Large,Bottle,Jakarta,1416,7080000,4000,5000,-20%,-0.2,1132.8,5664000,0.2832,2867.2,-1416000
2024-02-01,2024,2,February,SKU07,Product B,Food,Chocolate,Large,Bottle,Jakarta,1416,7080000,4000,5000,-30%,-0.3,991.1999999999999,4956000,0.2478,3008.8,-2124000
2024-02-01,2024,2,February,SKU07,Product B,Food,Chocolate,Large,Bottle,Jakarta,1416,7080000,4000,5000,Base,0,1416,7080000,0.354,2584,0
2024-02-01,2024,2,February,SKU08,Product B,Food,Chocolate,Small,Box,Bandung,725,5437500,6000,7500,+10%,0.1,797.5000000000001,5981250.000000001,0.13291666666666668,5202.5,543750.0000000009
2024-02-01,2024,2,February,SKU08,Product B,Food,Chocolate,Small,Box,Bandung,725,5437500,6000,7500,+20%,0.2,870,6525000,0.145,5130,1087500
2024-02-01,2024,2,February,SKU08,Product B,Food,Chocolate,Small,Box,Bandung,725,5437500,6000,7500,+30%,0.3,942.5,7068750,0.15708333333333332,5057.5,1631250
2024-02-01,2024,2,February,SKU08,Product B,Food,Chocolate,Small,Box,Bandung,725,5437500,6000,7500,-10%,-0.1,652.5,4893750,0.10875,5347.5,-543750
2024-02-01,2024,2,February,SKU08,Product B,Food,Chocolate,Small,Box,Bandung,725,5437500,6000,7500,-20%,-0.2,580,4350000,0.09666666666666666,5420,-1087500
2024-02-01,2024,2,February,SKU08,Product B,Food,Chocolate,Small,Box,Bandung,725,5437500,6000,7500,-30%,-0.3,507.49999999999994,3806249.9999999995,0.08458333333333333,5492.5,-1631250.0000000005
2024-02-01,2024,2,February,SKU08,Product B,Food,Chocolate,Small,Box,Bandung,725,5437500,6000,7500,Base,0,725,5437500,0.12083333333333333,5275,0
2024-02-01,2024,2,February,SKU09,Product B,Food,Original,Medium,Box,Bandung,4063,30472500,4000,7500,+10%,0.1,4469.3,33519750,1.1173250000000001,-469.3000000000002,3047250
2024-02-01,2024,2,February,SKU09,Product B,Food,Original,Medium,Box,Bandung,4063,30472500,4000,7500,+20%,0.2,4875.5999999999995,36566999.99999999,1.2188999999999999,-875.5999999999995,6094499.999999993
2024-02-01,2024,2,February,SKU09,Product B,Food,Original,Medium,Box,Bandung,4063,30472500,4000,7500,+30%,0.3,5281.9000000000005,39614250.00000001,1.320475,-1281.9000000000005,9141750.000000007
2024-02-01,2024,2,February,SKU09,Product B,Food,Original,Medium,Box,Bandung,4063,30472500,4000,7500,-10%,-0.1,3656.7000000000003,27425250.000000004,0.9141750000000001,343.2999999999997,-3047249.9999999963
2024-02-01,2024,2,February,SKU09,Product B,Food,Original,Medium,Box,Bandung,4063,30472500,4000,7500,-20%,-0.2,3250.4,24378000,0.8126,749.5999999999999,-6094500
2024-02-01,2024,2,February,SKU09,Product B,Food,Original,Medium,Box,Bandung,4063,30472500,4000,7500,-30%,-0.3,2844.1,21330750,0.711025,1155.9,-9141750
2024-02-01,2024,2,February,SKU09,Product B,Food,Original,Medium,Box,Bandung,4063,30472500,4000,7500,Base,0,4063,30472500,1.01575,-63,0
2024-02-01,2024,2,February,SKU10,Product B,Food,Vanilla,Small,Bottle,Jakarta,964,4820000,5000,5000,+10%,0.1,1060.4,5302000,0.21208000000000002,3939.6,482000
2024-02-01,2024,2,February,SKU10,Product B,Food,Vanilla,Small,Bottle,Jakarta,964,4820000,5000,5000,+20%,0.2,1156.8,5784000,0.23135999999999998,3843.2,964000
2024-02-01,2024,2,February,SKU10,Product B,Food,Vanilla,Small,Bottle,Jakarta,964,4820000,5000,5000,+30%,0.3,1253.2,6266000,0.25064000000000003,3746.8,1446000
2024-02-01,2024,2,February,SKU10,Product B,Food,Vanilla,Small,Bottle,Jakarta,964,4820000,5000,5000,-10%,-0.1,867.6,4338000,0.17352,4132.4,-482000
2024-02-01,2024,2,February,SKU10,Product B,Food,Vanilla,Small,Bottle,Jakarta,964,4820000,5000,5000,-20%,-0.2,771.2,3856000,0.15424000000000002,4228.8,-964000
2024-02-01,2024,2,February,SKU10,Product B,Food,Vanilla,Small,Bottle,Jakarta,964,4820000,5000,5000,-30%,-0.3,674.8,3374000,0.13496,4325.2,-1446000
2024-02-01,2024,2,February,SKU10,Product B,Food,Vanilla,Small,Bottle,Jakarta,964,4820000,5000,5000,Base,0,964,4820000,0.1928,4036,0
2024-02-01,2024,2,February,SKU11,Product B,Food,Chocolate,Medium,Bottle,Jakarta,4942,24710000,4000,5000,+10%,0.1,5436.200000000001,27181000.000000004,1.35905,-1436.2000000000007,2471000.0000000037
2024-02-01,2024,2,February,SKU11,Product B,Food,Chocolate,Medium,Bottle,Jakarta,4942,24710000,4000,5000,+20%,0.2,5930.4,29652000,1.4826,-1930.3999999999996,4942000
2024-02-01,2024,2,February,SKU11,Product B,Food,Chocolate,Medium,Bottle,Jakarta,4942,24710000,4000,5000,+30%,0.3,6424.6,32123000,1.6061500000000002,-2424.6000000000004,7413000
2024-02-01,2024,2,February,SKU11,Product B,Food,Chocolate,Medium,Bottle,Jakarta,4942,24710000,4000,5000,-10%,-0.1,4447.8,22239000,1.11195,-447.8000000000002,-2471000
2024-02-01,2024,2,February,SKU11,Product B,Food,Chocolate,Medium,Bottle,Jakarta,4942,24710000,4000,5000,-20%,-0.2,3953.6000000000004,19768000,0.9884000000000001,46.399999999999636,-4942000
2024-02-01,2024,2,February,SKU11,Product B,Food,Chocolate,Medium,Bottle,Jakarta,4942,24710000,4000,5000,-30%,-0.3,3459.3999999999996,17297000,0.8648499999999999,540.6000000000004,-7413000
2024-02-01,2024,2,February,SKU11,Product B,Food,Chocolate,Medium,Bottle,Jakarta,4942,24710000,4000,5000,Base,0,4942,24710000,1.2355,-942,0
2024-02-01,2024,2,February,SKU12,Product B,Food,Vanilla,Medium,Bottle,Bandung,997,9970000,6000,10000,+10%,0.1,1096.7,10967000,0.18278333333333335,4903.3,997000
2024-02-01,2024,2,February,SKU12,Product B,Food,Vanilla,Medium,Bottle,Bandung,997,9970000,6000,10000,+20%,0.2,1196.3999999999999,11963999.999999998,0.19939999999999997,4803.6,1993999.9999999981
2024-02-01,2024,2,February,SKU12,Product B,Food,Vanilla,Medium,Bottle,Bandung,997,9970000,6000,10000,+30%,0.3,1296.1000000000001,12961000.000000002,0.2160166666666667,4703.9,2991000.000000002
2024-02-01,2024,2,February,SKU12,Product B,Food,Vanilla,Medium,Bottle,Bandung,997,9970000,6000,10000,-10%,-0.1,897.3000000000001,8973000,0.14955000000000002,5102.7,-997000
2024-02-01,2024,2,February,SKU12,Product B,Food,Vanilla,Medium,Bottle,Bandung,997,9970000,6000,10000,-20%,-0.2,797.6,7976000,0.13293333333333335,5202.4,-1994000
2024-02-01,2024,2,February,SKU12,Product B,Food,Vanilla,Medium,Bottle,Bandung,997,9970000,6000,10000,-30%,-0.3,697.9,6979000,0.11631666666666667,5302.1,-2991000
2024-02-01,2024,2,February,SKU12,Product B,Food,Vanilla,Medium,Bottle,Bandung,997,9970000,6000,10000,Base,0,997,9970000,0.16616666666666666,5003,0
2024-03-01,2024,3,March,SKU01,Product C,Drink,Vanilla,Medium,Box,Bandung,1642,8210000,6000,5000,+10%,0.1,1806.2,9031000,0.3010333333333333,4193.8,821000
2024-03-01,2024,3,March,SKU01,Product C,Drink,Vanilla,Medium,Box,Bandung,1642,8210000,6000,5000,+20%,0.2,1970.3999999999999,9852000,0.32839999999999997,4029.6000000000004,1642000
2024-03-01,2024,3,March,SKU01,Product C,Drink,Vanilla,Medium,Box,Bandung,1642,8210000,6000,5000,+30%,0.3,2134.6,10673000,0.3557666666666667,3865.4,2463000
2024-03-01,2024,3,March,SKU01,Product C,Drink,Vanilla,Medium,Box,Bandung,1642,8210000,6000,5000,-10%,-0.1,1477.8,7389000,0.2463,4522.2,-821000
2024-03-01,2024,3,March,SKU01,Product C,Drink,Vanilla,Medium,Box,Bandung,1642,8210000,6000,5000,-20%,-0.2,1313.6000000000001,6568000.000000001,0.21893333333333337,4686.4,-1641999.999999999
2024-03-01,2024,3,March,SKU01,Product C,Drink,Vanilla,Medium,Box,Bandung,1642,8210000,6000,5000,-30%,-0.3,1149.3999999999999,5746999.999999999,0.19156666666666664,4850.6,-2463000.000000001
2024-03-01,2024,3,March,SKU01,Product C,Drink,Vanilla,Medium,Box,Bandung,1642,8210000,6000,5000,Base,0,1642,8210000,0.27366666666666667,4358,0
2024-03-01,2024,3,March,SKU02,Product C,Drink,Chocolate,Medium,Bottle,Jakarta,2923,14615000,4000,5000,+10%,0.1,3215.3,16076500,0.803825,784.6999999999998,1461500
2024-03-01,2024,3,March,SKU02,Product C,Drink,Chocolate,Medium,Bottle,Jakarta,2923,14615000,4000,5000,+20%,0.2,3507.6,17538000,0.8769,492.4000000000001,2923000
2024-03-01,2024,3,March,SKU02,Product C,Drink,Chocolate,Medium,Bottle,Jakarta,2923,14615000,4000,5000,+30%,0.3,3799.9,18999500,0.949975,200.0999999999999,4384500
2024-03-01,2024,3,March,SKU02,Product C,Drink,Chocolate,Medium,Bottle,Jakarta,2923,14615000,4000,5000,-10%,-0.1,2630.7000000000003,13153500.000000002,0.6576750000000001,1369.2999999999997,-1461499.9999999981
2024-03-01,2024,3,March,SKU02,Product C,Drink,Chocolate,Medium,Bottle,Jakarta,2923,14615000,4000,5000,-20%,-0.2,2338.4,11692000,0.5846,1661.6,-2923000
2024-03-01,2024,3,March,SKU02,Product C,Drink,Chocolate,Medium,Bottle,Jakarta,2923,14615000,4000,5000,-30%,-0.3,2046.1,10230500,0.511525,1953.9,-4384500
2024-03-01,2024,3,March,SKU02,Product C,Drink,Chocolate,Medium,Bottle,Jakarta,2923,14615000,4000,5000,Base,0,2923,14615000,0.73075,1077,0
2024-03-01,2024,3,March,SKU03,Product C,Drink,Vanilla,Medium,Box,Bandung,2210,16575000,6000,7500,+10%,0.1,2431,18232500,0.4051666666666667,3569,1657500
2024-03-01,2024,3,March,SKU03,Product C,Drink,Vanilla,Medium,Box,Bandung,2210,16575000,6000,7500,+20%,0.2,2652,19890000,0.442,3348,3315000
2024-03-01,2024,3,March,SKU03,Product C,Drink,Vanilla,Medium,Box,Bandung,2210,16575000,6000,7500,+30%,0.3,2873,21547500,0.47883333333333333,3127,4972500
2024-03-01,2024,3,March,SKU03,Product C,Drink,Vanilla,Medium,Box,Bandung,2210,16575000,6000,7500,-10%,-0.1,1989,14917500,0.3315,4011,-1657500
2024-03-01,2024,3,March,SKU03,Product C,Drink,Vanilla,Medium,Box,Bandung,2210,16575000,6000,7500,-20%,-0.2,1768,13260000,0.2946666666666667,4232,-3315000
2024-03-01,2024,3,March,SKU03,Product C,Drink,Vanilla,Medium,Box,Bandung,2210,16575000,6000,7500,-30%,-0.3,1547,11602500,0.25783333333333336,4453,-4972500
2024-03-01,2024,3,March,SKU03,Product C,Drink,Vanilla,Medium,Box,Bandung,2210,16575000,6000,7500,Base,0,2210,16575000,0.36833333333333335,3790,0
2024-03-01,2024,3,March,SKU04,Product C,Drink,Original,Large,Box,Bandung,1219,9142500,6000,7500,+10%,0.1,1340.9,10056750,0.22348333333333334,4659.1,914250
2024-03-01,2024,3,March,SKU04,Product C,Drink,Original,Large,Box,Bandung,1219,9142500,6000,7500,+20%,0.2,1462.8,10971000,0.2438,4537.2,1828500
2024-03-01,2024,3,March,SKU04,Product C,Drink,Original,Large,Box,Bandung,1219,9142500,6000,7500,+30%,0.3,1584.7,11885250,0.26411666666666667,4415.3,2742750
2024-03-01,2024,3,March,SKU04,Product C,Drink,Original,Large,Box,Bandung,1219,9142500,6000,7500,-10%,-0.1,1097.1000000000001,8228250.000000001,0.18285,4902.9,-914249.9999999991
2024-03-01,2024,3,March,SKU04,Product C,Drink,Original,Large,Box,Bandung,1219,9142500,6000,7500,-20%,-0.2,975.2,7314000,0.16253333333333334,5024.8,-1828500
2024-03-01,2024,3,March,SKU04,Product C,Drink,Original,Large,Box,Bandung,1219,9142500,6000,7500,-30%,-0.3,853.3,6399750,0.14221666666666666,5146.7,-2742750
2024-03-01,2024,3,March,SKU04,Product C,Drink,Original,Large,Box,Bandung,1219,9142500,6000,7500,Base,0,1219,9142500,0.20316666666666666,4781,0
2024-03-01,2024,3,March,SKU05,Product C,Drink,Berry,Small,Bottle,Jakarta,3256,32560000,4000,10000,+10%,0.1,3581.6000000000004,35816000,0.8954000000000001,418.39999999999964,3256000
2024-03-01,2024,3,March,SKU05,Product C,Drink,Berry,Small,Bottle,Jakarta,3256,32560000,4000,10000,+20%,0.2,3907.2,39072000,0.9768,92.80000000000018,6512000
2024-03-01,2024,3,March,SKU05,Product C,Drink,Berry,Small,Bottle,Jakarta,3256,32560000,4000,10000,+30%,0.3,4232.8,42328000,1.0582,-232.80000000000018,9768000
2024-03-01,2024,3,March,SKU05,Product C,Drink,Berry,Small,Bottle,Jakarta,3256,32560000,4000,10000,-10%,-0.1,2930.4,29304000,0.7326,1069.6,-3256000
2024-03-01,2024,3,March,SKU05,Product C,Drink,Berry,Small,Bottle,Jakarta,3256,32560000,4000,10000,-20%,-0.2,2604.8,26048000,0.6512,1395.1999999999998,-6512000
2024-03-01,2024,3,March,SKU05,Product C,Drink,Berry,Small,Bottle,Jakarta,3256,32560000,4000,10000,-30%,-0.3,2279.2,22792000,0.5698,1720.8000000000002,-9768000
2024-03-01,2024,3,March,SKU05,Product C,Drink,Berry,Small,Bottle,Jakarta,3256,32560000,4000,10000,Base,0,3256,32560000,0.814,744,0
2024-03-01,2024,3,March,SKU06,Product C,Drink,Vanilla,Small,Box,Jakarta,3224,48360000,5000,15000,+10%,0.1,3546.4,53196000,0.70928,1453.6,4836000
2024-03-01,2024,3,March,SKU06,Product C,Drink,Vanilla,Small,Box,Jakarta,3224,48360000,5000,15000,+20%,0.2,3868.7999999999997,58031999.99999999,0.7737599999999999,1131.2000000000003,9671999.999999993
2024-03-01,2024,3,March,SKU06,Product C,Drink,Vanilla,Small,Box,Jakarta,3224,48360000,5000,15000,+30%,0.3,4191.2,62868000,0.83824,808.8000000000002,14508000
2024-03-01,2024,3,March,SKU06,Product C,Drink,Vanilla,Small,Box,Jakarta,3224,48360000,5000,15000,-10%,-0.1,2901.6,43524000,0.58032,2098.4,-4836000
2024-03-01,2024,3,March,SKU06,Product C,Drink,Vanilla,Small,Box,Jakarta,3224,48360000,5000,15000,-20%,-0.2,2579.2000000000003,38688000.00000001,0.5158400000000001,2420.7999999999997,-9671999.999999993
2024-03-01,2024,3,March,SKU06,Product C,Drink,Vanilla,Small,Box,Jakarta,3224,48360000,5000,15000,-30%,-0.3,2256.7999999999997,33851999.99999999,0.45135999999999993,2743.2000000000003,-14508000.000000007
2024-03-01,2024,3,March,SKU06,Product C,Drink,Vanilla,Small,Box,Jakarta,3224,48360000,5000,15000,Base,0,3224,48360000,0.6448,1776,0
2024-03-01,2024,3,March,SKU07,Product C,Drink,Berry,Large,Box,Jakarta,4444,44440000,6000,10000,+10%,0.1,4888.4000000000005,48884000.00000001,0.8147333333333334,1111.5999999999995,4444000.000000007
2024-03-01,2024,3,March,SKU07,Product C,Drink,Berry,Large,Box,Jakarta,4444,44440000,6000,10000,+20%,0.2,5332.8,53328000,0.8888,667.1999999999998,8888000
2024-03-01,2024,3,March,SKU07,Product C,Drink,Berry,Large,Box,Jakarta,4444,44440000,6000,10000,+30%,0.3,5777.2,57772000,0.9628666666666666,222.80000000000018,13332000
2024-03-01,2024,3,March,SKU07,Product C,Drink,Berry,Large,Box,Jakarta,4444,44440000,6000,10000,-10%,-0.1,3999.6,39996000,0.6666,2000.4,-4444000
2024-03-01,2024,3,March,SKU07,Product C,Drink,Berry,Large,Box,Jakarta,4444,44440000,6000,10000,-20%,-0.2,3555.2000000000003,35552000,0.5925333333333334,2444.7999999999997,-8888000
2024-03-01,2024,3,March,SKU07,Product C,Drink,Berry,Large,Box,Jakarta,4444,44440000,6000,10000,-30%,-0.3,3110.7999999999997,31107999.999999996,0.5184666666666666,2889.2000000000003,-13332000.000000004
2024-03-01,2024,3,March,SKU07,Product C,Drink,Berry,Large,Box,Jakarta,4444,44440000,6000,10000,Base,0,4444,44440000,0.7406666666666667,1556,0
2024-03-01,2024,3,March,SKU08,Product C,Drink,Chocolate,Large,Box,Jakarta,1186,8895000,5000,7500,+10%,0.1,1304.6000000000001,9784500.000000002,0.26092000000000004,3695.3999999999996,889500.0000000019
2024-03-01,2024,3,March,SKU08,Product C,Drink,Chocolate,Large,Box,Jakarta,1186,8895000,5000,7500,+20%,0.2,1423.2,10674000,0.28464,3576.8,1779000
2024-03-01,2024,3,March,SKU08,Product C,Drink,Chocolate,Large,Box,Jakarta,1186,8895000,5000,7500,+30%,0.3,1541.8,11563500,0.30835999999999997,3458.2,2668500
2024-03-01,2024,3,March,SKU08,Product C,Drink,Chocolate,Large,Box,Jakarta,1186,8895000,5000,7500,-10%,-0.1,1067.4,8005500.000000001,0.21348000000000003,3932.6,-889499.9999999991
2024-03-01,2024,3,March,SKU08,Product C,Drink,Chocolate,Large,Box,Jakarta,1186,8895000,5000,7500,-20%,-0.2,948.8000000000001,7116000.000000001,0.18976,4051.2,-1778999.999999999
2024-03-01,2024,3,March,SKU08,Product C,Drink,Chocolate,Large,Box,Jakarta,1186,8895000,5000,7500,-30%,-0.3,830.1999999999999,6226499.999999999,0.16604,4169.8,-2668500.000000001
2024-03-01,2024,3,March,SKU08,Product C,Drink,Chocolate,Large,Box,Jakarta,1186,8895000,5000,7500,Base,0,1186,8895000,0.2372,3814,0
2024-03-01,2024,3,March,SKU09,Product C,Drink,Chocolate,Medium,Bottle,Jakarta,4827,24135000,4000,5000,+10%,0.1,5309.700000000001,26548500.000000004,1.327425,-1309.7000000000007,2413500.0000000037
2024-03-01,2024,3,March,SKU09,Product C,Drink,Chocolate,Medium,Bottle,Jakarta,4827,24135000,4000,5000,+20%,0.2,5792.4,28962000,1.4481,-1792.3999999999996,4827000
2024-03-01,2024,3,March,SKU09,Product C,Drink,Chocolate,Medium,Bottle,Jakarta,4827,24135000,4000,5000,+30%,0.3,6275.1,31375500,1.568775,-2275.1000000000004,7240500
2024-03-01,2024,3,March,SKU09,Product C,Drink,Chocolate,Medium,Bottle,Jakarta,4827,24135000,4000,5000,-10%,-0.1,4344.3,21721500,1.0860750000000001,-344.3000000000002,-2413500
2024-03-01,2024,3,March,SKU09,Product C,Drink,Chocolate,Medium,Bottle,Jakarta,4827,24135000,4000,5000,-20%,-0.2,3861.6000000000004,19308000,0.9654,138.39999999999964,-4827000
2024-03-01,2024,3,March,SKU09,Product C,Drink,Chocolate,Medium,Bottle,Jakarta,4827,24135000,4000,5000,-30%,-0.3,3378.8999999999996,16894500,0.844725,621.1000000000004,-7240500
2024-03-01,2024,3,March,SKU09,Product C,Drink,Chocolate,Medium,Bottle,Jakarta,4827,24135000,4000,5000,Base,0,4827,24135000,1.20675,-827,0
2024-03-01,2024,3,March,SKU10,Product C,Drink,Chocolate,Large,Box,Jakarta,920,6900000,6000,7500,+10%,0.1,1012.0000000000001,7590000.000000001,0.1686666666666667,4988,690000.0000000009
2024-03-01,2024,3,March,SKU10,Product C,Drink,Chocolate,Large,Box,Jakarta,920,6900000,6000,7500,+20%,0.2,1104,8280000,0.184,4896,1380000
2024-03-01,2024,3,March,SKU10,Product C,Drink,Chocolate,Large,Box,Jakarta,920,6900000,6000,7500,+30%,0.3,1196,8970000,0.19933333333333333,4804,2070000
2024-03-01,2024,3,March,SKU10,Product C,Drink,Chocolate,Large,Box,Jakarta,920,6900000,6000,7500,-10%,-0.1,828,6210000,0.138,5172,-690000
2024-03-01,2024,3,March,SKU10,Product C,Drink,Chocolate,Large,Box,Jakarta,920,6900000,6000,7500,-20%,-0.2,736,5520000,0.12266666666666666,5264,-1380000
2024-03-01,2024,3,March,SKU10,Product C,Drink,Chocolate,Large,Box,Jakarta,920,6900000,6000,7500,-30%,-0.3,644,4830000,0.10733333333333334,5356,-2070000
2024-03-01,2024,3,March,SKU10,Product C,Drink,Chocolate,Large,Box,Jakarta,920,6900000,6000,7500,Base,0,920,6900000,0.15333333333333332,5080,0
2024-03-01,2024,3,March,SKU11,Product C,Drink,Chocolate,Large,Bottle,Bandung,2660,39900000,4000,15000,+10%,0.1,2926.0000000000005,43890000.00000001,0.7315000000000002,1073.9999999999995,3990000.0000000075
2024-03-01,2024,3,March,SKU11,Product C,Drink,Chocolate,Large,Bottle,Bandung,2660,39900000,4000,15000,+20%,0.2,3192,47880000,0.798,808,7980000
2024-03-01,2024,3,March,SKU11,Product C,Drink,Chocolate,Large,Bottle,Bandung,2660,39900000,4000,15000,+30%,0.3,3458,51870000,0.8645,542,11970000
2024-03-01,2024,3,March,SKU11,Product C,Drink,Chocolate,Large,Bottle,Bandung,2660,39900000,4000,15000,-10%,-0.1,2394,35910000,0.5985,1606,-3990000
2024-03-01,2024,3,March,SKU11,Product C,Drink,Chocolate,Large,Bottle,Bandung,2660,39900000,4000,15000,-20%,-0.2,2128,31920000,0.532,1872,-7980000
2024-03-01,2024,3,March,SKU11,Product C,Drink,Chocolate,Large,Bottle,Bandung,2660,39900000,4000,15000,-30%,-0.3,1861.9999999999998,27929999.999999996,0.46549999999999997,2138,-11970000.000000004
2024-03-01,2024,3,March,SKU11,Product C,Drink,Chocolate,Large,Bottle,Bandung,2660,39900000,4000,15000,Base,0,2660,39900000,0.665,1340,0
2024-03-01,2024,3,March,SKU12,Product C,Drink,Original,Large,Bottle,Bandung,3263,32630000,6000,10000,+10%,0.1,3589.3,35893000,0.5982166666666667,2410.7,3263000
2024-03-01,2024,3,March,SKU12,Product C,Drink,Original,Large,Bottle,Bandung,3263,32630000,6000,10000,+20%,0.2,3915.6,39156000,0.6526,2084.4,6526000
2024-03-01,2024,3,March,SKU12,Product C,Drink,Original,Large,Bottle,Bandung,3263,32630000,6000,10000,+30%,0.3,4241.9000000000005,42419000.00000001,0.7069833333333334,1758.0999999999995,9789000.000000007
2024-03-01,2024,3,March,SKU12,Product C,Drink,Original,Large,Bottle,Bandung,3263,32630000,6000,10000,-10%,-0.1,2936.7000000000003,29367000.000000004,0.48945000000000005,3063.2999999999997,-3262999.9999999963
2024-03-01,2024,3,March,SKU12,Product C,Drink,Original,Large,Bottle,Bandung,3263,32630000,6000,10000,-20%,-0.2,2610.4,26104000,0.43506666666666666,3389.6,-6526000
2024-03-01,2024,3,March,SKU12,Product C,Drink,Original,Large,Bottle,Bandung,3263,32630000,6000,10000,-30%,-0.3,2284.1,22841000,0.3806833333333333,3715.9,-9789000
2024-03-01,2024,3,March,SKU12,Product C,Drink,Original,Large,Bottle,Bandung,3263,32630000,6000,10000,Base,0,3263,32630000,0.5438333333333333,2737,0
2024-04-01,2024,4,April,SKU01,Product D,Drink,Berry,Small,Box,Bandung,3809,38090000,6000,10000,+10%,0.1,4189.9000000000005,41899000.00000001,0.6983166666666668,1810.0999999999995,3809000.0000000075
2024-04-01,2024,4,April,SKU01,Product D,Drink,Berry,Small,Box,Bandung,3809,38090000,6000,10000,+20%,0.2,4570.8,45708000,0.7618,1429.1999999999998,7618000
2024-04-01,2024,4,April,SKU01,Product D,Drink,Berry,Small,Box,Bandung,3809,38090000,6000,10000,+30%,0.3,4951.7,49517000,0.8252833333333333,1048.3000000000002,11427000
2024-04-01,2024,4,April,SKU01,Product D,Drink,Berry,Small,Box,Bandung,3809,38090000,6000,10000,-10%,-0.1,3428.1,34281000,0.57135,2571.9,-3809000
2024-04-01,2024,4,April,SKU01,Product D,Drink,Berry,Small,Box,Bandung,3809,38090000,6000,10000,-20%,-0.2,3047.2000000000003,30472000.000000004,0.5078666666666667,2952.7999999999997,-7617999.999999996
2024-04-01,2024,4,April,SKU01,Product D,Drink,Berry,Small,Box,Bandung,3809,38090000,6000,10000,-30%,-0.3,2666.2999999999997,26662999.999999996,0.4443833333333333,3333.7000000000003,-11427000.000000004
2024-04-01,2024,4,April,SKU01,Product D,Drink,Berry,Small,Box,Bandung,3809,38090000,6000,10000,Base,0,3809,38090000,0.6348333333333334,2191,0
2024-04-01,2024,4,April,SKU02,Product D,Drink,Original,Medium,Bottle,Jakarta,4825,72375000,4000,15000,+10%,0.1,5307.5,79612500,1.326875,-1307.5,7237500
2024-04-01,2024,4,April,SKU02,Product D,Drink,Original,Medium,Bottle,Jakarta,4825,72375000,4000,15000,+20%,0.2,5790,86850000,1.4475,-1790,14475000
2024-04-01,2024,4,April,SKU02,Product D,Drink,Original,Medium,Bottle,Jakarta,4825,72375000,4000,15000,+30%,0.3,6272.5,94087500,1.568125,-2272.5,21712500
2024-04-01,2024,4,April,SKU02,Product D,Drink,Original,Medium,Bottle,Jakarta,4825,72375000,4000,15000,-10%,-0.1,4342.5,65137500,1.085625,-342.5,-7237500
2024-04-01,2024,4,April,SKU02,Product D,Drink,Original,Medium,Bottle,Jakarta,4825,72375000,4000,15000,-20%,-0.2,3860,57900000,0.965,140,-14475000
2024-04-01,2024,4,April,SKU02,Product D,Drink,Original,Medium,Bottle,Jakarta,4825,72375000,4000,15000,-30%,-0.3,3377.5,50662500,0.844375,622.5,-21712500
2024-04-01,2024,4,April,SKU02,Product D,Drink,Original,Medium,Bottle,Jakarta,4825,72375000,4000,15000,Base,0,4825,72375000,1.20625,-825,0
2024-04-01,2024,4,April,SKU03,Product D,Drink,Berry,Medium,Box,Bandung,2118,15885000,4000,7500,+10%,0.1,2329.8,17473500,0.58245,1670.1999999999998,1588500
2024-04-01,2024,4,April,SKU03,Product D,Drink,Berry,Medium,Box,Bandung,2118,15885000,4000,7500,+20%,0.2,2541.6,19062000,0.6354,1458.4,3177000
2024-04-01,2024,4,April,SKU03,Product D,Drink,Berry,Medium,Box,Bandung,2118,15885000,4000,7500,+30%,0.3,2753.4,20650500,0.68835,1246.6,4765500
2024-04-01,2024,4,April,SKU03,Product D,Drink,Berry,Medium,Box,Bandung,2118,15885000,4000,7500,-10%,-0.1,1906.2,14296500,0.47655000000000003,2093.8,-1588500
2024-04-01,2024,4,April,SKU03,Product D,Drink,Berry,Medium,Box,Bandung,2118,15885000,4000,7500,-20%,-0.2,1694.4,12708000,0.42360000000000003,2305.6,-3177000
2024-04-01,2024,4,April,SKU03,Product D,Drink,Berry,Medium,Box,Bandung,2118,15885000,4000,7500,-30%,-0.3,1482.6,11119500,0.37065,2517.4,-4765500
2024-04-01,2024,4,April,SKU03,Product D,Drink,Berry,Medium,Box,Bandung,2118,15885000,4000,7500,Base,0,2118,15885000,0.5295,1882,0
2024-04-01,2024,4,April,SKU04,Product D,Drink,Berry,Large,Bottle,Jakarta,1150,5750000,6000,5000,+10%,0.1,1265,6325000,0.21083333333333334,4735,575000
2024-04-01,2024,4,April,SKU04,Product D,Drink,Berry,Large,Bottle,Jakarta,1150,5750000,6000,5000,+20%,0.2,1380,6900000,0.23,4620,1150000
2024-04-01,2024,4,April,SKU04,Product D,Drink,Berry,Large,Bottle,Jakarta,1150,5750000,6000,5000,+30%,0.3,1495,7475000,0.24916666666666668,4505,1725000
2024-04-01,2024,4,April,SKU04,Product D,Drink,Berry,Large,Bottle,Jakarta,1150,5750000,6000,5000,-10%,-0.1,1035,5175000,0.1725,4965,-575000
2024-04-01,2024,4,April,SKU04,Product D,Drink,Berry,Large,Bottle,Jakarta,1150,5750000,6000,5000,-20%,-0.2,920,4600000,0.15333333333333332,5080,-1150000
2024-04-01,2024,4,April,SKU04,Product D,Drink,Berry,Large,Bottle,Jakarta,1150,5750000,6000,5000,-30%,-0.3,805,4025000,0.13416666666666666,5195,-1725000
2024-04-01,2024,4,April,SKU04,Product D,Drink,Berry,Large,Bottle,Jakarta,1150,5750000,6000,5000,Base,0,1150,5750000,0.19166666666666668,4850,0
2024-04-01,2024,4,April,SKU05,Product D,Drink,Vanilla,Large,Bottle,Bandung,4780,47800000,6000,10000,+10%,0.1,5258,52580000,0.8763333333333333,742,4780000
2024-04-01,2024,4,April,SKU05,Product D,Drink,Vanilla,Large,Bottle,Bandung,4780,47800000,6000,10000,+20%,0.2,5736,57360000,0.956,264,9560000
2024-04-01,2024,4,April,SKU05,Product D,Drink,Vanilla,Large,Bottle,Bandung,4780,47800000,6000,10000,+30%,0.3,6214,62140000,1.0356666666666667,-214,14340000
2024-04-01,2024,4,April,SKU05,Product D,Drink,Vanilla,Large,Bottle,Bandung,4780,47800000,6000,10000,-10%,-0.1,4302,43020000,0.717,1698,-4780000
2024-04-01,2024,4,April,SKU05,Product D,Drink,Vanilla,Large,Bottle,Bandung,4780,47800000,6000,10000,-20%,-0.2,3824,38240000,0.6373333333333333,2176,-9560000
2024-04-01,2024,4,April,SKU05,Product D,Drink,Vanilla,Large,Bottle,Bandung,4780,47800000,6000,10000,-30%,-0.3,3346,33460000,0.5576666666666666,2654,-14340000
2024-04-01,2024,4,April,SKU05,Product D,Drink,Vanilla,Large,Bottle,Bandung,4780,47800000,6000,10000,Base,0,4780,47800000,0.7966666666666666,1220,0
2024-04-01,2024,4,April,SKU06,Product D,Drink,Chocolate,Medium,Box,Jakarta,2301,17257500,5000,7500,+10%,0.1,2531.1000000000004,18983250.000000004,0.5062200000000001,2468.8999999999996,1725750.0000000037
2024-04-01,2024,4,April,SKU06,Product D,Drink,Chocolate,Medium,Box,Jakarta,2301,17257500,5000,7500,+20%,0.2,2761.2,20709000,0.55224,2238.8,3451500
2024-04-01,2024,4,April,SKU06,Product D,Drink,Chocolate,Medium,Box,Jakarta,2301,17257500,5000,7500,+30%,0.3,2991.3,22434750,0.59826,2008.6999999999998,5177250
2024-04-01,2024,4,April,SKU06,Product D,Drink,Chocolate,Medium,Box,Jakarta,2301,17257500,5000,7500,-10%,-0.1,2070.9,15531750,0.41418,2929.1,-1725750
2024-04-01,2024,4,April,SKU06,Product D,Drink,Chocolate,Medium,Box,Jakarta,2301,17257500,5000,7500,-20%,-0.2,1840.8000000000002,13806000.000000002,0.36816000000000004,3159.2,-3451499.999999998
2024-04-01,2024,4,April,SKU06,Product D,Drink,Chocolate,Medium,Box,Jakarta,2301,17257500,5000,7500,-30%,-0.3,1610.6999999999998,12080249.999999998,0.32214,3389.3,-5177250.000000002
2024-04-01,2024,4,April,SKU06,Product D,Drink,Chocolate,Medium,Box,Jakarta,2301,17257500,5000,7500,Base,0,2301,17257500,0.4602,2699,0
2024-04-01,2024,4,April,SKU07,Product D,Drink,Vanilla,Medium,Bottle,Jakarta,4269,42690000,6000,10000,+10%,0.1,4695.9000000000005,46959000.00000001,0.7826500000000001,1304.0999999999995,4269000.000000007
2024-04-01,2024,4,April,SKU07,Product D,Drink,Vanilla,Medium,Bottle,Jakarta,4269,42690000,6000,10000,+20%,0.2,5122.8,51228000,0.8538,877.1999999999998,8538000
2024-04-01,2024,4,April,SKU07,Product D,Drink,Vanilla,Medium,Bottle,Jakarta,4269,42690000,6000,10000,+30%,0.3,5549.7,55497000,0.9249499999999999,450.3000000000002,12807000
2024-04-01,2024,4,April,SKU07,Product D,Drink,Vanilla,Medium,Bottle,Jakarta,4269,42690000,6000,10000,-10%,-0.1,3842.1,38421000,0.64035,2157.9,-4269000
2024-04-01,2024,4,April,SKU07,Product D,Drink,Vanilla,Medium,Bottle,Jakarta,4269,42690000,6000,10000,-20%,-0.2,3415.2000000000003,34152000,0.5692,2584.7999999999997,-8538000
2024-04-01,2024,4,April,SKU07,Product D,Drink,Vanilla,Medium,Bottle,Jakarta,4269,42690000,6000,10000,-30%,-0.3,2988.2999999999997,29882999.999999996,0.49804999999999994,3011.7000000000003,-12807000.000000004
2024-04-01,2024,4,April,SKU07,Product D,Drink,Vanilla,Medium,Bottle,Jakarta,4269,42690000,6000,10000,Base,0,4269,42690000,0.7115,1731,0
2024-04-01,2024,4,April,SKU08,Product D,Drink,Chocolate,Large,Bottle,Jakarta,947,4735000,5000,5000,+10%,0.1,1041.7,5208500,0.20834,3958.3,473500
2024-04-01,2024,4,April,SKU08,Product D,Drink,Chocolate,Large,Bottle,Jakarta,947,4735000,5000,5000,+20%,0.2,1136.3999999999999,5681999.999999999,0.22727999999999998,3863.6000000000004,946999.9999999991
2024-04-01,2024,4,April,SKU08,Product D,Drink,Chocolate,Large,Bottle,Jakarta,947,4735000,5000,5000,+30%,0.3,1231.1000000000001,6155500.000000001,0.24622000000000002,3768.8999999999996,1420500.000000001
2024-04-01,2024,4,April,SKU08,Product D,Drink,Chocolate,Large,Bottle,Jakarta,947,4735000,5000,5000,-10%,-0.1,852.3000000000001,4261500,0.17046,4147.7,-473500
2024-04-01,2024,4,April,SKU08,Product D,Drink,Chocolate,Large,Bottle,Jakarta,947,4735000,5000,5000,-20%,-0.2,757.6,3788000,0.15152000000000002,4242.4,-947000
2024-04-01,2024,4,April,SKU08,Product D,Drink,Chocolate,Large,Bottle,Jakarta,947,4735000,5000,5000,-30%,-0.3,662.9,3314500,0.13258,4337.1,-1420500
2024-04-01,2024,4,April,SKU08,Product D,Drink,Chocolate,Large,Bottle,Jakarta,947,4735000,5000,5000,Base,0,947,4735000,0.1894,4053,0
2024-04-01,2024,4,April,SKU09,Product D,Drink,Chocolate,Small,Box,Jakarta,3474,17370000,6000,5000,+10%,0.1,3821.4,19107000,0.6369,2178.6,1737000
2024-04-01,2024,4,April,SKU09,Product D,Drink,Chocolate,Small,Box,Jakarta,3474,17370000,6000,5000,+20%,0.2,4168.8,20844000,0.6948000000000001,1831.1999999999998,3474000
2024-04-01,2024,4,April,SKU09,Product D,Drink,Chocolate,Small,Box,Jakarta,3474,17370000,6000,5000,+30%,0.3,4516.2,22581000,0.7526999999999999,1483.8000000000002,5211000
2024-04-01,2024,4,April,SKU09,Product D,Drink,Chocolate,Small,Box,Jakarta,3474,17370000,6000,5000,-10%,-0.1,3126.6,15633000,0.5211,2873.4,-1737000
2024-04-01,2024,4,April,SKU09,Product D,Drink,Chocolate,Small,Box,Jakarta,3474,17370000,6000,5000,-20%,-0.2,2779.2000000000003,13896000.000000002,0.46320000000000006,3220.7999999999997,-3473999.999999998
2024-04-01,2024,4,April,SKU09,Product D,Drink,Chocolate,Small,Box,Jakarta,3474,17370000,6000,5000,-30%,-0.3,2431.7999999999997,12158999.999999998,0.40529999999999994,3568.2000000000003,-5211000.000000002
2024-04-01,2024,4,April,SKU09,Product D,Drink,Chocolate,Small,Box,Jakarta,3474,17370000,6000,5000,Base,0,3474,17370000,0.579,2526,0
2024-04-01,2024,4,April,SKU10,Product D,Drink,Berry,Small,Box,Bandung,3380,25350000,5000,7500,+10%,0.1,3718.0000000000005,27885000.000000004,0.7436,1281.9999999999995,2535000.0000000037
2024-04-01,2024,4,April,SKU10,Product D,Drink,Berry,Small,Box,Bandung,3380,25350000,5000,7500,+20%,0.2,4056,30420000,0.8112,944,5070000
2024-04-01,2024,4,April,SKU10,Product D,Drink,Berry,Small,Box,Bandung,3380,25350000,5000,7500,+30%,0.3,4394,32955000,0.8788,606,7605000
2024-04-01,2024,4,April,SKU10,Product D,Drink,Berry,Small,Box,Bandung,3380,25350000,5000,7500,-10%,-0.1,3042,22815000,0.6084,1958,-2535000
2024-04-01,2024,4,April,SKU10,Product D,Drink,Berry,Small,Box,Bandung,3380,25350000,5000,7500,-20%,-0.2,2704,20280000,0.5408,2296,-5070000
2024-04-01,2024,4,April,SKU10,Product D,Drink,Berry,Small,Box,Bandung,3380,25350000,5000,7500,-30%,-0.3,2366,17745000,0.4732,2634,-7605000
2024-04-01,2024,4,April,SKU10,Product D,Drink,Berry,Small,Box,Bandung,3380,25350000,5000,7500,Base,0,3380,25350000,0.676,1620,0
2024-04-01,2024,4,April,SKU11,Product D,Drink,Chocolate,Large,Box,Bandung,3930,19650000,5000,5000,+10%,0.1,4323,21615000,0.8646,677,1965000
2024-04-01,2024,4,April,SKU11,Product D,Drink,Chocolate,Large,Box,Bandung,3930,19650000,5000,5000,+20%,0.2,4716,23580000,0.9432,284,3930000
2024-04-01,2024,4,April,SKU11,Product D,Drink,Chocolate,Large,Box,Bandung,3930,19650000,5000,5000,+30%,0.3,5109,25545000,1.0218,-109,5895000
2024-04-01,2024,4,April,SKU11,Product D,Drink,Chocolate,Large,Box,Bandung,3930,19650000,5000,5000,-10%,-0.1,3537,17685000,0.7074,1463,-1965000
2024-04-01,2024,4,April,SKU11,Product D,Drink,Chocolate,Large,Box,Bandung,3930,19650000,5000,5000,-20%,-0.2,3144,15720000,0.6288,1856,-3930000
2024-04-01,2024,4,April,SKU11,Product D,Drink,Chocolate,Large,Box,Bandung,3930,19650000,5000,5000,-30%,-0.3,2751,13755000,0.5502,2249,-5895000
2024-04-01,2024,4,April,SKU11,Product D,Drink,Chocolate,Large,Box,Bandung,3930,19650000,5000,5000,Base,0,3930,19650000,0.786,1070,0
2024-04-01,2024,4,April,SKU12,Product D,Drink,Berry,Medium,Box,Jakarta,2952,14760000,6000,5000,+10%,0.1,3247.2000000000003,16236000.000000002,0.5412,2752.7999999999997,1476000.0000000019
2024-04-01,2024,4,April,SKU12,Product D,Drink,Berry,Medium,Box,Jakarta,2952,14760000,6000,5000,+20%,0.2,3542.4,17712000,0.5904,2457.6,2952000
2024-04-01,2024,4,April,SKU12,Product D,Drink,Berry,Medium,Box,Jakarta,2952,14760000,6000,5000,+30%,0.3,3837.6,19188000,0.6396,2162.4,4428000
2024-04-01,2024,4,April,SKU12,Product D,Drink,Berry,Medium,Box,Jakarta,2952,14760000,6000,5000,-10%,-0.1,2656.8,13284000,0.4428,3343.2,-1476000
2024-04-01,2024,4,April,SKU12,Product D,Drink,Berry,Medium,Box,Jakarta,2952,14760000,6000,5000,-20%,-0.2,2361.6,11808000,0.3936,3638.4,-2952000
2024-04-01,2024,4,April,SKU12,Product D,Drink,Berry,Medium,Box,Jakarta,2952,14760000,6000,5000,-30%,-0.3,2066.4,10332000,0.34440000000000004,3933.6,-4428000
2024-04-01,2024,4,April,SKU12,Product D,Drink,Berry,Medium,Box,Jakarta,2952,14760000,6000,5000,Base,0,2952,14760000,0.492,3048,0
2024-05-01,2024,5,May,SKU01,Product A,Food,Vanilla,Medium,Bottle,Jakarta,4899,48990000,4000,10000,+10%,0.1,5388.9000000000005,53889000.00000001,1.3472250000000001,-1388.9000000000005,4899000.000000007
2024-05-01,2024,5,May,SKU01,Product A,Food,Vanilla,Medium,Bottle,Jakarta,4899,48990000,4000,10000,+20%,0.2,5878.8,58788000,1.4697,-1878.8000000000002,9798000
2024-05-01,2024,5,May,SKU01,Product A,Food,Vanilla,Medium,Bottle,Jakarta,4899,48990000,4000,10000,+30%,0.3,6368.7,63687000,1.592175,-2368.7,14697000
2024-05-01,2024,5,May,SKU01,Product A,Food,Vanilla,Medium,Bottle,Jakarta,4899,48990000,4000,10000,-10%,-0.1,4409.1,44091000,1.1022750000000001,-409.10000000000036,-4899000
2024-05-01,2024,5,May,SKU01,Product A,Food,Vanilla,Medium,Bottle,Jakarta,4899,48990000,4000,10000,-20%,-0.2,3919.2000000000003,39192000,0.9798000000000001,80.79999999999973,-9798000
2024-05-01,2024,5,May,SKU01,Product A,Food,Vanilla,Medium,Bottle,Jakarta,4899,48990000,4000,10000,-30%,-0.3,3429.2999999999997,34293000,0.8573249999999999,570.7000000000003,-14697000
2024-05-01,2024,5,May,SKU01,Product A,Food,Vanilla,Medium,Bottle,Jakarta,4899,48990000,4000,10000,Base,0,4899,48990000,1.22475,-899,0
2024-05-01,2024,5,May,SKU02,Product A,Food,Vanilla,Medium,Bottle,Jakarta,2875,14375000,6000,5000,+10%,0.1,3162.5000000000005,15812500.000000002,0.5270833333333335,2837.4999999999995,1437500.0000000019
2024-05-01,2024,5,May,SKU02,Product A,Food,Vanilla,Medium,Bottle,Jakarta,2875,14375000,6000,5000,+20%,0.2,3450,17250000,0.575,2550,2875000
2024-05-01,2024,5,May,SKU02,Product A,Food,Vanilla,Medium,Bottle,Jakarta,2875,14375000,6000,5000,+30%,0.3,3737.5,18687500,0.6229166666666667,2262.5,4312500
2024-05-01,2024,5,May,SKU02,Product A,Food,Vanilla,Medium,Bottle,Jakarta,2875,14375000,6000,5000,-10%,-0.1,2587.5,12937500,0.43125,3412.5,-1437500
2024-05-01,2024,5,May,SKU02,Product A,Food,Vanilla,Medium,Bottle,Jakarta,2875,14375000,6000,5000,-20%,-0.2,2300,11500000,0.38333333333333336,3700,-2875000
2024-05-01,2024,5,May,SKU02,Product A,Food,Vanilla,Medium,Bottle,Jakarta,2875,14375000,6000,5000,-30%,-0.3,2012.4999999999998,10062499.999999998,0.33541666666666664,3987.5,-4312500.000000002
2024-05-01,2024,5,May,SKU02,Product A,Food,Vanilla,Medium,Bottle,Jakarta,2875,14375000,6000,5000,Base,0,2875,14375000,0.4791666666666667,3125,0
2024-05-01,2024,5,May,SKU03,Product A,Food,Original,Medium,Box,Bandung,1862,9310000,6000,5000,+10%,0.1,2048.2000000000003,10241000.000000002,0.3413666666666667,3951.7999999999997,931000.0000000019
2024-05-01,2024,5,May,SKU03,Product A,Food,Original,Medium,Box,Bandung,1862,9310000,6000,5000,+20%,0.2,2234.4,11172000,0.3724,3765.6,1862000
2024-05-01,2024,5,May,SKU03,Product A,Food,Original,Medium,Box,Bandung,1862,9310000,6000,5000,+30%,0.3,2420.6,12103000,0.4034333333333333,3579.4,2793000
2024-05-01,2024,5,May,SKU03,Product A,Food,Original,Medium,Box,Bandung,1862,9310000,6000,5000,-10%,-0.1,1675.8,8379000,0.2793,4324.2,-931000
2024-05-01,2024,5,May,SKU03,Product A,Food,Original,Medium,Box,Bandung,1862,9310000,6000,5000,-20%,-0.2,1489.6000000000001,7448000.000000001,0.2482666666666667,4510.4,-1861999.999999999
2024-05-01,2024,5,May,SKU03,Product A,Food,Original,Medium,Box,Bandung,1862,9310000,6000,5000,-30%,-0.3,1303.3999999999999,6516999.999999999,0.2172333333333333,4696.6,-2793000.000000001
2024-05-01,2024,5,May,SKU03,Product A,Food,Original,Medium,Box,Bandung,1862,9310000,6000,5000,Base,0,1862,9310000,0.31033333333333335,4138,0
2024-05-01,2024,5,May,SKU04,Product A,Food,Original,Large,Box,Jakarta,1171,8782500,4000,7500,+10%,0.1,1288.1000000000001,9660750.000000002,0.32202500000000006,2711.8999999999996,878250.0000000019
2024-05-01,2024,5,May,SKU04,Product A,Food,Original,Large,Box,Jakarta,1171,8782500,4000,7500,+20%,0.2,1405.2,10539000,0.3513,2594.8,1756500
2024-05-01,2024,5,May,SKU04,Product A,Food,Original,Large,Box,Jakarta,1171,8782500,4000,7500,+30%,0.3,1522.3,11417250,0.380575,2477.7,2634750
2024-05-01,2024,5,May,SKU04,Product A,Food,Original,Large,Box,Jakarta,1171,8782500,4000,7500,-10%,-0.1,1053.9,7904250.000000001,0.263475,2946.1,-878249.9999999991
2024-05-01,2024,5,May,SKU04,Product A,Food,Original,Large,Box,Jakarta,1171,8782500,4000,7500,-20%,-0.2,936.8000000000001,7026000.000000001,0.23420000000000002,3063.2,-1756499.999999999
2024-05-01,2024,5,May,SKU04,Product A,Food,Original,Large,Box,Jakarta,1171,8782500,4000,7500,-30%,-0.3,819.6999999999999,6147749.999999999,0.204925,3180.3,-2634750.000000001
2024-05-01,2024,5,May,SKU04,Product A,Food,Original,Large,Box,Jakarta,1171,8782500,4000,7500,Base,0,1171,8782500,0.29275,2829,0
2024-05-01,2024,5,May,SKU05,Product A,Food,Original,Medium,Bottle,Jakarta,4819,48190000,6000,10000,+10%,0.1,5300.9000000000005,53009000.00000001,0.8834833333333334,699.0999999999995,4819000.000000007
2024-05-01,2024,5,May,SKU05,Product A,Food,Original,Medium,Bottle,Jakarta,4819,48190000,6000,10000,+20%,0.2,5782.8,57828000,0.9638,217.19999999999982,9638000
2024-05-01,2024,5,May,SKU05,Product A,Food,Original,Medium,Bottle,Jakarta,4819,48190000,6000,10000,+30%,0.3,6264.7,62647000,1.0441166666666666,-264.6999999999998,14457000
2024-05-01,2024,5,May,SKU05,Product A,Food,Original,Medium,Bottle,Jakarta,4819,48190000,6000,10000,-10%,-0.1,4337.1,43371000,0.7228500000000001,1662.8999999999996,-4819000
2024-05-01,2024,5,May,SKU05,Product A,Food,Original,Medium,Bottle,Jakarta,4819,48190000,6000,10000,-20%,-0.2,3855.2000000000003,38552000,0.6425333333333334,2144.7999999999997,-9638000
2024-05-01,2024,5,May,SKU05,Product A,Food,Original,Medium,Bottle,Jakarta,4819,48190000,6000,10000,-30%,-0.3,3373.2999999999997,33733000,0.5622166666666666,2626.7000000000003,-14457000
2024-05-01,2024,5,May,SKU05,Product A,Food,Original,Medium,Bottle,Jakarta,4819,48190000,6000,10000,Base,0,4819,48190000,0.8031666666666667,1181,0
2024-05-01,2024,5,May,SKU06,Product A,Food,Vanilla,Large,Box,Bandung,3496,17480000,5000,5000,+10%,0.1,3845.6000000000004,19228000,0.76912,1154.3999999999996,1748000
2024-05-01,2024,5,May,SKU06,Product A,Food,Vanilla,Large,Box,Bandung,3496,17480000,5000,5000,+20%,0.2,4195.2,20976000,0.83904,804.8000000000002,3496000
2024-05-01,2024,5,May,SKU06,Product A,Food,Vanilla,Large,Box,Bandung,3496,17480000,5000,5000,+30%,0.3,4544.8,22724000,0.90896,455.1999999999998,5244000
2024-05-01,2024,5,May,SKU06,Product A,Food,Vanilla,Large,Box,Bandung,3496,17480000,5000,5000,-10%,-0.1,3146.4,15732000,0.6292800000000001,1853.6,-1748000
2024-05-01,2024,5,May,SKU06,Product A,Food,Vanilla,Large,Box,Bandung,3496,17480000,5000,5000,-20%,-0.2,2796.8,13984000,0.5593600000000001,2203.2,-3496000
2024-05-01,2024,5,May,SKU06,Product A,Food,Vanilla,Large,Box,Bandung,3496,17480000,5000,5000,-30%,-0.3,2447.2,12236000,0.48944,2552.8,-5244000
2024-05-01,2024,5,May,SKU06,Product A,Food,Vanilla,Large,Box,Bandung,3496,17480000,5000,5000,Base,0,3496,17480000,0.6992,1504,0
2024-05-01,2024,5,May,SKU07,Product A,Food,Original,Small,Box,Jakarta,3743,28072500,6000,7500,+10%,0.1,4117.3,30879750,0.6862166666666667,1882.6999999999998,2807250
2024-05-01,2024,5,May,SKU07,Product A,Food,Original,Small,Box,Jakarta,3743,28072500,6000,7500,+20%,0.2,4491.5999999999995,33686999.99999999,0.7485999999999999,1508.4000000000005,5614499.999999993
2024-05-01,2024,5,May,SKU07,Product A,Food,Original,Small,Box,Jakarta,3743,28072500,6000,7500,+30%,0.3,4865.9000000000005,36494250.00000001,0.8109833333333334,1134.0999999999995,8421750.000000007
2024-05-01,2024,5,May,SKU07,Product A,Food,Original,Small,Box,Jakarta,3743,28072500,6000,7500,-10%,-0.1,3368.7000000000003,25265250.000000004,0.56145,2631.2999999999997,-2807249.9999999963
2024-05-01,2024,5,May,SKU07,Product A,Food,Original,Small,Box,Jakarta,3743,28072500,6000,7500,-20%,-0.2,2994.4,22458000,0.49906666666666666,3005.6,-5614500
2024-05-01,2024,5,May,SKU07,Product A,Food,Original,Small,Box,Jakarta,3743,28072500,6000,7500,-30%,-0.3,2620.1,19650750,0.4366833333333333,3379.9,-8421750
2024-05-01,2024,5,May,SKU07,Product A,Food,Original,Small,Box,Jakarta,3743,28072500,6000,7500,Base,0,3743,28072500,0.6238333333333334,2257,0
2024-05-01,2024,5,May,SKU08,Product A,Food,Vanilla,Small,Bottle,Jakarta,1761,13207500,4000,7500,+10%,0.1,1937.1000000000001,14528250.000000002,0.484275,2062.8999999999996,1320750.0000000019
2024-05-01,2024,5,May,SKU08,Product A,Food,Vanilla,Small,Bottle,Jakarta,1761,13207500,4000,7500,+20%,0.2,2113.2,15848999.999999998,0.5283,1886.8000000000002,2641499.999999998
2024-05-01,2024,5,May,SKU08,Product A,Food,Vanilla,Small,Bottle,Jakarta,1761,13207500,4000,7500,+30%,0.3,2289.3,17169750,0.5723250000000001,1710.6999999999998,3962250
2024-05-01,2024,5,May,SKU08,Product A,Food,Vanilla,Small,Bottle,Jakarta,1761,13207500,4000,7500,-10%,-0.1,1584.9,11886750,0.39622500000000005,2415.1,-1320750
2024-05-01,2024,5,May,SKU08,Product A,Food,Vanilla,Small,Bottle,Jakarta,1761,13207500,4000,7500,-20%,-0.2,1408.8000000000002,10566000.000000002,0.35220000000000007,2591.2,-2641499.999999998
2024-05-01,2024,5,May,SKU08,Product A,Food,Vanilla,Small,Bottle,Jakarta,1761,13207500,4000,7500,-30%,-0.3,1232.6999999999998,9245249.999999998,0.308175,2767.3,-3962250.000000002
2024-05-01,2024,5,May,SKU08,Product A,Food,Vanilla,Small,Bottle,Jakarta,1761,13207500,4000,7500,Base,0,1761,13207500,0.44025,2239,0
2024-05-01,2024,5,May,SKU09,Product A,Food,Chocolate,Small,Box,Bandung,539,5390000,6000,10000,+10%,0.1,592.9000000000001,5929000.000000001,0.09881666666666668,5407.1,539000.0000000009
2024-05-01,2024,5,May,SKU09,Product A,Food,Chocolate,Small,Box,Bandung,539,5390000,6000,10000,+20%,0.2,646.8,6468000,0.10779999999999999,5353.2,1078000
2024-05-01,2024,5,May,SKU09,Product A,Food,Chocolate,Small,Box,Bandung,539,5390000,6000,10000,+30%,0.3,700.7,7007000,0.11678333333333334,5299.3,1617000
2024-05-01,2024,5,May,SKU09,Product A,Food,Chocolate,Small,Box,Bandung,539,5390000,6000,10000,-10%,-0.1,485.1,4851000,0.08085,5514.9,-539000
2024-05-01,2024,5,May,SKU09,Product A,Food,Chocolate,Small,Box,Bandung,539,5390000,6000,10000,-20%,-0.2,431.20000000000005,4312000,0.07186666666666668,5568.8,-1078000
2024-05-01,2024,5,May,SKU09,Product A,Food,Chocolate,Small,Box,Bandung,539,5390000,6000,10000,-30%,-0.3,377.29999999999995,3772999.9999999995,0.06288333333333332,5622.7,-1617000.0000000005
2024-05-01,2024,5,May,SKU09,Product A,Food,Chocolate,Small,Box,Bandung,539,5390000,6000,10000,Base,0,539,5390000,0.08983333333333333,5461,0
2024-05-01,2024,5,May,SKU10,Product A,Food,Chocolate,Large,Bottle,Bandung,3038,30380000,4000,10000,+10%,0.1,3341.8,33418000,0.83545,658.1999999999998,3038000
2024-05-01,2024,5,May,SKU10,Product A,Food,Chocolate,Large,Bottle,Bandung,3038,30380000,4000,10000,+20%,0.2,3645.6,36456000,0.9114,354.4000000000001,6076000
2024-05-01,2024,5,May,SKU10,Product A,Food,Chocolate,Large,Bottle,Bandung,3038,30380000,4000,10000,+30%,0.3,3949.4,39494000,0.9873500000000001,50.59999999999991,9114000
2024-05-01,2024,5,May,SKU10,Product A,Food,Chocolate,Large,Bottle,Bandung,3038,30380000,4000,10000,-10%,-0.1,2734.2000000000003,27342000.000000004,0.6835500000000001,1265.7999999999997,-3037999.9999999963
2024-05-01,2024,5,May,SKU10,Product A,Food,Chocolate,Large,Bottle,Bandung,3038,30380000,4000,10000,-20%,-0.2,2430.4,24304000,0.6076,1569.6,-6076000
2024-05-01,2024,5,May,SKU10,Product A,Food,Chocolate,Large,Bottle,Bandung,3038,30380000,4000,10000,-30%,-0.3,2126.6,21266000,0.53165,1873.4,-9114000
2024-05-01,2024,5,May,SKU10,Product A,Food,Chocolate,Large,Bottle,Bandung,3038,30380000,4000,10000,Base,0,3038,30380000,0.7595,962,0
2024-05-01,2024,5,May,SKU11,Product A,Food,Berry,Medium,Box,Jakarta,1979,29685000,5000,15000,+10%,0.1,2176.9,32653500,0.43538000000000004,2823.1,2968500
2024-05-01,2024,5,May,SKU11,Product A,Food,Berry,Medium,Box,Jakarta,1979,29685000,5000,15000,+20%,0.2,2374.7999999999997,35621999.99999999,0.47495999999999994,2625.2000000000003,5936999.999999993
2024-05-01,2024,5,May,SKU11,Product A,Food,Berry,Medium,Box,Jakarta,1979,29685000,5000,15000,+30%,0.3,2572.7000000000003,38590500.00000001,0.5145400000000001,2427.2999999999997,8905500.000000007
2024-05-01,2024,5,May,SKU11,Product A,Food,Berry,Medium,Box,Jakarta,1979,29685000,5000,15000,-10%,-0.1,1781.1000000000001,26716500.000000004,0.35622000000000004,3218.8999999999996,-2968499.9999999963
2024-05-01,2024,5,May,SKU11,Product A,Food,Berry,Medium,Box,Jakarta,1979,29685000,5000,15000,-20%,-0.2,1583.2,23748000,0.31664000000000003,3416.8,-5937000
2024-05-01,2024,5,May,SKU11,Product A,Food,Berry,Medium,Box,Jakarta,1979,29685000,5000,15000,-30%,-0.3,1385.3,20779500,0.27706,3614.7,-8905500
2024-05-01,2024,5,May,SKU11,Product A,Food,Berry,Medium,Box,Jakarta,1979,29685000,5000,15000,Base,0,1979,29685000,0.3958,3021,0
2024-05-01,2024,5,May,SKU12,Product A,Food,Vanilla,Small,Bottle,Bandung,1524,15240000,5000,10000,+10%,0.1,1676.4,16764000,0.33528,3323.6,1524000
2024-05-01,2024,5,May,SKU12,Product A,Food,Vanilla,Small,Bottle,Bandung,1524,15240000,5000,10000,+20%,0.2,1828.8,18288000,0.36576,3171.2,3048000
2024-05-01,2024,5,May,SKU12,Product A,Food,Vanilla,Small,Bottle,Bandung,1524,15240000,5000,10000,+30%,0.3,1981.2,19812000,0.39624000000000004,3018.8,4572000
2024-05-01,2024,5,May,SKU12,Product A,Food,Vanilla,Small,Bottle,Bandung,1524,15240000,5000,10000,-10%,-0.1,1371.6000000000001,13716000.000000002,0.27432,3628.3999999999996,-1523999.9999999981
2024-05-01,2024,5,May,SKU12,Product A,Food,Vanilla,Small,Bottle,Bandung,1524,15240000,5000,10000,-20%,-0.2,1219.2,12192000,0.24384,3780.8,-3048000
2024-05-01,2024,5,May,SKU12,Product A,Food,Vanilla,Small,Bottle,Bandung,1524,15240000,5000,10000,-30%,-0.3,1066.8,10668000,0.21336,3933.2,-4572000
2024-05-01,2024,5,May,SKU12,Product A,Food,Vanilla,Small,Bottle,Bandung,1524,15240000,5000,10000,Base,0,1524,15240000,0.3048,3476,0
2024-06-01,2024,6,June,SKU01,Product B,Food,Berry,Large,Bottle,Jakarta,3463,25972500,6000,7500,+10%,0.1,3809.3,28569750,0.6348833333333334,2190.7,2597250
2024-06-01,2024,6,June,SKU01,Product B,Food,Berry,Large,Bottle,Jakarta,3463,25972500,6000,7500,+20%,0.2,4155.5999999999995,31166999.999999996,0.6925999999999999,1844.4000000000005,5194499.999999996
2024-06-01,2024,6,June,SKU01,Product B,Food,Berry,Large,Bottle,Jakarta,3463,25972500,6000,7500,+30%,0.3,4501.9000000000005,33764250.00000001,0.7503166666666667,1498.0999999999995,7791750.000000007
2024-06-01,2024,6,June,SKU01,Product B,Food,Berry,Large,Bottle,Jakarta,3463,25972500,6000,7500,-10%,-0.1,3116.7000000000003,23375250.000000004,0.5194500000000001,2883.2999999999997,-2597249.9999999963
2024-06-01,2024,6,June,SKU01,Product B,Food,Berry,Large,Bottle,Jakarta,3463,25972500,6000,7500,-20%,-0.2,2770.4,20778000,0.46173333333333333,3229.6,-5194500
2024-06-01,2024,6,June,SKU01,Product B,Food,Berry,Large,Bottle,Jakarta,3463,25972500,6000,7500,-30%,-0.3,2424.1,18180750,0.40401666666666664,3575.9,-7791750
2024-06-01,2024,6,June,SKU01,Product B,Food,Berry,Large,Bottle,Jakarta,3463,25972500,6000,7500,Base,0,3463,25972500,0.5771666666666667,2537,0
2024-06-01,2024,6,June,SKU02,Product B,Food,Original,Small,Box,Bandung,2837,42555000,4000,15000,+10%,0.1,3120.7000000000003,46810500.00000001,0.7801750000000001,879.2999999999997,4255500.000000007
2024-06-01,2024,6,June,SKU02,Product B,Food,Original,Small,Box,Bandung,2837,42555000,4000,15000,+20%,0.2,3404.4,51066000,0.8511,595.5999999999999,8511000
2024-06-01,2024,6,June,SKU02,Product B,Food,Original,Small,Box,Bandung,2837,42555000,4000,15000,+30%,0.3,3688.1,55321500,0.922025,311.9000000000001,12766500
2024-06-01,2024,6,June,SKU02,Product B,Food,Original,Small,Box,Bandung,2837,42555000,4000,15000,-10%,-0.1,2553.3,38299500,0.638325,1446.6999999999998,-4255500
2024-06-01,2024,6,June,SKU02,Product B,Food,Original,Small,Box,Bandung,2837,42555000,4000,15000,-20%,-0.2,2269.6,34044000,0.5674,1730.4,-8511000
2024-06-01,2024,6,June,SKU02,Product B,Food,Original,Small,Box,Bandung,2837,42555000,4000,15000,-30%,-0.3,1985.8999999999999,29788499.999999996,0.49647499999999994,2014.1000000000001,-12766500.000000004
2024-06-01,2024,6,June,SKU02,Product B,Food,Original,Small,Box,Bandung,2837,42555000,4000,15000,Base,0,2837,42555000,0.70925,1163,0
2024-06-01,2024,6,June,SKU03,Product B,Food,Vanilla,Medium,Box,Jakarta,805,12075000,5000,15000,+10%,0.1,885.5000000000001,13282500.000000002,0.17710000000000004,4114.5,1207500.0000000019
2024-06-01,2024,6,June,SKU03,Product B,Food,Vanilla,Medium,Box,Jakarta,805,12075000,5000,15000,+20%,0.2,966,14490000,0.1932,4034,2415000
2024-06-01,2024,6,June,SKU03,Product B,Food,Vanilla,Medium,Box,Jakarta,805,12075000,5000,15000,+30%,0.3,1046.5,15697500,0.2093,3953.5,3622500
2024-06-01,2024,6,June,SKU03,Product B,Food,Vanilla,Medium,Box,Jakarta,805,12075000,5000,15000,-10%,-0.1,724.5,10867500,0.1449,4275.5,-1207500
2024-06-01,2024,6,June,SKU03,Product B,Food,Vanilla,Medium,Box,Jakarta,805,12075000,5000,15000,-20%,-0.2,644,9660000,0.1288,4356,-2415000
2024-06-01,2024,6,June,SKU03,Product B,Food,Vanilla,Medium,Box,Jakarta,805,12075000,5000,15000,-30%,-0.3,563.5,8452500,0.1127,4436.5,-3622500
2024-06-01,2024,6,June,SKU03,Product B,Food,Vanilla,Medium,Box,Jakarta,805,12075000,5000,15000,Base,0,805,12075000,0.161,4195,0
2024-06-01,2024,6,June,SKU04,Product B,Food,Vanilla,Large,Box,Jakarta,3237,32370000,4000,10000,+10%,0.1,3560.7000000000003,35607000,0.890175,439.2999999999997,3237000
2024-06-01,2024,6,June,SKU04,Product B,Food,Vanilla,Large,Box,Jakarta,3237,32370000,4000,10000,+20%,0.2,3884.3999999999996,38844000,0.9711,115.60000000000036,6474000
2024-06-01,2024,6,June,SKU04,Product B,Food,Vanilla,Large,Box,Jakarta,3237,32370000,4000,10000,+30%,0.3,4208.1,42081000,1.052025,-208.10000000000036,9711000
2024-06-01,2024,6,June,SKU04,Product B,Food,Vanilla,Large,Box,Jakarta,3237,32370000,4000,10000,-10%,-0.1,2913.3,29133000,0.728325,1086.6999999999998,-3237000
2024-06-01,2024,6,June,SKU04,Product B,Food,Vanilla,Large,Box,Jakarta,3237,32370000,4000,10000,-20%,-0.2,2589.6000000000004,25896000.000000004,0.6474000000000001,1410.3999999999996,-6473999.999999996
2024-06-01,2024,6,June,SKU04,Product B,Food,Vanilla,Large,Box,Jakarta,3237,32370000,4000,10000,-30%,-0.3,2265.8999999999996,22658999.999999996,0.566475,1734.1000000000004,-9711000.000000004
2024-06-01,2024,6,June,SKU04,Product B,Food,Vanilla,Large,Box,Jakarta,3237,32370000,4000,10000,Base,0,3237,32370000,0.80925,763,0
2024-06-01,2024,6,June,SKU05,Product B,Food,Berry,Medium,Bottle,Bandung,4430,66450000,5000,15000,+10%,0.1,4873,73095000,0.9746,127,6645000
2024-06-01,2024,6,June,SKU05,Product B,Food,Berry,Medium,Bottle,Bandung,4430,66450000,5000,15000,+20%,0.2,5316,79740000,1.0632,-316,13290000
2024-06-01,2024,6,June,SKU05,Product B,Food,Berry,Medium,Bottle,Bandung,4430,66450000,5000,15000,+30%,0.3,5759,86385000,1.1518,-759,19935000
2024-06-01,2024,6,June,SKU05,Product B,Food,Berry,Medium,Bottle,Bandung,4430,66450000,5000,15000,-10%,-0.1,3987,59805000,0.7974,1013,-6645000
2024-06-01,2024,6,June,SKU05,Product B,Food,Berry,Medium,Bottle,Bandung,4430,66450000,5000,15000,-20%,-0.2,3544,53160000,0.7088,1456,-13290000
2024-06-01,2024,6,June,SKU05,Product B,Food,Berry,Medium,Bottle,Bandung,4430,66450000,5000,15000,-30%,-0.3,3101,46515000,0.6202,1899,-19935000
2024-06-01,2024,6,June,SKU05,Product B,Food,Berry,Medium,Bottle,Bandung,4430,66450000,5000,15000,Base,0,4430,66450000,0.886,570,0
2024-06-01,2024,6,June,SKU06,Product B,Food,Berry,Medium,Box,Bandung,4547,22735000,6000,5000,+10%,0.1,5001.700000000001,25008500.000000004,0.8336166666666668,998.2999999999993,2273500.0000000037
2024-06-01,2024,6,June,SKU06,Product B,Food,Berry,Medium,Box,Bandung,4547,22735000,6000,5000,+20%,0.2,5456.4,27282000,0.9094,543.6000000000004,4547000
2024-06-01,2024,6,June,SKU06,Product B,Food,Berry,Medium,Box,Bandung,4547,22735000,6000,5000,+30%,0.3,5911.1,29555500,0.9851833333333334,88.89999999999964,6820500
2024-06-01,2024,6,June,SKU06,Product B,Food,Berry,Medium,Box,Bandung,4547,22735000,6000,5000,-10%,-0.1,4092.3,20461500,0.68205,1907.6999999999998,-2273500
2024-06-01,2024,6,June,SKU06,Product B,Food,Berry,Medium,Box,Bandung,4547,22735000,6000,5000,-20%,-0.2,3637.6000000000004,18188000,0.6062666666666667,2362.3999999999996,-4547000
2024-06-01,2024,6,June,SKU06,Product B,Food,Berry,Medium,Box,Bandung,4547,22735000,6000,5000,-30%,-0.3,3182.8999999999996,15914499.999999998,0.5304833333333333,2817.1000000000004,-6820500.000000002
2024-06-01,2024,6,June,SKU06,Product B,Food,Berry,Medium,Box,Bandung,4547,22735000,6000,5000,Base,0,4547,22735000,0.7578333333333334,1453,0
2024-06-01,2024,6,June,SKU07,Product B,Food,Vanilla,Large,Box,Jakarta,2030,20300000,6000,10000,+10%,0.1,2233,22330000,0.37216666666666665,3767,2030000
2024-06-01,2024,6,June,SKU07,Product B,Food,Vanilla,Large,Box,Jakarta,2030,20300000,6000,10000,+20%,0.2,2436,24360000,0.406,3564,4060000
2024-06-01,2024,6,June,SKU07,Product B,Food,Vanilla,Large,Box,Jakarta,2030,20300000,6000,10000,+30%,0.3,2639,26390000,0.43983333333333335,3361,6090000
2024-06-01,2024,6,June,SKU07,Product B,Food,Vanilla,Large,Box,Jakarta,2030,20300000,6000,10000,-10%,-0.1,1827,18270000,0.3045,4173,-2030000
2024-06-01,2024,6,June,SKU07,Product B,Food,Vanilla,Large,Box,Jakarta,2030,20300000,6000,10000,-20%,-0.2,1624,16240000,0.27066666666666667,4376,-4060000
2024-06-01,2024,6,June,SKU07,Product B,Food,Vanilla,Large,Box,Jakarta,2030,20300000,6000,10000,-30%,-0.3,1421,14210000,0.23683333333333334,4579,-6090000
2024-06-01,2024,6,June,SKU07,Product B,Food,Vanilla,Large,Box,Jakarta,2030,20300000,6000,10000,Base,0,2030,20300000,0.3383333333333333,3970,0
2024-06-01,2024,6,June,SKU08,Product B,Food,Vanilla,Small,Bottle,Jakarta,2580,38700000,4000,15000,+10%,0.1,2838.0000000000005,42570000.00000001,0.7095000000000001,1161.9999999999995,3870000.0000000075
2024-06-01,2024,6,June,SKU08,Product B,Food,Vanilla,Small,Bottle,Jakarta,2580,38700000,4000,15000,+20%,0.2,3096,46440000,0.774,904,7740000
2024-06-01,2024,6,June,SKU08,Product B,Food,Vanilla,Small,Bottle,Jakarta,2580,38700000,4000,15000,+30%,0.3,3354,50310000,0.8385,646,11610000
2024-06-01,2024,6,June,SKU08,Product B,Food,Vanilla,Small,Bottle,Jakarta,2580,38700000,4000,15000,-10%,-0.1,2322,34830000,0.5805,1678,-3870000
2024-06-01,2024,6,June,SKU08,Product B,Food,Vanilla,Small,Bottle,Jakarta,2580,38700000,4000,15000,-20%,-0.2,2064,30960000,0.516,1936,-7740000
2024-06-01,2024,6,June,SKU08,Product B,Food,Vanilla,Small,Bottle,Jakarta,2580,38700000,4000,15000,-30%,-0.3,1805.9999999999998,27089999.999999996,0.45149999999999996,2194,-11610000.000000004
2024-06-01,2024,6,June,SKU08,Product B,Food,Vanilla,Small,Bottle,Jakarta,2580,38700000,4000,15000,Base,0,2580,38700000,0.645,1420,0
2024-06-01,2024,6,June,SKU09,Product B,Food,Chocolate,Medium,Bottle,Jakarta,2985,22387500,6000,7500,+10%,0.1,3283.5000000000005,24626250.000000004,0.5472500000000001,2716.4999999999995,2238750.0000000037
2024-06-01,2024,6,June,SKU09,Product B,Food,Chocolate,Medium,Bottle,Jakarta,2985,22387500,6000,7500,+20%,0.2,3582,26865000,0.597,2418,4477500
2024-06-01,2024,6,June,SKU09,Product B,Food,Chocolate,Medium,Bottle,Jakarta,2985,22387500,6000,7500,+30%,0.3,3880.5,29103750,0.64675,2119.5,6716250
2024-06-01,2024,6,June,SKU09,Product B,Food,Chocolate,Medium,Bottle,Jakarta,2985,22387500,6000,7500,-10%,-0.1,2686.5,20148750,0.44775,3313.5,-2238750
2024-06-01,2024,6,June,SKU09,Product B,Food,Chocolate,Medium,Bottle,Jakarta,2985,22387500,6000,7500,-20%,-0.2,2388,17910000,0.398,3612,-4477500
2024-06-01,2024,6,June,SKU09,Product B,Food,Chocolate,Medium,Bottle,Jakarta,2985,22387500,6000,7500,-30%,-0.3,2089.5,15671250,0.34825,3910.5,-6716250
2024-06-01,2024,6,June,SKU09,Product B,Food,Chocolate,Medium,Bottle,Jakarta,2985,22387500,6000,7500,Base,0,2985,22387500,0.4975,3015,0
2024-06-01,2024,6,June,SKU10,Product B,Food,Berry,Large,Box,Jakarta,2156,10780000,6000,5000,+10%,0.1,2371.6000000000004,11858000.000000002,0.3952666666666667,3628.3999999999996,1078000.0000000019
2024-06-01,2024,6,June,SKU10,Product B,Food,Berry,Large,Box,Jakarta,2156,10780000,6000,5000,+20%,0.2,2587.2,12936000,0.43119999999999997,3412.8,2156000
2024-06-01,2024,6,June,SKU10,Product B,Food,Berry,Large,Box,Jakarta,2156,10780000,6000,5000,+30%,0.3,2802.8,14014000,0.46713333333333334,3197.2,3234000
2024-06-01,2024,6,June,SKU10,Product B,Food,Berry,Large,Box,Jakarta,2156,10780000,6000,5000,-10%,-0.1,1940.4,9702000,0.3234,4059.6,-1078000
2024-06-01,2024,6,June,SKU10,Product B,Food,Berry,Large,Box,Jakarta,2156,10780000,6000,5000,-20%,-0.2,1724.8000000000002,8624000,0.2874666666666667,4275.2,-2156000
2024-06-01,2024,6,June,SKU10,Product B,Food,Berry,Large,Box,Jakarta,2156,10780000,6000,5000,-30%,-0.3,1509.1999999999998,7545999.999999999,0.2515333333333333,4490.8,-3234000.000000001
2024-06-01,2024,6,June,SKU10,Product B,Food,Berry,Large,Box,Jakarta,2156,10780000,6000,5000,Base,0,2156,10780000,0.35933333333333334,3844,0
2024-06-01,2024,6,June,SKU11,Product B,Food,Chocolate,Small,Box,Jakarta,1798,8990000,6000,5000,+10%,0.1,1977.8000000000002,9889000,0.3296333333333334,4022.2,899000
2024-06-01,2024,6,June,SKU11,Product B,Food,Chocolate,Small,Box,Jakarta,1798,8990000,6000,5000,+20%,0.2,2157.6,10788000,0.3596,3842.4,1798000
2024-06-01,2024,6,June,SKU11,Product B,Food,Chocolate,Small,Box,Jakarta,1798,8990000,6000,5000,+30%,0.3,2337.4,11687000,0.38956666666666667,3662.6,2697000
2024-06-01,2024,6,June,SKU11,Product B,Food,Chocolate,Small,Box,Jakarta,1798,8990000,6000,5000,-10%,-0.1,1618.2,8091000,0.2697,4381.8,-899000
2024-06-01,2024,6,June,SKU11,Product B,Food,Chocolate,Small,Box,Jakarta,1798,8990000,6000,5000,-20%,-0.2,1438.4,7192000,0.23973333333333335,4561.6,-1798000
2024-06-01,2024,6,June,SKU11,Product B,Food,Chocolate,Small,Box,Jakarta,1798,8990000,6000,5000,-30%,-0.3,1258.6,6293000,0.20976666666666666,4741.4,-2697000
2024-06-01,2024,6,June,SKU11,Product B,Food,Chocolate,Small,Box,Jakarta,1798,8990000,6000,5000,Base,0,1798,8990000,0.2996666666666667,4202,0
2024-06-01,2024,6,June,SKU12,Product B,Food,Vanilla,Large,Box,Bandung,5240,39300000,6000,7500,+10%,0.1,5764.000000000001,43230000.00000001,0.9606666666666668,235.9999999999991,3930000.0000000075
2024-06-01,2024,6,June,SKU12,Product B,Food,Vanilla,Large,Box,Bandung,5240,39300000,6000,7500,+20%,0.2,6288,47160000,1.048,-288,7860000
2024-06-01,2024,6,June,SKU12,Product B,Food,Vanilla,Large,Box,Bandung,5240,39300000,6000,7500,+30%,0.3,6812,51090000,1.1353333333333333,-812,11790000
2024-06-01,2024,6,June,SKU12,Product B,Food,Vanilla,Large,Box,Bandung,5240,39300000,6000,7500,-10%,-0.1,4716,35370000,0.786,1284,-3930000
2024-06-01,2024,6,June,SKU12,Product B,Food,Vanilla,Large,Box,Bandung,5240,39300000,6000,7500,-20%,-0.2,4192,31440000,0.6986666666666667,1808,-7860000
2024-06-01,2024,6,June,SKU12,Product B,Food,Vanilla,Large,Box,Bandung,5240,39300000,6000,7500,-30%,-0.3,3667.9999999999995,27509999.999999996,0.6113333333333333,2332.0000000000005,-11790000.000000004
2024-06-01,2024,6,June,SKU12,Product B,Food,Vanilla,Large,Box,Bandung,5240,39300000,6000,7500,Base,0,5240,39300000,0.8733333333333333,760,0
2024-07-01,2024,7,July,SKU01,Product C,Drink,Berry,Medium,Bottle,Bandung,2607,39105000,4000,15000,+10%,0.1,2867.7000000000003,43015500.00000001,0.716925,1132.2999999999997,3910500.0000000075
2024-07-01,2024,7,July,SKU01,Product C,Drink,Berry,Medium,Bottle,Bandung,2607,39105000,4000,15000,+20%,0.2,3128.4,46926000,0.7821,871.5999999999999,7821000
2024-07-01,2024,7,July,SKU01,Product C,Drink,Berry,Medium,Bottle,Bandung,2607,39105000,4000,15000,+30%,0.3,3389.1,50836500,0.847275,610.9000000000001,11731500
2024-07-01,2024,7,July,SKU01,Product C,Drink,Berry,Medium,Bottle,Bandung,2607,39105000,4000,15000,-10%,-0.1,2346.3,35194500,0.5865750000000001,1653.6999999999998,-3910500
2024-07-01,2024,7,July,SKU01,Product C,Drink,Berry,Medium,Bottle,Bandung,2607,39105000,4000,15000,-20%,-0.2,2085.6,31284000,0.5214,1914.4,-7821000
2024-07-01,2024,7,July,SKU01,Product C,Drink,Berry,Medium,Bottle,Bandung,2607,39105000,4000,15000,-30%,-0.3,1824.8999999999999,27373499.999999996,0.456225,2175.1000000000004,-11731500.000000004
2024-07-01,2024,7,July,SKU01,Product C,Drink,Berry,Medium,Bottle,Bandung,2607,39105000,4000,15000,Base,0,2607,39105000,0.65175,1393,0
2024-07-01,2024,7,July,SKU02,Product C,Drink,Berry,Medium,Box,Jakarta,742,5565000,4000,7500,+10%,0.1,816.2,6121500,0.20405,3183.8,556500
2024-07-01,2024,7,July,SKU02,Product C,Drink,Berry,Medium,Box,Jakarta,742,5565000,4000,7500,+20%,0.2,890.4,6678000,0.2226,3109.6,1113000
2024-07-01,2024,7,July,SKU02,Product C,Drink,Berry,Medium,Box,Jakarta,742,5565000,4000,7500,+30%,0.3,964.6,7234500,0.24115,3035.4,1669500
2024-07-01,2024,7,July,SKU02,Product C,Drink,Berry,Medium,Box,Jakarta,742,5565000,4000,7500,-10%,-0.1,667.8000000000001,5008500.000000001,0.16695000000000002,3332.2,-556499.9999999991
2024-07-01,2024,7,July,SKU02,Product C,Drink,Berry,Medium,Box,Jakarta,742,5565000,4000,7500,-20%,-0.2,593.6,4452000,0.1484,3406.4,-1113000
2024-07-01,2024,7,July,SKU02,Product C,Drink,Berry,Medium,Box,Jakarta,742,5565000,4000,7500,-30%,-0.3,519.4,3895500,0.12985,3480.6,-1669500
2024-07-01,2024,7,July,SKU02,Product C,Drink,Berry,Medium,Box,Jakarta,742,5565000,4000,7500,Base,0,742,5565000,0.1855,3258,0
2024-07-01,2024,7,July,SKU03,Product C,Drink,Original,Small,Bottle,Bandung,5413,40597500,6000,7500,+10%,0.1,5954.3,44657250,0.9923833333333334,45.69999999999982,4059750
2024-07-01,2024,7,July,SKU03,Product C,Drink,Original,Small,Bottle,Bandung,5413,40597500,6000,7500,+20%,0.2,6495.5999999999995,48716999.99999999,1.0826,-495.59999999999945,8119499.999999993
2024-07-01,2024,7,July,SKU03,Product C,Drink,Original,Small,Bottle,Bandung,5413,40597500,6000,7500,+30%,0.3,7036.9000000000005,52776750.00000001,1.1728166666666668,-1036.9000000000005,12179250.000000007
2024-07-01,2024,7,July,SKU03,Product C,Drink,Original,Small,Bottle,Bandung,5413,40597500,6000,7500,-10%,-0.1,4871.7,36537750,0.81195,1128.3000000000002,-4059750
2024-07-01,2024,7,July,SKU03,Product C,Drink,Original,Small,Bottle,Bandung,5413,40597500,6000,7500,-20%,-0.2,4330.4000000000005,32478000.000000004,0.7217333333333334,1669.5999999999995,-8119499.999999996
2024-07-01,2024,7,July,SKU03,Product C,Drink,Original,Small,Bottle,Bandung,5413,40597500,6000,7500,-30%,-0.3,3789.1,28418250,0.6315166666666666,2210.9,-12179250
2024-07-01,2024,7,July,SKU03,Product C,Drink,Original,Small,Bottle,Bandung,5413,40597500,6000,7500,Base,0,5413,40597500,0.9021666666666667,587,0
2024-07-01,2024,7,July,SKU04,Product C,Drink,Chocolate,Medium,Box,Jakarta,3125,15625000,5000,5000,+10%,0.1,3437.5000000000005,17187500.000000004,0.6875000000000001,1562.4999999999995,1562500.0000000037
2024-07-01,2024,7,July,SKU04,Product C,Drink,Chocolate,Medium,Box,Jakarta,3125,15625000,5000,5000,+20%,0.2,3750,18750000,0.75,1250,3125000
2024-07-01,2024,7,July,SKU04,Product C,Drink,Chocolate,Medium,Box,Jakarta,3125,15625000,5000,5000,+30%,0.3,4062.5,20312500,0.8125,937.5,4687500
2024-07-01,2024,7,July,SKU04,Product C,Drink,Chocolate,Medium,Box,Jakarta,3125,15625000,5000,5000,-10%,-0.1,2812.5,14062500,0.5625,2187.5,-1562500
2024-07-01,2024,7,July,SKU04,Product C,Drink,Chocolate,Medium,Box,Jakarta,3125,15625000,5000,5000,-20%,-0.2,2500,12500000,0.5,2500,-3125000
2024-07-01,2024,7,July,SKU04,Product C,Drink,Chocolate,Medium,Box,Jakarta,3125,15625000,5000,5000,-30%,-0.3,2187.5,10937500,0.4375,2812.5,-4687500
2024-07-01,2024,7,July,SKU04,Product C,Drink,Chocolate,Medium,Box,Jakarta,3125,15625000,5000,5000,Base,0,3125,15625000,0.625,1875,0
2024-07-01,2024,7,July,SKU05,Product C,Drink,Vanilla,Large,Bottle,Jakarta,2825,28250000,4000,10000,+10%,0.1,3107.5000000000005,31075000.000000004,0.7768750000000001,892.4999999999995,2825000.0000000037
2024-07-01,2024,7,July,SKU05,Product C,Drink,Vanilla,Large,Bottle,Jakarta,2825,28250000,4000,10000,+20%,0.2,3390,33900000,0.8475,610,5650000
2024-07-01,2024,7,July,SKU05,Product C,Drink,Vanilla,Large,Bottle,Jakarta,2825,28250000,4000,10000,+30%,0.3,3672.5,36725000,0.918125,327.5,8475000
2024-07-01,2024,7,July,SKU05,Product C,Drink,Vanilla,Large,Bottle,Jakarta,2825,28250000,4000,10000,-10%,-0.1,2542.5,25425000,0.635625,1457.5,-2825000
2024-07-01,2024,7,July,SKU05,Product C,Drink,Vanilla,Large,Bottle,Jakarta,2825,28250000,4000,10000,-20%,-0.2,2260,22600000,0.565,1740,-5650000
2024-07-01,2024,7,July,SKU05,Product C,Drink,Vanilla,Large,Bottle,Jakarta,2825,28250000,4000,10000,-30%,-0.3,1977.4999999999998,19774999.999999996,0.49437499999999995,2022.5000000000002,-8475000.000000004
2024-07-01,2024,7,July,SKU05,Product C,Drink,Vanilla,Large,Bottle,Jakarta,2825,28250000,4000,10000,Base,0,2825,28250000,0.70625,1175,0
2024-07-01,2024,7,July,SKU06,Product C,Drink,Berry,Large,Bottle,Jakarta,3276,32760000,5000,10000,+10%,0.1,3603.6000000000004,36036000,0.72072,1396.3999999999996,3276000
2024-07-01,2024,7,July,SKU06,Product C,Drink,Berry,Large,Bottle,Jakarta,3276,32760000,5000,10000,+20%,0.2,3931.2,39312000,0.7862399999999999,1068.8000000000002,6552000
2024-07-01,2024,7,July,SKU06,Product C,Drink,Berry,Large,Bottle,Jakarta,3276,32760000,5000,10000,+30%,0.3,4258.8,42588000,0.8517600000000001,741.1999999999998,9828000
2024-07-01,2024,7,July,SKU06,Product C,Drink,Berry,Large,Bottle,Jakarta,3276,32760000,5000,10000,-10%,-0.1,2948.4,29484000,0.58968,2051.6,-3276000
2024-07-01,2024,7,July,SKU06,Product C,Drink,Berry,Large,Bottle,Jakarta,3276,32760000,5000,10000,-20%,-0.2,2620.8,26208000,0.5241600000000001,2379.2,-6552000
2024-07-01,2024,7,July,SKU06,Product C,Drink,Berry,Large,Bottle,Jakarta,3276,32760000,5000,10000,-30%,-0.3,2293.2,22932000,0.45863999999999994,2706.8,-9828000
2024-07-01,2024,7,July,SKU06,Product C,Drink,Berry,Large,Bottle,Jakarta,3276,32760000,5000,10000,Base,0,3276,32760000,0.6552,1724,0
2024-07-01,2024,7,July,SKU07,Product C,Drink,Chocolate,Large,Box,Bandung,1662,24930000,5000,15000,+10%,0.1,1828.2,27423000,0.36564,3171.8,2493000
2024-07-01,2024,7,July,SKU07,Product C,Drink,Chocolate,Large,Box,Bandung,1662,24930000,5000,15000,+20%,0.2,1994.3999999999999,29915999.999999996,0.39887999999999996,3005.6000000000004,4985999.999999996
2024-07-01,2024,7,July,SKU07,Product C,Drink,Chocolate,Large,Box,Bandung,1662,24930000,5000,15000,+30%,0.3,2160.6,32409000,0.43212,2839.4,7479000
2024-07-01,2024,7,July,SKU07,Product C,Drink,Chocolate,Large,Box,Bandung,1662,24930000,5000,15000,-10%,-0.1,1495.8,22437000,0.29916,3504.2,-2493000
2024-07-01,2024,7,July,SKU07,Product C,Drink,Chocolate,Large,Box,Bandung,1662,24930000,5000,15000,-20%,-0.2,1329.6000000000001,19944000.000000004,0.26592000000000005,3670.3999999999996,-4985999.999999996
2024-07-01,2024,7,July,SKU07,Product C,Drink,Chocolate,Large,Box,Bandung,1662,24930000,5000,15000,-30%,-0.3,1163.3999999999999,17450999.999999996,0.23267999999999997,3836.6000000000004,-7479000.000000004
2024-07-01,2024,7,July,SKU07,Product C,Drink,Chocolate,Large,Box,Bandung,1662,24930000,5000,15000,Base,0,1662,24930000,0.3324,3338,0
2024-07-01,2024,7,July,SKU08,Product C,Drink,Berry,Medium,Bottle,Bandung,3857,57855000,4000,15000,+10%,0.1,4242.700000000001,63640500.00000001,1.0606750000000003,-242.70000000000073,5785500.000000007
2024-07-01,2024,7,July,SKU08,Product C,Drink,Berry,Medium,Bottle,Bandung,3857,57855000,4000,15000,+20%,0.2,4628.4,69426000,1.1571,-628.3999999999996,11571000
2024-07-01,2024,7,July,SKU08,Product C,Drink,Berry,Medium,Bottle,Bandung,3857,57855000,4000,15000,+30%,0.3,5014.1,75211500,1.253525,-1014.1000000000004,17356500
2024-07-01,2024,7,July,SKU08,Product C,Drink,Berry,Medium,Bottle,Bandung,3857,57855000,4000,15000,-10%,-0.1,3471.3,52069500,0.8678250000000001,528.6999999999998,-5785500
2024-07-01,2024,7,July,SKU08,Product C,Drink,Berry,Medium,Bottle,Bandung,3857,57855000,4000,15000,-20%,-0.2,3085.6000000000004,46284000.00000001,0.7714000000000001,914.3999999999996,-11570999.999999993
2024-07-01,2024,7,July,SKU08,Product C,Drink,Berry,Medium,Bottle,Bandung,3857,57855000,4000,15000,-30%,-0.3,2699.8999999999996,40498499.99999999,0.6749749999999999,1300.1000000000004,-17356500.000000007
2024-07-01,2024,7,July,SKU08,Product C,Drink,Berry,Medium,Bottle,Bandung,3857,57855000,4000,15000,Base,0,3857,57855000,0.96425,143,0
2024-07-01,2024,7,July,SKU09,Product C,Drink,Vanilla,Large,Bottle,Jakarta,4283,32122500,5000,7500,+10%,0.1,4711.3,35334750,0.94226,288.6999999999998,3212250
2024-07-01,2024,7,July,SKU09,Product C,Drink,Vanilla,Large,Bottle,Jakarta,4283,32122500,5000,7500,+20%,0.2,5139.5999999999995,38546999.99999999,1.02792,-139.59999999999945,6424499.999999993
2024-07-01,2024,7,July,SKU09,Product C,Drink,Vanilla,Large,Bottle,Jakarta,4283,32122500,5000,7500,+30%,0.3,5567.9000000000005,41759250.00000001,1.11358,-567.9000000000005,9636750.000000007
2024-07-01,2024,7,July,SKU09,Product C,Drink,Vanilla,Large,Bottle,Jakarta,4283,32122500,5000,7500,-10%,-0.1,3854.7000000000003,28910250.000000004,0.7709400000000001,1145.2999999999997,-3212249.9999999963
2024-07-01,2024,7,July,SKU09,Product C,Drink,Vanilla,Large,Bottle,Jakarta,4283,32122500,5000,7500,-20%,-0.2,3426.4,25698000,0.68528,1573.6,-6424500
2024-07-01,2024,7,July,SKU09,Product C,Drink,Vanilla,Large,Bottle,Jakarta,4283,32122500,5000,7500,-30%,-0.3,2998.1,22485750,0.5996199999999999,2001.9,-9636750
2024-07-01,2024,7,July,SKU09,Product C,Drink,Vanilla,Large,Bottle,Jakarta,4283,32122500,5000,7500,Base,0,4283,32122500,0.8566,717,0
2024-07-01,2024,7,July,SKU10,Product C,Drink,Original,Large,Box,Bandung,1952,19520000,4000,10000,+10%,0.1,2147.2000000000003,21472000.000000004,0.5368,1852.7999999999997,1952000.0000000037
2024-07-01,2024,7,July,SKU10,Product C,Drink,Original,Large,Box,Bandung,1952,19520000,4000,10000,+20%,0.2,2342.4,23424000,0.5856,1657.6,3904000
2024-07-01,2024,7,July,SKU10,Product C,Drink,Original,Large,Box,Bandung,1952,19520000,4000,10000,+30%,0.3,2537.6,25376000,0.6344,1462.4,5856000
2024-07-01,2024,7,July,SKU10,Product C,Drink,Original,Large,Box,Bandung,1952,19520000,4000,10000,-10%,-0.1,1756.8,17568000,0.4392,2243.2,-1952000
2024-07-01,2024,7,July,SKU10,Product C,Drink,Original,Large,Box,Bandung,1952,19520000,4000,10000,-20%,-0.2,1561.6000000000001,15616000.000000002,0.3904,2438.3999999999996,-3903999.999999998
2024-07-01,2024,7,July,SKU10,Product C,Drink,Original,Large,Box,Bandung,1952,19520000,4000,10000,-30%,-0.3,1366.3999999999999,13663999.999999998,0.34159999999999996,2633.6000000000004,-5856000.000000002
2024-07-01,2024,7,July,SKU10,Product C,Drink,Original,Large,Box,Bandung,1952,19520000,4000,10000,Base,0,1952,19520000,0.488,2048,0
2024-07-01,2024,7,July,SKU11,Product C,Drink,Berry,Small,Box,Jakarta,3772,28290000,6000,7500,+10%,0.1,4149.200000000001,31119000.000000004,0.6915333333333334,1850.7999999999993,2829000.0000000037
2024-07-01,2024,7,July,SKU11,Product C,Drink,Berry,Small,Box,Jakarta,3772,28290000,6000,7500,+20%,0.2,4526.4,33948000,0.7544,1473.6000000000004,5658000
2024-07-01,2024,7,July,SKU11,Product C,Drink,Berry,Small,Box,Jakarta,3772,28290000,6000,7500,+30%,0.3,4903.6,36777000,0.8172666666666667,1096.3999999999996,8487000
2024-07-01,2024,7,July,SKU11,Product C,Drink,Berry,Small,Box,Jakarta,3772,28290000,6000,7500,-10%,-0.1,3394.8,25461000,0.5658000000000001,2605.2,-2829000
2024-07-01,2024,7,July,SKU11,Product C,Drink,Berry,Small,Box,Jakarta,3772,28290000,6000,7500,-20%,-0.2,3017.6000000000004,22632000.000000004,0.5029333333333333,2982.3999999999996,-5657999.999999996
2024-07-01,2024,7,July,SKU11,Product C,Drink,Berry,Small,Box,Jakarta,3772,28290000,6000,7500,-30%,-0.3,2640.3999999999996,19802999.999999996,0.4400666666666666,3359.6000000000004,-8487000.000000004
2024-07-01,2024,7,July,SKU11,Product C,Drink,Berry,Small,Box,Jakarta,3772,28290000,6000,7500,Base,0,3772,28290000,0.6286666666666667,2228,0
2024-07-01,2024,7,July,SKU12,Product C,Drink,Vanilla,Medium,Box,Bandung,1602,8010000,5000,5000,+10%,0.1,1762.2,8811000,0.35244000000000003,3237.8,801000
2024-07-01,2024,7,July,SKU12,Product C,Drink,Vanilla,Medium,Box,Bandung,1602,8010000,5000,5000,+20%,0.2,1922.3999999999999,9612000,0.38448,3077.6000000000004,1602000
2024-07-01,2024,7,July,SKU12,Product C,Drink,Vanilla,Medium,Box,Bandung,1602,8010000,5000,5000,+30%,0.3,2082.6,10413000,0.41652,2917.4,2403000
2024-07-01,2024,7,July,SKU12,Product C,Drink,Vanilla,Medium,Box,Bandung,1602,8010000,5000,5000,-10%,-0.1,1441.8,7209000,0.28836,3558.2,-801000
2024-07-01,2024,7,July,SKU12,Product C,Drink,Vanilla,Medium,Box,Bandung,1602,8010000,5000,5000,-20%,-0.2,1281.6000000000001,6408000.000000001,0.25632000000000005,3718.3999999999996,-1601999.999999999
2024-07-01,2024,7,July,SKU12,Product C,Drink,Vanilla,Medium,Box,Bandung,1602,8010000,5000,5000,-30%,-0.3,1121.3999999999999,5606999.999999999,0.22427999999999998,3878.6000000000004,-2403000.000000001
2024-07-01,2024,7,July,SKU12,Product C,Drink,Vanilla,Medium,Box,Bandung,1602,8010000,5000,5000,Base,0,1602,8010000,0.3204,3398,0
2024-08-01,2024,8,August,SKU01,Product D,Drink,Berry,Large,Box,Jakarta,4211,21055000,5000,5000,+10%,0.1,4632.1,23160500,0.92642,367.89999999999964,2105500
2024-08-01,2024,8,August,SKU01,Product D,Drink,Berry,Large,Box,Jakarta,4211,21055000,5000,5000,+20%,0.2,5053.2,25266000,1.01064,-53.19999999999982,4211000
2024-08-01,2024,8,August,SKU01,Product D,Drink,Berry,Large,Box,Jakarta,4211,21055000,5000,5000,+30%,0.3,5474.3,27371500,1.09486,-474.3000000000002,6316500
2024-08-01,2024,8,August,SKU01,Product D,Drink,Berry,Large,Box,Jakarta,4211,21055000,5000,5000,-10%,-0.1,3789.9,18949500,0.75798,1210.1,-2105500
2024-08-01,2024,8,August,SKU01,Product D,Drink,Berry,Large,Box,Jakarta,4211,21055000,5000,5000,-20%,-0.2,3368.8,16844000,0.67376,1631.1999999999998,-4211000
2024-08-01,2024,8,August,SKU01,Product D,Drink,Berry,Large,Box,Jakarta,4211,21055000,5000,5000,-30%,-0.3,2947.7,14738500,0.58954,2052.3,-6316500
2024-08-01,2024,8,August,SKU01,Product D,Drink,Berry,Large,Box,Jakarta,4211,21055000,5000,5000,Base,0,4211,21055000,0.8422,789,0
2024-08-01,2024,8,August,SKU02,Product D,Drink,Chocolate,Small,Box,Bandung,670,5025000,4000,7500,+10%,0.1,737.0000000000001,5527500.000000001,0.18425000000000002,3263,502500.00000000093
2024-08-01,2024,8,August,SKU02,Product D,Drink,Chocolate,Small,Box,Bandung,670,5025000,4000,7500,+20%,0.2,804,6030000,0.201,3196,1005000
2024-08-01,2024,8,August,SKU02,Product D,Drink,Chocolate,Small,Box,Bandung,670,5025000,4000,7500,+30%,0.3,871,6532500,0.21775,3129,1507500
2024-08-01,2024,8,August,SKU02,Product D,Drink,Chocolate,Small,Box,Bandung,670,5025000,4000,7500,-10%,-0.1,603,4522500,0.15075,3397,-502500
2024-08-01,2024,8,August,SKU02,Product D,Drink,Chocolate,Small,Box,Bandung,670,5025000,4000,7500,-20%,-0.2,536,4020000,0.134,3464,-1005000
2024-08-01,2024,8,August,SKU02,Product D,Drink,Chocolate,Small,Box,Bandung,670,5025000,4000,7500,-30%,-0.3,468.99999999999994,3517499.9999999995,0.11724999999999998,3531,-1507500.0000000005
2024-08-01,2024,8,August,SKU02,Product D,Drink,Chocolate,Small,Box,Bandung,670,5025000,4000,7500,Base,0,670,5025000,0.1675,3330,0
2024-08-01,2024,8,August,SKU03,Product D,Drink,Original,Large,Bottle,Bandung,3059,30590000,4000,10000,+10%,0.1,3364.9,33649000,0.841225,635.0999999999999,3059000
2024-08-01,2024,8,August,SKU03,Product D,Drink,Original,Large,Bottle,Bandung,3059,30590000,4000,10000,+20%,0.2,3670.7999999999997,36708000,0.9177,329.2000000000003,6118000
2024-08-01,2024,8,August,SKU03,Product D,Drink,Original,Large,Bottle,Bandung,3059,30590000,4000,10000,+30%,0.3,3976.7000000000003,39767000,0.994175,23.299999999999727,9177000
2024-08-01,2024,8,August,SKU03,Product D,Drink,Original,Large,Bottle,Bandung,3059,30590000,4000,10000,-10%,-0.1,2753.1,27531000,0.688275,1246.9,-3059000
2024-08-01,2024,8,August,SKU03,Product D,Drink,Original,Large,Bottle,Bandung,3059,30590000,4000,10000,-20%,-0.2,2447.2000000000003,24472000.000000004,0.6118000000000001,1552.7999999999997,-6117999.999999996
2024-08-01,2024,8,August,SKU03,Product D,Drink,Original,Large,Bottle,Bandung,3059,30590000,4000,10000,-30%,-0.3,2141.2999999999997,21412999.999999996,0.5353249999999999,1858.7000000000003,-9177000.000000004
2024-08-01,2024,8,August,SKU03,Product D,Drink,Original,Large,Bottle,Bandung,3059,30590000,4000,10000,Base,0,3059,30590000,0.76475,941,0
2024-08-01,2024,8,August,SKU04,Product D,Drink,Berry,Small,Bottle,Bandung,3274,49110000,4000,15000,+10%,0.1,3601.4,54021000,0.90035,398.5999999999999,4911000
2024-08-01,2024,8,August,SKU04,Product D,Drink,Berry,Small,Bottle,Bandung,3274,49110000,4000,15000,+20%,0.2,3928.7999999999997,58931999.99999999,0.9822,71.20000000000027,9821999.999999993
2024-08-01,2024,8,August,SKU04,Product D,Drink,Berry,Small,Bottle,Bandung,3274,49110000,4000,15000,+30%,0.3,4256.2,63843000,1.06405,-256.1999999999998,14733000
2024-08-01,2024,8,August,SKU04,Product D,Drink,Berry,Small,Bottle,Bandung,3274,49110000,4000,15000,-10%,-0.1,2946.6,44199000,0.73665,1053.4,-4911000
2024-08-01,2024,8,August,SKU04,Product D,Drink,Berry,Small,Bottle,Bandung,3274,49110000,4000,15000,-20%,-0.2,2619.2000000000003,39288000.00000001,0.6548,1380.7999999999997,-9821999.999999993
2024-08-01,2024,8,August,SKU04,Product D,Drink,Berry,Small,Bottle,Bandung,3274,49110000,4000,15000,-30%,-0.3,2291.7999999999997,34376999.99999999,0.57295,1708.2000000000003,-14733000.000000007
2024-08-01,2024,8,August,SKU04,Product D,Drink,Berry,Small,Bottle,Bandung,3274,49110000,4000,15000,Base,0,3274,49110000,0.8185,726,0
2024-08-01,2024,8,August,SKU05,Product D,Drink,Berry,Small,Bottle,Bandung,1286,6430000,4000,5000,+10%,0.1,1414.6000000000001,7073000.000000001,0.35365,2585.3999999999996,643000.0000000009
2024-08-01,2024,8,August,SKU05,Product D,Drink,Berry,Small,Bottle,Bandung,1286,6430000,4000,5000,+20%,0.2,1543.2,7716000,0.38580000000000003,2456.8,1286000
2024-08-01,2024,8,August,SKU05,Product D,Drink,Berry,Small,Bottle,Bandung,1286,6430000,4000,5000,+30%,0.3,1671.8,8359000,0.41795,2328.2,1929000
2024-08-01,2024,8,August,SKU05,Product D,Drink,Berry,Small,Bottle,Bandung,1286,6430000,4000,5000,-10%,-0.1,1157.4,5787000,0.28935,2842.6,-643000
2024-08-01,2024,8,August,SKU05,Product D,Drink,Berry,Small,Bottle,Bandung,1286,6430000,4000,5000,-20%,-0.2,1028.8,5144000,0.2572,2971.2,-1286000
2024-08-01,2024,8,August,SKU05,Product D,Drink,Berry,Small,Bottle,Bandung,1286,6430000,4000,5000,-30%,-0.3,900.1999999999999,4501000,0.22504999999999997,3099.8,-1929000
2024-08-01,2024,8,August,SKU05,Product D,Drink,Berry,Small,Bottle,Bandung,1286,6430000,4000,5000,Base,0,1286,6430000,0.3215,2714,0
2024-08-01,2024,8,August,SKU06,Product D,Drink,Chocolate,Large,Box,Jakarta,2275,11375000,6000,5000,+10%,0.1,2502.5,12512500,0.4170833333333333,3497.5,1137500
2024-08-01,2024,8,August,SKU06,Product D,Drink,Chocolate,Large,Box,Jakarta,2275,11375000,6000,5000,+20%,0.2,2730,13650000,0.455,3270,2275000
2024-08-01,2024,8,August,SKU06,Product D,Drink,Chocolate,Large,Box,Jakarta,2275,11375000,6000,5000,+30%,0.3,2957.5,14787500,0.49291666666666667,3042.5,3412500
2024-08-01,2024,8,August,SKU06,Product D,Drink,Chocolate,Large,Box,Jakarta,2275,11375000,6000,5000,-10%,-0.1,2047.5,10237500,0.34125,3952.5,-1137500
2024-08-01,2024,8,August,SKU06,Product D,Drink,Chocolate,Large,Box,Jakarta,2275,11375000,6000,5000,-20%,-0.2,1820,9100000,0.30333333333333334,4180,-2275000
2024-08-01,2024,8,August,SKU06,Product D,Drink,Chocolate,Large,Box,Jakarta,2275,11375000,6000,5000,-30%,-0.3,1592.5,7962500,0.2654166666666667,4407.5,-3412500
2024-08-01,2024,8,August,SKU06,Product D,Drink,Chocolate,Large,Box,Jakarta,2275,11375000,6000,5000,Base,0,2275,11375000,0.37916666666666665,3725,0
2024-08-01,2024,8,August,SKU07,Product D,Drink,Vanilla,Large,Box,Bandung,2724,13620000,6000,5000,+10%,0.1,2996.4,14982000,0.4994,3003.6,1362000
2024-08-01,2024,8,August,SKU07,Product D,Drink,Vanilla,Large,Box,Bandung,2724,13620000,6000,5000,+20%,0.2,3268.7999999999997,16343999.999999998,0.5448,2731.2000000000003,2723999.999999998
2024-08-01,2024,8,August,SKU07,Product D,Drink,Vanilla,Large,Box,Bandung,2724,13620000,6000,5000,+30%,0.3,3541.2000000000003,17706000,0.5902000000000001,2458.7999999999997,4086000
2024-08-01,2024,8,August,SKU07,Product D,Drink,Vanilla,Large,Box,Bandung,2724,13620000,6000,5000,-10%,-0.1,2451.6,12258000,0.40859999999999996,3548.4,-1362000
2024-08-01,2024,8,August,SKU07,Product D,Drink,Vanilla,Large,Box,Bandung,2724,13620000,6000,5000,-20%,-0.2,2179.2000000000003,10896000.000000002,0.3632,3820.7999999999997,-2723999.999999998
2024-08-01,2024,8,August,SKU07,Product D,Drink,Vanilla,Large,Box,Bandung,2724,13620000,6000,5000,-30%,-0.3,1906.8,9534000,0.31779999999999997,4093.2,-4086000
2024-08-01,2024,8,August,SKU07,Product D,Drink,Vanilla,Large,Box,Bandung,2724,13620000,6000,5000,Base,0,2724,13620000,0.454,3276,0
2024-08-01,2024,8,August,SKU08,Product D,Drink,Chocolate,Large,Bottle,Bandung,3682,36820000,6000,10000,+10%,0.1,4050.2000000000003,40502000,0.6750333333333334,1949.7999999999997,3682000
2024-08-01,2024,8,August,SKU08,Product D,Drink,Chocolate,Large,Bottle,Bandung,3682,36820000,6000,10000,+20%,0.2,4418.4,44184000,0.7363999999999999,1581.6000000000004,7364000
2024-08-01,2024,8,August,SKU08,Product D,Drink,Chocolate,Large,Bottle,Bandung,3682,36820000,6000,10000,+30%,0.3,4786.6,47866000,0.7977666666666667,1213.3999999999996,11046000
2024-08-01,2024,8,August,SKU08,Product D,Drink,Chocolate,Large,Bottle,Bandung,3682,36820000,6000,10000,-10%,-0.1,3313.8,33138000,0.5523,2686.2,-3682000
2024-08-01,2024,8,August,SKU08,Product D,Drink,Chocolate,Large,Bottle,Bandung,3682,36820000,6000,10000,-20%,-0.2,2945.6000000000004,29456000.000000004,0.4909333333333334,3054.3999999999996,-7363999.999999996
2024-08-01,2024,8,August,SKU08,Product D,Drink,Chocolate,Large,Bottle,Bandung,3682,36820000,6000,10000,-30%,-0.3,2577.3999999999996,25773999.999999996,0.4295666666666666,3422.6000000000004,-11046000.000000004
2024-08-01,2024,8,August,SKU08,Product D,Drink,Chocolate,Large,Bottle,Bandung,3682,36820000,6000,10000,Base,0,3682,36820000,0.6136666666666667,2318,0
2024-08-01,2024,8,August,SKU09,Product D,Drink,Berry,Small,Box,Bandung,627,9405000,4000,15000,+10%,0.1,689.7,10345500,0.17242500000000002,3310.3,940500
2024-08-01,2024,8,August,SKU09,Product D,Drink,Berry,Small,Box,Bandung,627,9405000,4000,15000,+20%,0.2,752.4,11286000,0.1881,3247.6,1881000
2024-08-01,2024,8,August,SKU09,Product D,Drink,Berry,Small,Box,Bandung,627,9405000,4000,15000,+30%,0.3,815.1,12226500,0.203775,3184.9,2821500
2024-08-01,2024,8,August,SKU09,Product D,Drink,Berry,Small,Box,Bandung,627,9405000,4000,15000,-10%,-0.1,564.3000000000001,8464500.000000002,0.141075,3435.7,-940499.9999999981
2024-08-01,2024,8,August,SKU09,Product D,Drink,Berry,Small,Box,Bandung,627,9405000,4000,15000,-20%,-0.2,501.6,7524000,0.1254,3498.4,-1881000
2024-08-01,2024,8,August,SKU09,Product D,Drink,Berry,Small,Box,Bandung,627,9405000,4000,15000,-30%,-0.3,438.9,6583500,0.10972499999999999,3561.1,-2821500
2024-08-01,2024,8,August,SKU09,Product D,Drink,Berry,Small,Box,Bandung,627,9405000,4000,15000,Base,0,627,9405000,0.15675,3373,0
2024-08-01,2024,8,August,SKU10,Product D,Drink,Berry,Small,Box,Jakarta,3346,33460000,6000,10000,+10%,0.1,3680.6000000000004,36806000,0.6134333333333334,2319.3999999999996,3346000
2024-08-01,2024,8,August,SKU10,Product D,Drink,Berry,Small,Box,Jakarta,3346,33460000,6000,10000,+20%,0.2,4015.2,40152000,0.6692,1984.8000000000002,6692000
2024-08-01,2024,8,August,SKU10,Product D,Drink,Berry,Small,Box,Jakarta,3346,33460000,6000,10000,+30%,0.3,4349.8,43498000,0.7249666666666666,1650.1999999999998,10038000
2024-08-01,2024,8,August,SKU10,Product D,Drink,Berry,Small,Box,Jakarta,3346,33460000,6000,10000,-10%,-0.1,3011.4,30114000,0.5019,2988.6,-3346000
2024-08-01,2024,8,August,SKU10,Product D,Drink,Berry,Small,Box,Jakarta,3346,33460000,6000,10000,-20%,-0.2,2676.8,26768000,0.4461333333333334,3323.2,-6692000
2024-08-01,2024,8,August,SKU10,Product D,Drink,Berry,Small,Box,Jakarta,3346,33460000,6000,10000,-30%,-0.3,2342.2,23422000,0.39036666666666664,3657.8,-10038000
2024-08-01,2024,8,August,SKU10,Product D,Drink,Berry,Small,Box,Jakarta,3346,33460000,6000,10000,Base,0,3346,33460000,0.5576666666666666,2654,0
2024-08-01,2024,8,August,SKU11,Product D,Drink,Chocolate,Small,Bottle,Jakarta,2032,15240000,6000,7500,+10%,0.1,2235.2000000000003,16764000.000000002,0.3725333333333334,3764.7999999999997,1524000.0000000019
2024-08-01,2024,8,August,SKU11,Product D,Drink,Chocolate,Small,Bottle,Jakarta,2032,15240000,6000,7500,+20%,0.2,2438.4,18288000,0.40640000000000004,3561.6,3048000
2024-08-01,2024,8,August,SKU11,Product D,Drink,Chocolate,Small,Bottle,Jakarta,2032,15240000,6000,7500,+30%,0.3,2641.6,19812000,0.44026666666666664,3358.4,4572000
2024-08-01,2024,8,August,SKU11,Product D,Drink,Chocolate,Small,Bottle,Jakarta,2032,15240000,6000,7500,-10%,-0.1,1828.8,13716000,0.3048,4171.2,-1524000
2024-08-01,2024,8,August,SKU11,Product D,Drink,Chocolate,Small,Bottle,Jakarta,2032,15240000,6000,7500,-20%,-0.2,1625.6000000000001,12192000.000000002,0.27093333333333336,4374.4,-3047999.999999998
2024-08-01,2024,8,August,SKU11,Product D,Drink,Chocolate,Small,Bottle,Jakarta,2032,15240000,6000,7500,-30%,-0.3,1422.3999999999999,10667999.999999998,0.23706666666666665,4577.6,-4572000.000000002
2024-08-01,2024,8,August,SKU11,Product D,Drink,Chocolate,Small,Bottle,Jakarta,2032,15240000,6000,7500,Base,0,2032,15240000,0.33866666666666667,3968,0
2024-08-01,2024,8,August,SKU12,Product D,Drink,Chocolate,Medium,Box,Bandung,2398,35970000,6000,15000,+10%,0.1,2637.8,39567000,0.4396333333333334,3362.2,3597000
2024-08-01,2024,8,August,SKU12,Product D,Drink,Chocolate,Medium,Box,Bandung,2398,35970000,6000,15000,+20%,0.2,2877.6,43164000,0.47959999999999997,3122.4,7194000
2024-08-01,2024,8,August,SKU12,Product D,Drink,Chocolate,Medium,Box,Bandung,2398,35970000,6000,15000,+30%,0.3,3117.4,46761000,0.5195666666666667,2882.6,10791000
2024-08-01,2024,8,August,SKU12,Product D,Drink,Chocolate,Medium,Box,Bandung,2398,35970000,6000,15000,-10%,-0.1,2158.2000000000003,32373000.000000004,0.3597,3841.7999999999997,-3596999.9999999963
2024-08-01,2024,8,August,SKU12,Product D,Drink,Chocolate,Medium,Box,Bandung,2398,35970000,6000,15000,-20%,-0.2,1918.4,28776000,0.31973333333333337,4081.6,-7194000
2024-08-01,2024,8,August,SKU12,Product D,Drink,Chocolate,Medium,Box,Bandung,2398,35970000,6000,15000,-30%,-0.3,1678.6,25179000,0.27976666666666666,4321.4,-10791000
2024-08-01,2024,8,August,SKU12,Product D,Drink,Chocolate,Medium,Box,Bandung,2398,35970000,6000,15000,Base,0,2398,35970000,0.39966666666666667,3602,0
2024-09-01,2024,9,September,SKU01,Product A,Food,Vanilla,Large,Bottle,Bandung,1006,10060000,4000,10000,+10%,0.1,1106.6000000000001,11066000.000000002,0.27665,2893.3999999999996,1006000.0000000019
2024-09-01,2024,9,September,SKU01,Product A,Food,Vanilla,Large,Bottle,Bandung,1006,10060000,4000,10000,+20%,0.2,1207.2,12072000,0.3018,2792.8,2012000
2024-09-01,2024,9,September,SKU01,Product A,Food,Vanilla,Large,Bottle,Bandung,1006,10060000,4000,10000,+30%,0.3,1307.8,13078000,0.32694999999999996,2692.2,3018000
2024-09-01,2024,9,September,SKU01,Product A,Food,Vanilla,Large,Bottle,Bandung,1006,10060000,4000,10000,-10%,-0.1,905.4,9054000,0.22635,3094.6,-1006000
2024-09-01,2024,9,September,SKU01,Product A,Food,Vanilla,Large,Bottle,Bandung,1006,10060000,4000,10000,-20%,-0.2,804.8000000000001,8048000.000000001,0.20120000000000002,3195.2,-2011999.999999999
2024-09-01,2024,9,September,SKU01,Product A,Food,Vanilla,Large,Bottle,Bandung,1006,10060000,4000,10000,-30%,-0.3,704.1999999999999,7041999.999999999,0.17604999999999998,3295.8,-3018000.000000001
2024-09-01,2024,9,September,SKU01,Product A,Food,Vanilla,Large,Bottle,Bandung,1006,10060000,4000,10000,Base,0,1006,10060000,0.2515,2994,0
2024-09-01,2024,9,September,SKU02,Product A,Food,Vanilla,Small,Bottle,Bandung,713,7130000,6000,10000,+10%,0.1,784.3000000000001,7843000.000000001,0.13071666666666668,5215.7,713000.0000000009
2024-09-01,2024,9,September,SKU02,Product A,Food,Vanilla,Small,Bottle,Bandung,713,7130000,6000,10000,+20%,0.2,855.6,8556000,0.1426,5144.4,1426000
2024-09-01,2024,9,September,SKU02,Product A,Food,Vanilla,Small,Bottle,Bandung,713,7130000,6000,10000,+30%,0.3,926.9,9269000,0.15448333333333333,5073.1,2139000
2024-09-01,2024,9,September,SKU02,Product A,Food,Vanilla,Small,Bottle,Bandung,713,7130000,6000,10000,-10%,-0.1,641.7,6417000,0.10695,5358.3,-713000
2024-09-01,2024,9,September,SKU02,Product A,Food,Vanilla,Small,Bottle,Bandung,713,7130000,6000,10000,-20%,-0.2,570.4,5704000,0.09506666666666666,5429.6,-1426000
2024-09-01,2024,9,September,SKU02,Product A,Food,Vanilla,Small,Bottle,Bandung,713,7130000,6000,10000,-30%,-0.3,499.09999999999997,4991000,0.08318333333333333,5500.9,-2139000
2024-09-01,2024,9,September,SKU02,Product A,Food,Vanilla,Small,Bottle,Bandung,713,7130000,6000,10000,Base,0,713,7130000,0.11883333333333333,5287,0
2024-09-01,2024,9,September,SKU03,Product A,Food,Berry,Large,Box,Bandung,1494,7470000,6000,5000,+10%,0.1,1643.4,8217000,0.27390000000000003,4356.6,747000
2024-09-01,2024,9,September,SKU03,Product A,Food,Berry,Large,Box,Bandung,1494,7470000,6000,5000,+20%,0.2,1792.8,8964000,0.2988,4207.2,1494000
2024-09-01,2024,9,September,SKU03,Product A,Food,Berry,Large,Box,Bandung,1494,7470000,6000,5000,+30%,0.3,1942.2,9711000,0.3237,4057.8,2241000
2024-09-01,2024,9,September,SKU03,Product A,Food,Berry,Large,Box,Bandung,1494,7470000,6000,5000,-10%,-0.1,1344.6000000000001,6723000.000000001,0.22410000000000002,4655.4,-746999.9999999991
2024-09-01,2024,9,September,SKU03,Product A,Food,Berry,Large,Box,Bandung,1494,7470000,6000,5000,-20%,-0.2,1195.2,5976000,0.19920000000000002,4804.8,-1494000
2024-09-01,2024,9,September,SKU03,Product A,Food,Berry,Large,Box,Bandung,1494,7470000,6000,5000,-30%,-0.3,1045.8,5229000,0.17429999999999998,4954.2,-2241000
2024-09-01,2024,9,September,SKU03,Product A,Food,Berry,Large,Box,Bandung,1494,7470000,6000,5000,Base,0,1494,7470000,0.249,4506,0
2024-09-01,2024,9,September,SKU04,Product A,Food,Berry,Large,Box,Bandung,2513,37695000,4000,15000,+10%,0.1,2764.3,41464500,0.691075,1235.6999999999998,3769500
2024-09-01,2024,9,September,SKU04,Product A,Food,Berry,Large,Box,Bandung,2513,37695000,4000,15000,+20%,0.2,3015.6,45234000,0.7539,984.4000000000001,7539000
2024-09-01,2024,9,September,SKU04,Product A,Food,Berry,Large,Box,Bandung,2513,37695000,4000,15000,+30%,0.3,3266.9,49003500,0.816725,733.0999999999999,11308500
2024-09-01,2024,9,September,SKU04,Product A,Food,Berry,Large,Box,Bandung,2513,37695000,4000,15000,-10%,-0.1,2261.7000000000003,33925500.00000001,0.5654250000000001,1738.2999999999997,-3769499.9999999925
2024-09-01,2024,9,September,SKU04,Product A,Food,Berry,Large,Box,Bandung,2513,37695000,4000,15000,-20%,-0.2,2010.4,30156000,0.5026,1989.6,-7539000
2024-09-01,2024,9,September,SKU04,Product A,Food,Berry,Large,Box,Bandung,2513,37695000,4000,15000,-30%,-0.3,1759.1,26386500,0.43977499999999997,2240.9,-11308500
2024-09-01,2024,9,September,SKU04,Product A,Food,Berry,Large,Box,Bandung,2513,37695000,4000,15000,Base,0,2513,37695000,0.62825,1487,0
2024-09-01,2024,9,September,SKU05,Product A,Food,Vanilla,Large,Box,Jakarta,2459,12295000,4000,5000,+10%,0.1,2704.9,13524500,0.6762250000000001,1295.1,1229500
2024-09-01,2024,9,September,SKU05,Product A,Food,Vanilla,Large,Box,Jakarta,2459,12295000,4000,5000,+20%,0.2,2950.7999999999997,14753999.999999998,0.7376999999999999,1049.2000000000003,2458999.999999998
2024-09-01,2024,9,September,SKU05,Product A,Food,Vanilla,Large,Box,Jakarta,2459,12295000,4000,5000,+30%,0.3,3196.7000000000003,15983500.000000002,0.7991750000000001,803.2999999999997,3688500.000000002
2024-09-01,2024,9,September,SKU05,Product A,Food,Vanilla,Large,Box,Jakarta,2459,12295000,4000,5000,-10%,-0.1,2213.1,11065500,0.553275,1786.9,-1229500
2024-09-01,2024,9,September,SKU05,Product A,Food,Vanilla,Large,Box,Jakarta,2459,12295000,4000,5000,-20%,-0.2,1967.2,9836000,0.4918,2032.8,-2459000
2024-09-01,2024,9,September,SKU05,Product A,Food,Vanilla,Large,Box,Jakarta,2459,12295000,4000,5000,-30%,-0.3,1721.3,8606500,0.430325,2278.7,-3688500
2024-09-01,2024,9,September,SKU05,Product A,Food,Vanilla,Large,Box,Jakarta,2459,12295000,4000,5000,Base,0,2459,12295000,0.61475,1541,0
2024-09-01,2024,9,September,SKU06,Product A,Food,Vanilla,Small,Bottle,Bandung,4846,36345000,5000,7500,+10%,0.1,5330.6,39979500,1.0661200000000002,-330.60000000000036,3634500
2024-09-01,2024,9,September,SKU06,Product A,Food,Vanilla,Small,Bottle,Bandung,4846,36345000,5000,7500,+20%,0.2,5815.2,43614000,1.16304,-815.1999999999998,7269000
2024-09-01,2024,9,September,SKU06,Product A,Food,Vanilla,Small,Bottle,Bandung,4846,36345000,5000,7500,+30%,0.3,6299.8,47248500,1.25996,-1299.8000000000002,10903500
2024-09-01,2024,9,September,SKU06,Product A,Food,Vanilla,Small,Bottle,Bandung,4846,36345000,5000,7500,-10%,-0.1,4361.4000000000005,32710500.000000004,0.87228000000000006,638.5999999999995,-3634499.9999999963
2024-09-01,2024,9,September,SKU06,Product A,Food,Vanilla,Small,Bottle,Bandung,4846,36345000,5000,7500,-20%,-0.2,3876.8,29076000,0.77536,1123.1999999999998,-7269000
2024-09-01,2024,9,September,SKU06,Product A,Food,Vanilla,Small,Bottle,Bandung,4846,36345000,5000,7500,-30%,-0.3,3392.2,25441500,0.6784399999999999,1607.8000000000002,-10903500
2024-09-01,2024,9,September,SKU06,Product A,Food,Vanilla,Small,Bottle,Bandung,4846,36345000,5000,7500,Base,0,4846,36345000,0.9692,154,0
2024-09-01,2024,9,September,SKU07,Product A,Food,Original,Small,Bottle,Jakarta,2848,14240000,6000,5000,+10%,0.1,3132.8,15664000,0.5221333333333333,2867.2,1424000
2024-09-01,2024,9,September,SKU07,Product A,Food,Original,Small,Bottle,Jakarta,2848,14240000,6000,5000,+20%,0.2,3417.6,17088000,0.5696,2582.4,2848000
2024-09-01,2024,9,September,SKU07,Product A,Food,Original,Small,Bottle,Jakarta,2848,14240000,6000,5000,+30%,0.3,3702.4,18512000,0.6170666666666667,2297.6,4272000
2024-09-01,2024,9,September,SKU07,Product A,Food,Original,Small,Bottle,Jakarta,2848,14240000,6000,5000,-10%,-0.1,2563.2000000000003,12816000.000000002,0.4272,3436.7999999999997,-1423999.9999999981
2024-09-01,2024,9,September,SKU07,Product A,Food,Original,Small,Bottle,Jakarta,2848,14240000,6000,5000,-20%,-0.2,2278.4,11392000,0.37973333333333337,3721.6,-2848000
2024-09-01,2024,9,September,SKU07,Product A,Food,Original,Small,Bottle,Jakarta,2848,14240000,6000,5000,-30%,-0.3,1993.6,9968000,0.33226666666666665,4006.4,-4272000
2024-09-01,2024,9,September,SKU07,Product A,Food,Original,Small,Bottle,Jakarta,2848,14240000,6000,5000,Base,0,2848,14240000,0.4746666666666667,3152,0
2024-09-01,2024,9,September,SKU08,Product A,Food,Original,Small,Bottle,Bandung,1967,29505000,4000,15000,+10%,0.1,2163.7000000000003,32455500.000000004,0.5409250000000001,1836.2999999999997,2950500.0000000037
2024-09-01,2024,9,September,SKU08,Product A,Food,Original,Small,Bottle,Bandung,1967,29505000,4000,15000,+20%,0.2,2360.4,35406000,0.5901000000000001,1639.6,5901000
2024-09-01,2024,9,September,SKU08,Product A,Food,Original,Small,Bottle,Bandung,1967,29505000,4000,15000,+30%,0.3,2557.1,38356500,0.6392749999999999,1442.9,8851500
2024-09-01,2024,9,September,SKU08,Product A,Food,Original,Small,Bottle,Bandung,1967,29505000,4000,15000,-10%,-0.1,1770.3,26554500,0.442575,2229.7,-2950500
2024-09-01,2024,9,September,SKU08,Product A,Food,Original,Small,Bottle,Bandung,1967,29505000,4000,15000,-20%,-0.2,1573.6000000000001,23604000.000000004,0.3934,2426.3999999999996,-5900999.999999996
2024-09-01,2024,9,September,SKU08,Product A,Food,Original,Small,Bottle,Bandung,1967,29505000,4000,15000,-30%,-0.3,1376.8999999999999,20653499.999999996,0.34422499999999995,2623.1000000000004,-8851500.000000004
2024-09-01,2024,9,September,SKU08,Product A,Food,Original,Small,Bottle,Bandung,1967,29505000,4000,15000,Base,0,1967,29505000,0.49175,2033,0
2024-09-01,2024,9,September,SKU09,Product A,Food,Berry,Medium,Bottle,Jakarta,4305,32287500,5000,7500,+10%,0.1,4735.5,35516250,0.9471,264.5,3228750
2024-09-01,2024,9,September,SKU09,Product A,Food,Berry,Medium,Bottle,Jakarta,4305,32287500,5000,7500,+20%,0.2,5166,38745000,1.0332,-166,6457500
2024-09-01,2024,9,September,SKU09,Product A,Food,Berry,Medium,Bottle,Jakarta,4305,32287500,5000,7500,+30%,0.3,5596.5,41973750,1.1193,-596.5,9686250
2024-09-01,2024,9,September,SKU09,Product A,Food,Berry,Medium,Bottle,Jakarta,4305,32287500,5000,7500,-10%,-0.1,3874.5,29058750,0.7749,1125.5,-3228750
2024-09-01,2024,9,September,SKU09,Product A,Food,Berry,Medium,Bottle,Jakarta,4305,32287500,5000,7500,-20%,-0.2,3444,25830000,0.6888,1556,-6457500
2024-09-01,2024,9,September,SKU09,Product A,Food,Berry,Medium,Bottle,Jakarta,4305,32287500,5000,7500,-30%,-0.3,3013.5,22601250,0.6027,1986.5,-9686250
2024-09-01,2024,9,September,SKU09,Product A,Food,Berry,Medium,Bottle,Jakarta,4305,32287500,5000,7500,Base,0,4305,32287500,0.861,695,0
2024-09-01,2024,9,September,SKU10,Product A,Food,Chocolate,Medium,Box,Jakarta,4238,21190000,4000,5000,+10%,0.1,4661.8,23309000,1.16545,-661.8000000000002,2119000
2024-09-01,2024,9,September,SKU10,Product A,Food,Chocolate,Medium,Box,Jakarta,4238,21190000,4000,5000,+20%,0.2,5085.5999999999995,25427999.999999996,1.2713999999999999,-1085.5999999999995,4237999.999999996
2024-09-01,2024,9,September,SKU10,Product A,Food,Chocolate,Medium,Box,Jakarta,4238,21190000,4000,5000,+30%,0.3,5509.4000000000005,27547000.000000004,1.37735,-1509.4000000000005,6357000.000000004
2024-09-01,2024,9,September,SKU10,Product A,Food,Chocolate,Medium,Box,Jakarta,4238,21190000,4000,5000,-10%,-0.1,3814.2000000000003,19071000,0.9535500000000001,185.79999999999973,-2119000
2024-09-01,2024,9,September,SKU10,Product A,Food,Chocolate,Medium,Box,Jakarta,4238,21190000,4000,5000,-20%,-0.2,3390.4,16952000,0.8476,609.5999999999999,-4238000
2024-09-01,2024,9,September,SKU10,Product A,Food,Chocolate,Medium,Box,Jakarta,4238,21190000,4000,5000,-30%,-0.3,2966.6,14833000,0.74165,1033.4,-6357000
2024-09-01,2024,9,September,SKU10,Product A,Food,Chocolate,Medium,Box,Jakarta,4238,21190000,4000,5000,Base,0,4238,21190000,1.0595,-238,0
2024-09-01,2024,9,September,SKU11,Product A,Food,Original,Medium,Box,Jakarta,763,3815000,6000,5000,+10%,0.1,839.3000000000001,4196500,0.13988333333333333,5160.7,381500
2024-09-01,2024,9,September,SKU11,Product A,Food,Original,Medium,Box,Jakarta,763,3815000,6000,5000,+20%,0.2,915.6,4578000,0.1526,5084.4,763000
2024-09-01,2024,9,September,SKU11,Product A,Food,Original,Medium,Box,Jakarta,763,3815000,6000,5000,+30%,0.3,991.9,4959500,0.16531666666666667,5008.1,1144500
2024-09-01,2024,9,September,SKU11,Product A,Food,Original,Medium,Box,Jakarta,763,3815000,6000,5000,-10%,-0.1,686.7,3433500,0.11445000000000001,5313.3,-381500
2024-09-01,2024,9,September,SKU11,Product A,Food,Original,Medium,Box,Jakarta,763,3815000,6000,5000,-20%,-0.2,610.4,3052000,0.10173333333333333,5389.6,-763000
2024-09-01,2024,9,September,SKU11,Product A,Food,Original,Medium,Box,Jakarta,763,3815000,6000,5000,-30%,-0.3,534.1,2670500,0.08901666666666667,5465.9,-1144500
2024-09-01,2024,9,September,SKU11,Product A,Food,Original,Medium,Box,Jakarta,763,3815000,6000,5000,Base,0,763,3815000,0.12716666666666668,5237,0
2024-09-01,2024,9,September,SKU12,Product A,Food,Chocolate,Small,Box,Jakarta,4480,44800000,6000,10000,+10%,0.1,4928,49280000,0.8213333333333334,1072,4480000
2024-09-01,2024,9,September,SKU12,Product A,Food,Chocolate,Small,Box,Jakarta,4480,44800000,6000,10000,+20%,0.2,5376,53760000,0.896,624,8960000
2024-09-01,2024,9,September,SKU12,Product A,Food,Chocolate,Small,Box,Jakarta,4480,44800000,6000,10000,+30%,0.3,5824,58240000,0.9706666666666667,176,13440000
2024-09-01,2024,9,September,SKU12,Product A,Food,Chocolate,Small,Box,Jakarta,4480,44800000,6000,10000,-10%,-0.1,4032,40320000,0.672,1968,-4480000
2024-09-01,2024,9,September,SKU12,Product A,Food,Chocolate,Small,Box,Jakarta,4480,44800000,6000,10000,-20%,-0.2,3584,35840000,0.5973333333333334,2416,-8960000
2024-09-01,2024,9,September,SKU12,Product A,Food,Chocolate,Small,Box,Jakarta,4480,44800000,6000,10000,-30%,-0.3,3136,31360000,0.5226666666666666,2864,-13440000
2024-09-01,2024,9,September,SKU12,Product A,Food,Chocolate,Small,Box,Jakarta,4480,44800000,6000,10000,Base,0,4480,44800000,0.7466666666666667,1520,0
2024-10-01,2024,10,October,SKU01,Product B,Food,Chocolate,Small,Bottle,Bandung,2911,29110000,5000,10000,+10%,0.1,3202.1000000000004,32021000.000000004,0.6404200000000001,1797.8999999999996,2911000.0000000037
2024-10-01,2024,10,October,SKU01,Product B,Food,Chocolate,Small,Bottle,Bandung,2911,29110000,5000,10000,+20%,0.2,3493.2,34932000,0.6986399999999999,1506.8000000000002,5822000
2024-10-01,2024,10,October,SKU01,Product B,Food,Chocolate,Small,Bottle,Bandung,2911,29110000,5000,10000,+30%,0.3,3784.3,37843000,0.7568600000000001,1215.6999999999998,8733000
2024-10-01,2024,10,October,SKU01,Product B,Food,Chocolate,Small,Bottle,Bandung,2911,29110000,5000,10000,-10%,-0.1,2619.9,26199000,0.52398,2380.1,-2911000
2024-10-01,2024,10,October,SKU01,Product B,Food,Chocolate,Small,Bottle,Bandung,2911,29110000,5000,10000,-20%,-0.2,2328.8,23288000,0.46576000000000006,2671.2,-5822000
2024-10-01,2024,10,October,SKU01,Product B,Food,Chocolate,Small,Bottle,Bandung,2911,29110000,5000,10000,-30%,-0.3,2037.6999999999998,20377000,0.40753999999999996,2962.3,-8733000
2024-10-01,2024,10,October,SKU01,Product B,Food,Chocolate,Small,Bottle,Bandung,2911,29110000,5000,10000,Base,0,2911,29110000,0.5822,2089,0
2024-10-01,2024,10,October,SKU02,Product B,Food,Chocolate,Small,Box,Bandung,1224,18360000,5000,15000,+10%,0.1,1346.4,20196000,0.26928,3653.6,1836000
2024-10-01,2024,10,October,SKU02,Product B,Food,Chocolate,Small,Box,Bandung,1224,18360000,5000,15000,+20%,0.2,1468.8,22032000,0.29375999999999997,3531.2,3672000
2024-10-01,2024,10,October,SKU02,Product B,Food,Chocolate,Small,Box,Bandung,1224,18360000,5000,15000,+30%,0.3,1591.2,23868000,0.31824,3408.8,5508000
2024-10-01,2024,10,October,SKU02,Product B,Food,Chocolate,Small,Box,Bandung,1224,18360000,5000,15000,-10%,-0.1,1101.6000000000001,16524000.000000002,0.22032000000000002,3898.3999999999996,-1835999.9999999981
2024-10-01,2024,10,October,SKU02,Product B,Food,Chocolate,Small,Box,Bandung,1224,18360000,5000,15000,-20%,-0.2,979.2,14688000,0.19584000000000001,4020.8,-3672000
2024-10-01,2024,10,October,SKU02,Product B,Food,Chocolate,Small,Box,Bandung,1224,18360000,5000,15000,-30%,-0.3,856.8,12852000,0.17135999999999998,4143.2,-5508000
2024-10-01,2024,10,October,SKU02,Product B,Food,Chocolate,Small,Box,Bandung,1224,18360000,5000,15000,Base,0,1224,18360000,0.2448,3776,0
2024-10-01,2024,10,October,SKU03,Product B,Food,Berry,Medium,Box,Bandung,4451,44510000,5000,10000,+10%,0.1,4896.1,48961000,0.9792200000000001,103.89999999999964,4451000
2024-10-01,2024,10,October,SKU03,Product B,Food,Berry,Medium,Box,Bandung,4451,44510000,5000,10000,+20%,0.2,5341.2,53412000,1.0682399999999999,-341.1999999999998,8902000
2024-10-01,2024,10,October,SKU03,Product B,Food,Berry,Medium,Box,Bandung,4451,44510000,5000,10000,+30%,0.3,5786.3,57863000,1.15726,-786.3000000000002,13353000
2024-10-01,2024,10,October,SKU03,Product B,Food,Berry,Medium,Box,Bandung,4451,44510000,5000,10000,-10%,-0.1,4005.9,40059000,0.80118,994.0999999999999,-4451000
2024-10-01,2024,10,October,SKU03,Product B,Food,Berry,Medium,Box,Bandung,4451,44510000,5000,10000,-20%,-0.2,3560.8,35608000,0.71216,1439.1999999999998,-8902000
2024-10-01,2024,10,October,SKU03,Product B,Food,Berry,Medium,Box,Bandung,4451,44510000,5000,10000,-30%,-0.3,3115.7,31157000,0.6231399999999999,1884.3000000000002,-13353000
2024-10-01,2024,10,October,SKU03,Product B,Food,Berry,Medium,Box,Bandung,4451,44510000,5000,10000,Base,0,4451,44510000,0.8902,549,0
2024-10-01,2024,10,October,SKU04,Product B,Food,Original,Medium,Bottle,Bandung,751,7510000,4000,10000,+10%,0.1,826.1,8261000,0.20652500000000001,3173.9,751000
2024-10-01,2024,10,October,SKU04,Product B,Food,Original,Medium,Bottle,Bandung,751,7510000,4000,10000,+20%,0.2,901.1999999999999,9012000,0.22529999999999997,3098.8,1502000
2024-10-01,2024,10,October,SKU04,Product B,Food,Original,Medium,Bottle,Bandung,751,7510000,4000,10000,+30%,0.3,976.3000000000001,9763000,0.24407500000000001,3023.7,2253000
2024-10-01,2024,10,October,SKU04,Product B,Food,Original,Medium,Bottle,Bandung,751,7510000,4000,10000,-10%,-0.1,675.9,6759000,0.168975,3324.1,-751000
2024-10-01,2024,10,October,SKU04,Product B,Food,Original,Medium,Bottle,Bandung,751,7510000,4000,10000,-20%,-0.2,600.8000000000001,6008000.000000001,0.15020000000000003,3399.2,-1501999.999999999
2024-10-01,2024,10,October,SKU04,Product B,Food,Original,Medium,Bottle,Bandung,751,7510000,4000,10000,-30%,-0.3,525.6999999999999,5256999.999999999,0.131425,3474.3,-2253000.000000001
2024-10-01,2024,10,October,SKU04,Product B,Food,Original,Medium,Bottle,Bandung,751,7510000,4000,10000,Base,0,751,7510000,0.18775,3249,0
2024-10-01,2024,10,October,SKU05,Product B,Food,Original,Large,Box,Bandung,3931,39310000,6000,10000,+10%,0.1,4324.1,43241000,0.7206833333333333,1675.8999999999996,3931000
2024-10-01,2024,10,October,SKU05,Product B,Food,Original,Large,Box,Bandung,3931,39310000,6000,10000,+20%,0.2,4717.2,47172000,0.7862,1282.8000000000002,7862000
2024-10-01,2024,10,October,SKU05,Product B,Food,Original,Large,Box,Bandung,3931,39310000,6000,10000,+30%,0.3,5110.3,51103000,0.8517166666666667,889.6999999999998,11793000
2024-10-01,2024,10,October,SKU05,Product B,Food,Original,Large,Box,Bandung,3931,39310000,6000,10000,-10%,-0.1,3537.9,35379000,0.58965,2462.1,-3931000
2024-10-01,2024,10,October,SKU05,Product B,Food,Original,Large,Box,Bandung,3931,39310000,6000,10000,-20%,-0.2,3144.8,31448000,0.5241333333333333,2855.2,-7862000
2024-10-01,2024,10,October,SKU05,Product B,Food,Original,Large,Box,Bandung,3931,39310000,6000,10000,-30%,-0.3,2751.7,27517000,0.4586166666666666,3248.3,-11793000
2024-10-01,2024,10,October,SKU05,Product B,Food,Original,Large,Box,Bandung,3931,39310000,6000,10000,Base,0,3931,39310000,0.6551666666666667,2069,0
2024-10-01,2024,10,October,SKU06,Product B,Food,Berry,Medium,Box,Jakarta,720,5400000,4000,7500,+10%,0.1,792.0000000000001,5940000.000000001,0.19800000000000004,3208,540000.0000000009
2024-10-01,2024,10,October,SKU06,Product B,Food,Berry,Medium,Box,Jakarta,720,5400000,4000,7500,+20%,0.2,864,6480000,0.216,3136,1080000
2024-10-01,2024,10,October,SKU06,Product B,Food,Berry,Medium,Box,Jakarta,720,5400000,4000,7500,+30%,0.3,936,7020000,0.234,3064,1620000
2024-10-01,2024,10,October,SKU06,Product B,Food,Berry,Medium,Box,Jakarta,720,5400000,4000,7500,-10%,-0.1,648,4860000,0.162,3352,-540000
2024-10-01,2024,10,October,SKU06,Product B,Food,Berry,Medium,Box,Jakarta,720,5400000,4000,7500,-20%,-0.2,576,4320000,0.144,3424,-1080000
2024-10-01,2024,10,October,SKU06,Product B,Food,Berry,Medium,Box,Jakarta,720,5400000,4000,7500,-30%,-0.3,503.99999999999994,3779999.9999999995,0.12599999999999997,3496,-1620000.0000000005
2024-10-01,2024,10,October,SKU06,Product B,Food,Berry,Medium,Box,Jakarta,720,5400000,4000,7500,Base,0,720,5400000,0.18,3280,0
2024-10-01,2024,10,October,SKU07,Product B,Food,Berry,Large,Box,Bandung,1489,7445000,4000,5000,+10%,0.1,1637.9,8189500,0.40947500000000003,2362.1,744500
2024-10-01,2024,10,October,SKU07,Product B,Food,Berry,Large,Box,Bandung,1489,7445000,4000,5000,+20%,0.2,1786.8,8934000,0.4467,2213.2,1489000
2024-10-01,2024,10,October,SKU07,Product B,Food,Berry,Large,Box,Bandung,1489,7445000,4000,5000,+30%,0.3,1935.7,9678500,0.483925,2064.3,2233500
2024-10-01,2024,10,October,SKU07,Product B,Food,Berry,Large,Box,Bandung,1489,7445000,4000,5000,-10%,-0.1,1340.1000000000001,6700500.000000001,0.335025,2659.8999999999996,-744499.9999999991
2024-10-01,2024,10,October,SKU07,Product B,Food,Berry,Large,Box,Bandung,1489,7445000,4000,5000,-20%,-0.2,1191.2,5956000,0.2978,2808.8,-1489000
2024-10-01,2024,10,October,SKU07,Product B,Food,Berry,Large,Box,Bandung,1489,7445000,4000,5000,-30%,-0.3,1042.3,5211500,0.260575,2957.7,-2233500
2024-10-01,2024,10,October,SKU07,Product B,Food,Berry,Large,Box,Bandung,1489,7445000,4000,5000,Base,0,1489,7445000,0.37225,2511,0
2024-10-01,2024,10,October,SKU08,Product B,Food,Berry,Small,Bottle,Bandung,4843,36322500,4000,7500,+10%,0.1,5327.3,39954750,1.331825,-1327.3000000000002,3632250
2024-10-01,2024,10,October,SKU08,Product B,Food,Berry,Small,Bottle,Bandung,4843,36322500,4000,7500,+20%,0.2,5811.5999999999995,43586999.99999999,1.4528999999999999,-1811.5999999999995,7264499.999999993
2024-10-01,2024,10,October,SKU08,Product B,Food,Berry,Small,Bottle,Bandung,4843,36322500,4000,7500,+30%,0.3,6295.9000000000005,47219250.00000001,1.5739750000000001,-2295.9000000000005,10896750.000000007
2024-10-01,2024,10,October,SKU08,Product B,Food,Berry,Small,Bottle,Bandung,4843,36322500,4000,7500,-10%,-0.1,4358.7,32690250,1.089675,-358.6999999999998,-3632250
2024-10-01,2024,10,October,SKU08,Product B,Food,Berry,Small,Bottle,Bandung,4843,36322500,4000,7500,-20%,-0.2,3874.4,29058000,0.9686,125.59999999999991,-7264500
2024-10-01,2024,10,October,SKU08,Product B,Food,Berry,Small,Bottle,Bandung,4843,36322500,4000,7500,-30%,-0.3,3390.1,25425750,0.847525,609.9000000000001,-10896750
2024-10-01,2024,10,October,SKU08,Product B,Food,Berry,Small,Bottle,Bandung,4843,36322500,4000,7500,Base,0,4843,36322500,1.21075,-843,0
2024-10-01,2024,10,October,SKU09,Product B,Food,Berry,Small,Bottle,Jakarta,3859,28942500,5000,7500,+10%,0.1,4244.9000000000005,31836750.000000004,0.8489800000000001,755.0999999999995,2894250.0000000037
2024-10-01,2024,10,October,SKU09,Product B,Food,Berry,Small,Bottle,Jakarta,3859,28942500,5000,7500,+20%,0.2,4630.8,34731000,0.92616,369.1999999999998,5788500
2024-10-01,2024,10,October,SKU09,Product B,Food,Berry,Small,Bottle,Jakarta,3859,28942500,5000,7500,+30%,0.3,5016.7,37625250,1.00334,-16.699999999999818,8682750
2024-10-01,2024,10,October,SKU09,Product B,Food,Berry,Small,Bottle,Jakarta,3859,28942500,5000,7500,-10%,-0.1,3473.1,26048250,0.69462,1526.9,-2894250
2024-10-01,2024,10,October,SKU09,Product B,Food,Berry,Small,Bottle,Jakarta,3859,28942500,5000,7500,-20%,-0.2,3087.2000000000003,23154000.000000004,0.6174400000000001,1912.7999999999997,-5788499.999999996
2024-10-01,2024,10,October,SKU09,Product B,Food,Berry,Small,Bottle,Jakarta,3859,28942500,5000,7500,-30%,-0.3,2701.2999999999997,20259749.999999996,0.54026,2298.7000000000003,-8682750.000000004
2024-10-01,2024,10,October,SKU09,Product B,Food,Berry,Small,Bottle,Jakarta,3859,28942500,5000,7500,Base,0,3859,28942500,0.7718,1141,0
2024-10-01,2024,10,October,SKU10,Product B,Food,Chocolate,Large,Box,Bandung,731,5482500,5000,7500,+10%,0.1,804.1,6030750,0.16082,4195.9,548250
2024-10-01,2024,10,October,SKU10,Product B,Food,Chocolate,Large,Box,Bandung,731,5482500,5000,7500,+20%,0.2,877.1999999999999,6578999.999999999,0.17543999999999998,4122.8,1096499.999999999
2024-10-01,2024,10,October,SKU10,Product B,Food,Chocolate,Large,Box,Bandung,731,5482500,5000,7500,+30%,0.3,950.3000000000001,7127250.000000001,0.19006,4049.7,1644750.000000001
2024-10-01,2024,10,October,SKU10,Product B,Food,Chocolate,Large,Box,Bandung,731,5482500,5000,7500,-10%,-0.1,657.9,4934250,0.13158,4342.1,-548250
2024-10-01,2024,10,October,SKU10,Product B,Food,Chocolate,Large,Box,Bandung,731,5482500,5000,7500,-20%,-0.2,584.8000000000001,4386000.000000001,0.11696000000000001,4415.2,-1096499.999999999
2024-10-01,2024,10,October,SKU10,Product B,Food,Chocolate,Large,Box,Bandung,731,5482500,5000,7500,-30%,-0.3,511.7,3837750,0.10234,4488.3,-1644750
2024-10-01,2024,10,October,SKU10,Product B,Food,Chocolate,Large,Box,Bandung,731,5482500,5000,7500,Base,0,731,5482500,0.1462,4269,0
2024-10-01,2024,10,October,SKU11,Product B,Food,Chocolate,Small,Box,Bandung,4919,73785000,6000,15000,+10%,0.1,5410.9000000000005,81163500.00000001,0.9018166666666667,589.0999999999995,7378500.000000015
2024-10-01,2024,10,October,SKU11,Product B,Food,Chocolate,Small,Box,Bandung,4919,73785000,6000,15000,+20%,0.2,5902.8,88542000,0.9838,97.19999999999982,14757000
2024-10-01,2024,10,October,SKU11,Product B,Food,Chocolate,Small,Box,Bandung,4919,73785000,6000,15000,+30%,0.3,6394.7,95920500,1.0657833333333333,-394.6999999999998,22135500
2024-10-01,2024,10,October,SKU11,Product B,Food,Chocolate,Small,Box,Bandung,4919,73785000,6000,15000,-10%,-0.1,4427.1,66406500.00000001,0.73785,1572.8999999999996,-7378499.999999993
2024-10-01,2024,10,October,SKU11,Product B,Food,Chocolate,Small,Box,Bandung,4919,73785000,6000,15000,-20%,-0.2,3935.2000000000003,59028000.00000001,0.6558666666666667,2064.7999999999997,-14756999.999999993
2024-10-01,2024,10,October,SKU11,Product B,Food,Chocolate,Small,Box,Bandung,4919,73785000,6000,15000,-30%,-0.3,3443.2999999999997,51649499.99999999,0.5738833333333333,2556.7000000000003,-22135500.000000007
2024-10-01,2024,10,October,SKU11,Product B,Food,Chocolate,Small,Box,Bandung,4919,73785000,6000,15000,Base,0,4919,73785000,0.8198333333333333,1081,0
2024-10-01,2024,10,October,SKU12,Product B,Food,Vanilla,Medium,Box,Jakarta,1572,23580000,4000,15000,+10%,0.1,1729.2,25938000,0.4323,2270.8,2358000
2024-10-01,2024,10,October,SKU12,Product B,Food,Vanilla,Medium,Box,Jakarta,1572,23580000,4000,15000,+20%,0.2,1886.3999999999999,28295999.999999996,0.47159999999999996,2113.6000000000004,4715999.999999996
2024-10-01,2024,10,October,SKU12,Product B,Food,Vanilla,Medium,Box,Jakarta,1572,23580000,4000,15000,+30%,0.3,2043.6000000000001,30654000.000000004,0.5109,1956.3999999999999,7074000.000000004
2024-10-01,2024,10,October,SKU12,Product B,Food,Vanilla,Medium,Box,Jakarta,1572,23580000,4000,15000,-10%,-0.1,1414.8,21222000,0.3537,2585.2,-2358000
2024-10-01,2024,10,October,SKU12,Product B,Food,Vanilla,Medium,Box,Jakarta,1572,23580000,4000,15000,-20%,-0.2,1257.6000000000001,18864000.000000004,0.3144,2742.3999999999996,-4715999.999999996
2024-10-01,2024,10,October,SKU12,Product B,Food,Vanilla,Medium,Box,Jakarta,1572,23580000,4000,15000,-30%,-0.3,1100.3999999999999,16505999.999999998,0.27509999999999996,2899.6000000000004,-7074000.000000002
2024-10-01,2024,10,October,SKU12,Product B,Food,Vanilla,Medium,Box,Jakarta,1572,23580000,4000,15000,Base,0,1572,23580000,0.393,2428,0
2024-11-01,2024,11,November,SKU01,Product C,Drink,Original,Medium,Box,Bandung,3246,32460000,4000,10000,+10%,0.1,3570.6000000000004,35706000,0.89265,429.39999999999964,3246000
2024-11-01,2024,11,November,SKU01,Product C,Drink,Original,Medium,Box,Bandung,3246,32460000,4000,10000,+20%,0.2,3895.2,38952000,0.9738,104.80000000000018,6492000
2024-11-01,2024,11,November,SKU01,Product C,Drink,Original,Medium,Box,Bandung,3246,32460000,4000,10000,+30%,0.3,4219.8,42198000,1.05495,-219.80000000000018,9738000
2024-11-01,2024,11,November,SKU01,Product C,Drink,Original,Medium,Box,Bandung,3246,32460000,4000,10000,-10%,-0.1,2921.4,29214000,0.73035,1078.6,-3246000
2024-11-01,2024,11,November,SKU01,Product C,Drink,Original,Medium,Box,Bandung,3246,32460000,4000,10000,-20%,-0.2,2596.8,25968000,0.6492,1403.1999999999998,-6492000
2024-11-01,2024,11,November,SKU01,Product C,Drink,Original,Medium,Box,Bandung,3246,32460000,4000,10000,-30%,-0.3,2272.2,22722000,0.5680499999999999,1727.8000000000002,-9738000
2024-11-01,2024,11,November,SKU01,Product C,Drink,Original,Medium,Box,Bandung,3246,32460000,4000,10000,Base,0,3246,32460000,0.8115,754,0
2024-11-01,2024,11,November,SKU02,Product C,Drink,Chocolate,Medium,Bottle,Bandung,3394,25455000,4000,7500,+10%,0.1,3733.4,28000500,0.93335,266.5999999999999,2545500
2024-11-01,2024,11,November,SKU02,Product C,Drink,Chocolate,Medium,Bottle,Bandung,3394,25455000,4000,7500,+20%,0.2,4072.7999999999997,30545999.999999996,1.0182,-72.79999999999973,5090999.999999996
2024-11-01,2024,11,November,SKU02,Product C,Drink,Chocolate,Medium,Bottle,Bandung,3394,25455000,4000,7500,+30%,0.3,4412.2,33091500,1.1030499999999999,-412.1999999999998,7636500
2024-11-01,2024,11,November,SKU02,Product C,Drink,Chocolate,Medium,Bottle,Bandung,3394,25455000,4000,7500,-10%,-0.1,3054.6,22909500,0.7636499999999999,945.4000000000001,-2545500
2024-11-01,2024,11,November,SKU02,Product C,Drink,Chocolate,Medium,Bottle,Bandung,3394,25455000,4000,7500,-20%,-0.2,2715.2000000000003,20364000.000000004,0.6788000000000001,1284.7999999999997,-5090999.999999996
2024-11-01,2024,11,November,SKU02,Product C,Drink,Chocolate,Medium,Bottle,Bandung,3394,25455000,4000,7500,-30%,-0.3,2375.7999999999997,17818499.999999996,0.59395,1624.2000000000003,-7636500.000000004
2024-11-01,2024,11,November,SKU02,Product C,Drink,Chocolate,Medium,Bottle,Bandung,3394,25455000,4000,7500,Base,0,3394,25455000,0.8485,606,0
2024-11-01,2024,11,November,SKU03,Product C,Drink,Vanilla,Large,Box,Bandung,3384,25380000,4000,7500,+10%,0.1,3722.4,27918000,0.9306,277.5999999999999,2538000
2024-11-01,2024,11,November,SKU03,Product C,Drink,Vanilla,Large,Box,Bandung,3384,25380000,4000,7500,+20%,0.2,4060.7999999999997,30455999.999999996,1.0151999999999999,-60.79999999999973,5075999.999999996
2024-11-01,2024,11,November,SKU03,Product C,Drink,Vanilla,Large,Box,Bandung,3384,25380000,4000,7500,+30%,0.3,4399.2,32994000,1.0997999999999999,-399.1999999999998,7614000
2024-11-01,2024,11,November,SKU03,Product C,Drink,Vanilla,Large,Box,Bandung,3384,25380000,4000,7500,-10%,-0.1,3045.6,22842000,0.7614,954.4000000000001,-2538000
2024-11-01,2024,11,November,SKU03,Product C,Drink,Vanilla,Large,Box,Bandung,3384,25380000,4000,7500,-20%,-0.2,2707.2000000000003,20304000.000000004,0.6768000000000001,1292.7999999999997,-5075999.999999996
2024-11-01,2024,11,November,SKU03,Product C,Drink,Vanilla,Large,Box,Bandung,3384,25380000,4000,7500,-30%,-0.3,2368.7999999999997,17765999.999999996,0.5922,1631.2000000000003,-7614000.000000004
2024-11-01,2024,11,November,SKU03,Product C,Drink,Vanilla,Large,Box,Bandung,3384,25380000,4000,7500,Base,0,3384,25380000,0.846,616,0
2024-11-01,2024,11,November,SKU04,Product C,Drink,Vanilla,Small,Bottle,Bandung,682,3410000,5000,5000,+10%,0.1,750.2,3751000,0.15004,4249.8,341000
2024-11-01,2024,11,November,SKU04,Product C,Drink,Vanilla,Small,Bottle,Bandung,682,3410000,5000,5000,+20%,0.2,818.4,4092000,0.16368,4181.6,682000
2024-11-01,2024,11,November,SKU04,Product C,Drink,Vanilla,Small,Bottle,Bandung,682,3410000,5000,5000,+30%,0.3,886.6,4433000,0.17732,4113.4,1023000
2024-11-01,2024,11,November,SKU04,Product C,Drink,Vanilla,Small,Bottle,Bandung,682,3410000,5000,5000,-10%,-0.1,613.8000000000001,3069000.0000000005,0.12276000000000001,4386.2,-340999.99999999953
2024-11-01,2024,11,November,SKU04,Product C,Drink,Vanilla,Small,Bottle,Bandung,682,3410000,5000,5000,-20%,-0.2,545.6,2728000,0.10912000000000001,4454.4,-682000
2024-11-01,2024,11,November,SKU04,Product C,Drink,Vanilla,Small,Bottle,Bandung,682,3410000,5000,5000,-30%,-0.3,477.4,2387000,0.09548,4522.6,-1023000
2024-11-01,2024,11,November,SKU04,Product C,Drink,Vanilla,Small,Bottle,Bandung,682,3410000,5000,5000,Base,0,682,3410000,0.1364,4318,0
2024-11-01,2024,11,November,SKU05,Product C,Drink,Chocolate,Small,Box,Jakarta,6026,30130000,5000,5000,+10%,0.1,6628.6,33143000,1.32572,-1628.6000000000004,3013000
2024-11-01,2024,11,November,SKU05,Product C,Drink,Chocolate,Small,Box,Jakarta,6026,30130000,5000,5000,+20%,0.2,7231.2,36156000,1.44624,-2231.2,6026000
2024-11-01,2024,11,November,SKU05,Product C,Drink,Chocolate,Small,Box,Jakarta,6026,30130000,5000,5000,+30%,0.3,7833.8,39169000,1.56676,-2833.8,9039000
2024-11-01,2024,11,November,SKU05,Product C,Drink,Chocolate,Small,Box,Jakarta,6026,30130000,5000,5000,-10%,-0.1,5423.4000000000005,27117000.000000004,1.08468,-423.40000000000055,-3012999.9999999963
2024-11-01,2024,11,November,SKU05,Product C,Drink,Chocolate,Small,Box,Jakarta,6026,30130000,5000,5000,-20%,-0.2,4820.8,24104000,0.96416,179.19999999999982,-6026000
2024-11-01,2024,11,November,SKU05,Product C,Drink,Chocolate,Small,Box,Jakarta,6026,30130000,5000,5000,-30%,-0.3,4218.2,21091000,0.84364,781.8000000000002,-9039000
2024-11-01,2024,11,November,SKU05,Product C,Drink,Chocolate,Small,Box,Jakarta,6026,30130000,5000,5000,Base,0,6026,30130000,1.2052,-1026,0
2024-11-01,2024,11,November,SKU06,Product C,Drink,Original,Medium,Box,Bandung,1547,11602500,4000,7500,+10%,0.1,1701.7,12762750,0.425425,2298.3,1160250
2024-11-01,2024,11,November,SKU06,Product C,Drink,Original,Medium,Box,Bandung,1547,11602500,4000,7500,+20%,0.2,1856.3999999999999,13922999.999999998,0.46409999999999996,2143.6000000000004,2320499.999999998
2024-11-01,2024,11,November,SKU06,Product C,Drink,Original,Medium,Box,Bandung,1547,11602500,4000,7500,+30%,0.3,2011.1000000000001,15083250.000000002,0.5027750000000001,1988.8999999999999,3480750.000000002
2024-11-01,2024,11,November,SKU06,Product C,Drink,Original,Medium,Box,Bandung,1547,11602500,4000,7500,-10%,-0.1,1392.3,10442250,0.34807499999999997,2607.7,-1160250
2024-11-01,2024,11,November,SKU06,Product C,Drink,Original,Medium,Box,Bandung,1547,11602500,4000,7500,-20%,-0.2,1237.6000000000001,9282000.000000002,0.3094,2762.3999999999996,-2320499.999999998
2024-11-01,2024,11,November,SKU06,Product C,Drink,Original,Medium,Box,Bandung,1547,11602500,4000,7500,-30%,-0.3,1082.8999999999999,8121749.999999999,0.270725,2917.1000000000004,-3480750.000000001
2024-11-01,2024,11,November,SKU06,Product C,Drink,Original,Medium,Box,Bandung,1547,11602500,4000,7500,Base,0,1547,11602500,0.38675,2453,0
2024-11-01,2024,11,November,SKU07,Product C,Drink,Chocolate,Large,Box,Jakarta,5114,51140000,4000,10000,+10%,0.1,5625.4000000000005,56254000.00000001,1.4063500000000002,-1625.4000000000005,5114000.000000007
2024-11-01,2024,11,November,SKU07,Product C,Drink,Chocolate,Large,Box,Jakarta,5114,51140000,4000,10000,+20%,0.2,6136.8,61368000,1.5342,-2136.8,10228000
2024-11-01,2024,11,November,SKU07,Product C,Drink,Chocolate,Large,Box,Jakarta,5114,51140000,4000,10000,+30%,0.3,6648.2,66482000,1.66205,-2648.2,15342000
2024-11-01,2024,11,November,SKU07,Product C,Drink,Chocolate,Large,Box,Jakarta,5114,51140000,4000,10000,-10%,-0.1,4602.6,46026000,1.1506500000000002,-602.6000000000004,-5114000
2024-11-01,2024,11,November,SKU07,Product C,Drink,Chocolate,Large,Box,Jakarta,5114,51140000,4000,10000,-20%,-0.2,4091.2000000000003,40912000,1.0228000000000002,-91.20000000000027,-10228000
2024-11-01,2024,11,November,SKU07,Product C,Drink,Chocolate,Large,Box,Jakarta,5114,51140000,4000,10000,-30%,-0.3,3579.7999999999997,35798000,0.8949499999999999,420.2000000000003,-15342000
2024-11-01,2024,11,November,SKU07,Product C,Drink,Chocolate,Large,Box,Jakarta,5114,51140000,4000,10000,Base,0,5114,51140000,1.2785,-1114,0
2024-11-01,2024,11,November,SKU08,Product C,Drink,Original,Large,Bottle,Bandung,4724,47240000,6000,10000,+10%,0.1,5196.4000000000005,51964000.00000001,0.8660666666666668,803.5999999999995,4724000.000000007
2024-11-01,2024,11,November,SKU08,Product C,Drink,Original,Large,Bottle,Bandung,4724,47240000,6000,10000,+20%,0.2,5668.8,56688000,0.9448000000000001,331.1999999999998,9448000
2024-11-01,2024,11,November,SKU08,Product C,Drink,Original,Large,Bottle,Bandung,4724,47240000,6000,10000,+30%,0.3,6141.2,61412000,1.0235333333333334,-141.19999999999982,14172000
2024-11-01,2024,11,November,SKU08,Product C,Drink,Original,Large,Bottle,Bandung,4724,47240000,6000,10000,-10%,-0.1,4251.6,42516000,0.7086,1748.3999999999996,-4724000
2024-11-01,2024,11,November,SKU08,Product C,Drink,Original,Large,Bottle,Bandung,4724,47240000,6000,10000,-20%,-0.2,3779.2000000000003,37792000,0.6298666666666667,2220.7999999999997,-9448000
2024-11-01,2024,11,November,SKU08,Product C,Drink,Original,Large,Bottle,Bandung,4724,47240000,6000,10000,-30%,-0.3,3306.7999999999997,33067999.999999996,0.5511333333333333,2693.2000000000003,-14172000.000000004
2024-11-01,2024,11,November,SKU08,Product C,Drink,Original,Large,Bottle,Bandung,4724,47240000,6000,10000,Base,0,4724,47240000,0.7873333333333333,1276,0
2024-11-01,2024,11,November,SKU09,Product C,Drink,Vanilla,Medium,Bottle,Bandung,2195,16462500,6000,7500,+10%,0.1,2414.5,18108750,0.40241666666666664,3585.5,1646250
2024-11-01,2024,11,November,SKU09,Product C,Drink,Vanilla,Medium,Bottle,Bandung,2195,16462500,6000,7500,+20%,0.2,2634,19755000,0.439,3366,3292500
2024-11-01,2024,11,November,SKU09,Product C,Drink,Vanilla,Medium,Bottle,Bandung,2195,16462500,6000,7500,+30%,0.3,2853.5,21401250,0.47558333333333336,3146.5,4938750
2024-11-01,2024,11,November,SKU09,Product C,Drink,Vanilla,Medium,Bottle,Bandung,2195,16462500,6000,7500,-10%,-0.1,1975.5,14816250,0.32925,4024.5,-1646250
2024-11-01,2024,11,November,SKU09,Product C,Drink,Vanilla,Medium,Bottle,Bandung,2195,16462500,6000,7500,-20%,-0.2,1756,13170000,0.2926666666666667,4244,-3292500
2024-11-01,2024,11,November,SKU09,Product C,Drink,Vanilla,Medium,Bottle,Bandung,2195,16462500,6000,7500,-30%,-0.3,1536.5,11523750,0.25608333333333333,4463.5,-4938750
2024-11-01,2024,11,November,SKU09,Product C,Drink,Vanilla,Medium,Bottle,Bandung,2195,16462500,6000,7500,Base,0,2195,16462500,0.36583333333333334,3805,0
2024-11-01,2024,11,November,SKU10,Product C,Drink,Chocolate,Large,Bottle,Bandung,6455,96825000,6000,15000,+10%,0.1,7100.500000000001,106507500.00000001,1.1834166666666668,-1100.500000000001,9682500.000000015
2024-11-01,2024,11,November,SKU10,Product C,Drink,Chocolate,Large,Bottle,Bandung,6455,96825000,6000,15000,+20%,0.2,7746,116190000,1.291,-1746,19365000
2024-11-01,2024,11,November,SKU10,Product C,Drink,Chocolate,Large,Bottle,Bandung,6455,96825000,6000,15000,+30%,0.3,8391.5,125872500,1.3985833333333333,-2391.5,29047500
2024-11-01,2024,11,November,SKU10,Product C,Drink,Chocolate,Large,Bottle,Bandung,6455,96825000,6000,15000,-10%,-0.1,5809.5,87142500,0.96825,190.5,-9682500
2024-11-01,2024,11,November,SKU10,Product C,Drink,Chocolate,Large,Bottle,Bandung,6455,96825000,6000,15000,-20%,-0.2,5164,77460000,0.8606666666666667,836,-19365000
2024-11-01,2024,11,November,SKU10,Product C,Drink,Chocolate,Large,Bottle,Bandung,6455,96825000,6000,15000,-30%,-0.3,4518.5,67777500,0.7530833333333333,1481.5,-29047500
2024-11-01,2024,11,November,SKU10,Product C,Drink,Chocolate,Large,Bottle,Bandung,6455,96825000,6000,15000,Base,0,6455,96825000,1.0758333333333334,-455,0
2024-11-01,2024,11,November,SKU11,Product C,Drink,Vanilla,Medium,Box,Bandung,4675,23375000,5000,5000,+10%,0.1,5142.5,25712500,1.0285,-142.5,2337500
2024-11-01,2024,11,November,SKU11,Product C,Drink,Vanilla,Medium,Box,Bandung,4675,23375000,5000,5000,+20%,0.2,5610,28050000,1.122,-610,4675000
2024-11-01,2024,11,November,SKU11,Product C,Drink,Vanilla,Medium,Box,Bandung,4675,23375000,5000,5000,+30%,0.3,6077.5,30387500,1.2155,-1077.5,7012500
2024-11-01,2024,11,November,SKU11,Product C,Drink,Vanilla,Medium,Box,Bandung,4675,23375000,5000,5000,-10%,-0.1,4207.5,21037500,0.8415,792.5,-2337500
2024-11-01,2024,11,November,SKU11,Product C,Drink,Vanilla,Medium,Box,Bandung,4675,23375000,5000,5000,-20%,-0.2,3740,18700000,0.748,1260,-4675000
2024-11-01,2024,11,November,SKU11,Product C,Drink,Vanilla,Medium,Box,Bandung,4675,23375000,5000,5000,-30%,-0.3,3272.5,16362500,0.6545,1727.5,-7012500
2024-11-01,2024,11,November,SKU11,Product C,Drink,Vanilla,Medium,Box,Bandung,4675,23375000,5000,5000,Base,0,4675,23375000,0.935,325,0
2024-11-01,2024,11,November,SKU12,Product C,Drink,Berry,Small,Bottle,Jakarta,2356,35340000,4000,15000,+10%,0.1,2591.6000000000004,38874000.00000001,0.6479000000000001,1408.3999999999996,3534000.0000000075
2024-11-01,2024,11,November,SKU12,Product C,Drink,Berry,Small,Bottle,Jakarta,2356,35340000,4000,15000,+20%,0.2,2827.2,42408000,0.7068,1172.8000000000002,7068000
2024-11-01,2024,11,November,SKU12,Product C,Drink,Berry,Small,Bottle,Jakarta,2356,35340000,4000,15000,+30%,0.3,3062.8,45942000,0.7657,937.1999999999998,10602000
2024-11-01,2024,11,November,SKU12,Product C,Drink,Berry,Small,Bottle,Jakarta,2356,35340000,4000,15000,-10%,-0.1,2120.4,31806000,0.5301,1879.6,-3534000
2024-11-01,2024,11,November,SKU12,Product C,Drink,Berry,Small,Bottle,Jakarta,2356,35340000,4000,15000,-20%,-0.2,1884.8000000000002,28272000.000000004,0.47120000000000006,2115.2,-7067999.999999996
2024-11-01,2024,11,November,SKU12,Product C,Drink,Berry,Small,Bottle,Jakarta,2356,35340000,4000,15000,-30%,-0.3,1649.1999999999998,24737999.999999996,0.41229999999999994,2350.8,-10602000.000000004
2024-11-01,2024,11,November,SKU12,Product C,Drink,Berry,Small,Bottle,Jakarta,2356,35340000,4000,15000,Base,0,2356,35340000,0.589,1644,0
2024-12-01,2024,12,December,SKU01,Product D,Drink,Berry,Small,Box,Jakarta,2253,33795000,6000,15000,+10%,0.1,2478.3,37174500,0.41305000000000003,3521.7,3379500
2024-12-01,2024,12,December,SKU01,Product D,Drink,Berry,Small,Box,Jakarta,2253,33795000,6000,15000,+20%,0.2,2703.6,40554000,0.4506,3296.4,6759000
2024-12-01,2024,12,December,SKU01,Product D,Drink,Berry,Small,Box,Jakarta,2253,33795000,6000,15000,+30%,0.3,2928.9,43933500,0.48815000000000003,3071.1,10138500
2024-12-01,2024,12,December,SKU01,Product D,Drink,Berry,Small,Box,Jakarta,2253,33795000,6000,15000,-10%,-0.1,2027.7,30415500,0.33795000000000003,3972.3,-3379500
2024-12-01,2024,12,December,SKU01,Product D,Drink,Berry,Small,Box,Jakarta,2253,33795000,6000,15000,-20%,-0.2,1802.4,27036000,0.3004,4197.6,-6759000
2024-12-01,2024,12,December,SKU01,Product D,Drink,Berry,Small,Box,Jakarta,2253,33795000,6000,15000,-30%,-0.3,1577.1,23656500,0.26285,4422.9,-10138500
2024-12-01,2024,12,December,SKU01,Product D,Drink,Berry,Small,Box,Jakarta,2253,33795000,6000,15000,Base,0,2253,33795000,0.3755,3747,0
2024-12-01,2024,12,December,SKU02,Product D,Drink,Berry,Medium,Box,Bandung,5365,40237500,4000,7500,+10%,0.1,5901.500000000001,44261250.00000001,1.4753750000000003,-1901.500000000001,4023750.0000000075
2024-12-01,2024,12,December,SKU02,Product D,Drink,Berry,Medium,Box,Bandung,5365,40237500,4000,7500,+20%,0.2,6438,48285000,1.6095,-2438,8047500
2024-12-01,2024,12,December,SKU02,Product D,Drink,Berry,Medium,Box,Bandung,5365,40237500,4000,7500,+30%,0.3,6974.5,52308750,1.743625,-2974.5,12071250
2024-12-01,2024,12,December,SKU02,Product D,Drink,Berry,Medium,Box,Bandung,5365,40237500,4000,7500,-10%,-0.1,4828.5,36213750,1.207125,-828.5,-4023750
2024-12-01,2024,12,December,SKU02,Product D,Drink,Berry,Medium,Box,Bandung,5365,40237500,4000,7500,-20%,-0.2,4292,32190000,1.073,-292,-8047500
2024-12-01,2024,12,December,SKU02,Product D,Drink,Berry,Medium,Box,Bandung,5365,40237500,4000,7500,-30%,-0.3,3755.4999999999995,28166249.999999996,0.9388749999999999,244.50000000000045,-12071250.000000004
2024-12-01,2024,12,December,SKU02,Product D,Drink,Berry,Medium,Box,Bandung,5365,40237500,4000,7500,Base,0,5365,40237500,1.34125,-1365,0
2024-12-01,2024,12,December,SKU03,Product D,Drink,Original,Large,Box,Jakarta,3823,38230000,6000,10000,+10%,0.1,4205.3,42053000,0.7008833333333334,1794.6999999999998,3823000
2024-12-01,2024,12,December,SKU03,Product D,Drink,Original,Large,Box,Jakarta,3823,38230000,6000,10000,+20%,0.2,4587.5999999999995,45875999.99999999,0.7646,1412.4000000000005,7645999.999999993
2024-12-01,2024,12,December,SKU03,Product D,Drink,Original,Large,Box,Jakarta,3823,38230000,6000,10000,+30%,0.3,4969.9000000000005,49699000.00000001,0.8283166666666668,1030.0999999999995,11469000.000000007
2024-12-01,2024,12,December,SKU03,Product D,Drink,Original,Large,Box,Jakarta,3823,38230000,6000,10000,-10%,-0.1,3440.7000000000003,34407000,0.57345,2559.2999999999997,-3823000
2024-12-01,2024,12,December,SKU03,Product D,Drink,Original,Large,Box,Jakarta,3823,38230000,6000,10000,-20%,-0.2,3058.4,30584000,0.5097333333333334,2941.6,-7646000
2024-12-01,2024,12,December,SKU03,Product D,Drink,Original,Large,Box,Jakarta,3823,38230000,6000,10000,-30%,-0.3,2676.1,26761000,0.4460166666666667,3323.9,-11469000
2024-12-01,2024,12,December,SKU03,Product D,Drink,Original,Large,Box,Jakarta,3823,38230000,6000,10000,Base,0,3823,38230000,0.6371666666666667,2177,0
2024-12-01,2024,12,December,SKU04,Product D,Drink,Berry,Large,Bottle,Bandung,1948,19480000,4000,10000,+10%,0.1,2142.8,21428000,0.5357000000000001,1857.1999999999998,1948000
2024-12-01,2024,12,December,SKU04,Product D,Drink,Berry,Large,Bottle,Bandung,1948,19480000,4000,10000,+20%,0.2,2337.6,23376000,0.5844,1662.4,3896000
2024-12-01,2024,12,December,SKU04,Product D,Drink,Berry,Large,Bottle,Bandung,1948,19480000,4000,10000,+30%,0.3,2532.4,25324000,0.6331,1467.6,5844000
2024-12-01,2024,12,December,SKU04,Product D,Drink,Berry,Large,Bottle,Bandung,1948,19480000,4000,10000,-10%,-0.1,1753.2,17532000,0.4383,2246.8,-1948000
2024-12-01,2024,12,December,SKU04,Product D,Drink,Berry,Large,Bottle,Bandung,1948,19480000,4000,10000,-20%,-0.2,1558.4,15584000,0.3896,2441.6,-3896000
2024-12-01,2024,12,December,SKU04,Product D,Drink,Berry,Large,Bottle,Bandung,1948,19480000,4000,10000,-30%,-0.3,1363.6,13636000,0.3409,2636.4,-5844000
2024-12-01,2024,12,December,SKU04,Product D,Drink,Berry,Large,Bottle,Bandung,1948,19480000,4000,10000,Base,0,1948,19480000,0.487,2052,0
2024-12-01,2024,12,December,SKU05,Product D,Drink,Vanilla,Small,Box,Bandung,5954,89310000,6000,15000,+10%,0.1,6549.4000000000005,98241000.00000001,1.0915666666666668,-549.4000000000005,8931000.000000015
2024-12-01,2024,12,December,SKU05,Product D,Drink,Vanilla,Small,Box,Bandung,5954,89310000,6000,15000,+20%,0.2,7144.8,107172000,1.1908,-1144.8000000000002,17862000
2024-12-01,2024,12,December,SKU05,Product D,Drink,Vanilla,Small,Box,Bandung,5954,89310000,6000,15000,+30%,0.3,7740.2,116103000,1.2900333333333334,-1740.1999999999998,26793000
2024-12-01,2024,12,December,SKU05,Product D,Drink,Vanilla,Small,Box,Bandung,5954,89310000,6000,15000,-10%,-0.1,5358.6,80379000,0.8931000000000001,641.3999999999996,-8931000
2024-12-01,2024,12,December,SKU05,Product D,Drink,Vanilla,Small,Box,Bandung,5954,89310000,6000,15000,-20%,-0.2,4763.2,71448000,0.7938666666666666,1236.8000000000002,-17862000
2024-12-01,2024,12,December,SKU05,Product D,Drink,Vanilla,Small,Box,Bandung,5954,89310000,6000,15000,-30%,-0.3,4167.8,62517000,0.6946333333333333,1832.1999999999998,-26793000
2024-12-01,2024,12,December,SKU05,Product D,Drink,Vanilla,Small,Box,Bandung,5954,89310000,6000,15000,Base,0,5954,89310000,0.9923333333333333,46,0
2024-12-01,2024,12,December,SKU06,Product D,Drink,Chocolate,Medium,Bottle,Bandung,4727,23635000,4000,5000,+10%,0.1,5199.700000000001,25998500.000000004,1.2999250000000002,-1199.7000000000007,2363500.0000000037
2024-12-01,2024,12,December,SKU06,Product D,Drink,Chocolate,Medium,Bottle,Bandung,4727,23635000,4000,5000,+20%,0.2,5672.4,28362000,1.4181,-1672.3999999999996,4727000
2024-12-01,2024,12,December,SKU06,Product D,Drink,Chocolate,Medium,Bottle,Bandung,4727,23635000,4000,5000,+30%,0.3,6145.1,30725500,1.536275,-2145.1000000000004,7090500
2024-12-01,2024,12,December,SKU06,Product D,Drink,Chocolate,Medium,Bottle,Bandung,4727,23635000,4000,5000,-10%,-0.1,4254.3,21271500,1.063575,-254.30000000000018,-2363500
2024-12-01,2024,12,December,SKU06,Product D,Drink,Chocolate,Medium,Bottle,Bandung,4727,23635000,4000,5000,-20%,-0.2,3781.6000000000004,18908000,0.9454000000000001,218.39999999999964,-4727000
2024-12-01,2024,12,December,SKU06,Product D,Drink,Chocolate,Medium,Bottle,Bandung,4727,23635000,4000,5000,-30%,-0.3,3308.8999999999996,16544499.999999998,0.8272249999999999,691.1000000000004,-7090500.000000002
2024-12-01,2024,12,December,SKU06,Product D,Drink,Chocolate,Medium,Bottle,Bandung,4727,23635000,4000,5000,Base,0,4727,23635000,1.18175,-727,0
2024-12-01,2024,12,December,SKU07,Product D,Drink,Chocolate,Small,Bottle,Jakarta,793,3965000,5000,5000,+10%,0.1,872.3000000000001,4361500,0.17446,4127.7,396500
2024-12-01,2024,12,December,SKU07,Product D,Drink,Chocolate,Small,Bottle,Jakarta,793,3965000,5000,5000,+20%,0.2,951.5999999999999,4758000,0.19032,4048.4,793000
2024-12-01,2024,12,December,SKU07,Product D,Drink,Chocolate,Small,Bottle,Jakarta,793,3965000,5000,5000,+30%,0.3,1030.9,5154500,0.20618000000000003,3969.1,1189500
2024-12-01,2024,12,December,SKU07,Product D,Drink,Chocolate,Small,Bottle,Jakarta,793,3965000,5000,5000,-10%,-0.1,713.7,3568500,0.14274,4286.3,-396500
2024-12-01,2024,12,December,SKU07,Product D,Drink,Chocolate,Small,Bottle,Jakarta,793,3965000,5000,5000,-20%,-0.2,634.4000000000001,3172000.0000000005,0.12688000000000002,4365.6,-792999.9999999995
2024-12-01,2024,12,December,SKU07,Product D,Drink,Chocolate,Small,Bottle,Jakarta,793,3965000,5000,5000,-30%,-0.3,555.0999999999999,2775499.9999999995,0.11101999999999998,4444.9,-1189500.0000000005
2024-12-01,2024,12,December,SKU07,Product D,Drink,Chocolate,Small,Bottle,Jakarta,793,3965000,5000,5000,Base,0,793,3965000,0.1586,4207,0
2024-12-01,2024,12,December,SKU08,Product D,Drink,Vanilla,Small,Box,Bandung,1592,15920000,5000,10000,+10%,0.1,1751.2,17512000,0.35024,3248.8,1592000
2024-12-01,2024,12,December,SKU08,Product D,Drink,Vanilla,Small,Box,Bandung,1592,15920000,5000,10000,+20%,0.2,1910.3999999999999,19104000,0.38208,3089.6000000000004,3184000
2024-12-01,2024,12,December,SKU08,Product D,Drink,Vanilla,Small,Box,Bandung,1592,15920000,5000,10000,+30%,0.3,2069.6,20696000,0.41391999999999995,2930.4,4776000
2024-12-01,2024,12,December,SKU08,Product D,Drink,Vanilla,Small,Box,Bandung,1592,15920000,5000,10000,-10%,-0.1,1432.8,14328000,0.28656,3567.2,-1592000
2024-12-01,2024,12,December,SKU08,Product D,Drink,Vanilla,Small,Box,Bandung,1592,15920000,5000,10000,-20%,-0.2,1273.6000000000001,12736000.000000002,0.25472,3726.3999999999996,-3183999.999999998
2024-12-01,2024,12,December,SKU08,Product D,Drink,Vanilla,Small,Box,Bandung,1592,15920000,5000,10000,-30%,-0.3,1114.3999999999999,11143999.999999998,0.22287999999999997,3885.6000000000004,-4776000.000000002
2024-12-01,2024,12,December,SKU08,Product D,Drink,Vanilla,Small,Box,Bandung,1592,15920000,5000,10000,Base,0,1592,15920000,0.3184,3408,0
2024-12-01,2024,12,December,SKU09,Product D,Drink,Chocolate,Large,Box,Jakarta,5014,25070000,6000,5000,+10%,0.1,5515.4000000000005,27577000.000000004,0.9192333333333335,484.59999999999945,2507000.0000000037
2024-12-01,2024,12,December,SKU09,Product D,Drink,Chocolate,Large,Box,Jakarta,5014,25070000,6000,5000,+20%,0.2,6016.8,30084000,1.0028000000000001,-16.800000000000182,5014000
2024-12-01,2024,12,December,SKU09,Product D,Drink,Chocolate,Large,Box,Jakarta,5014,25070000,6000,5000,+30%,0.3,6518.2,32591000,1.0863666666666667,-518.1999999999998,7521000
2024-12-01,2024,12,December,SKU09,Product D,Drink,Chocolate,Large,Box,Jakarta,5014,25070000,6000,5000,-10%,-0.1,4512.6,22563000,0.7521000000000001,1487.3999999999996,-2507000
2024-12-01,2024,12,December,SKU09,Product D,Drink,Chocolate,Large,Box,Jakarta,5014,25070000,6000,5000,-20%,-0.2,4011.2000000000003,20056000,0.6685333333333334,1988.7999999999997,-5014000
2024-12-01,2024,12,December,SKU09,Product D,Drink,Chocolate,Large,Box,Jakarta,5014,25070000,6000,5000,-30%,-0.3,3509.7999999999997,17549000,0.5849666666666666,2490.2000000000003,-7521000
2024-12-01,2024,12,December,SKU09,Product D,Drink,Chocolate,Large,Box,Jakarta,5014,25070000,6000,5000,Base,0,5014,25070000,0.8356666666666667,986,0
2024-12-01,2024,12,December,SKU10,Product D,Drink,Chocolate,Small,Bottle,Jakarta,779,7790000,5000,10000,+10%,0.1,856.9000000000001,8569000,0.17138,4143.1,779000
2024-12-01,2024,12,December,SKU10,Product D,Drink,Chocolate,Small,Bottle,Jakarta,779,7790000,5000,10000,+20%,0.2,934.8,9348000,0.18696,4065.2,1558000
2024-12-01,2024,12,December,SKU10,Product D,Drink,Chocolate,Small,Bottle,Jakarta,779,7790000,5000,10000,+30%,0.3,1012.7,10127000,0.20254,3987.3,2337000
2024-12-01,2024,12,December,SKU10,Product D,Drink,Chocolate,Small,Bottle,Jakarta,779,7790000,5000,10000,-10%,-0.1,701.1,7011000,0.14022,4298.9,-779000
2024-12-01,2024,12,December,SKU10,Product D,Drink,Chocolate,Small,Bottle,Jakarta,779,7790000,5000,10000,-20%,-0.2,623.2,6232000,0.12464000000000001,4376.8,-1558000
2024-12-01,2024,12,December,SKU10,Product D,Drink,Chocolate,Small,Bottle,Jakarta,779,7790000,5000,10000,-30%,-0.3,545.3,5453000,0.10905999999999999,4454.7,-2337000
2024-12-01,2024,12,December,SKU10,Product D,Drink,Chocolate,Small,Bottle,Jakarta,779,7790000,5000,10000,Base,0,779,7790000,0.1558,4221,0
2024-12-01,2024,12,December,SKU11,Product D,Drink,Vanilla,Medium,Box,Jakarta,5694,85410000,4000,15000,+10%,0.1,6263.4000000000005,93951000.00000001,1.5658500000000002,-2263.4000000000005,8541000.000000015
2024-12-01,2024,12,December,SKU11,Product D,Drink,Vanilla,Medium,Box,Jakarta,5694,85410000,4000,15000,+20%,0.2,6832.8,102492000,1.7082,-2832.8,17082000
2024-12-01,2024,12,December,SKU11,Product D,Drink,Vanilla,Medium,Box,Jakarta,5694,85410000,4000,15000,+30%,0.3,7402.2,111033000,1.85055,-3402.2,25623000
2024-12-01,2024,12,December,SKU11,Product D,Drink,Vanilla,Medium,Box,Jakarta,5694,85410000,4000,15000,-10%,-0.1,5124.6,76869000,1.28115,-1124.6000000000004,-8541000
2024-12-01,2024,12,December,SKU11,Product D,Drink,Vanilla,Medium,Box,Jakarta,5694,85410000,4000,15000,-20%,-0.2,4555.2,68328000,1.1388,-555.1999999999998,-17082000
2024-12-01,2024,12,December,SKU11,Product D,Drink,Vanilla,Medium,Box,Jakarta,5694,85410000,4000,15000,-30%,-0.3,3985.7999999999997,59786999.99999999,0.99645,14.200000000000273,-25623000.000000007
2024-12-01,2024,12,December,SKU11,Product D,Drink,Vanilla,Medium,Box,Jakarta,5694,85410000,4000,15000,Base,0,5694,85410000,1.4235,-1694,0
2024-12-01,2024,12,December,SKU12,Product D,Drink,Vanilla,Medium,Box,Bandung,5777,28885000,5000,5000,+10%,0.1,6354.700000000001,31773500.000000004,1.2709400000000002,-1354.7000000000007,2888500.0000000037
2024-12-01,2024,12,December,SKU12,Product D,Drink,Vanilla,Medium,Box,Bandung,5777,28885000,5000,5000,+20%,0.2,6932.4,34662000,1.38648,-1932.3999999999996,5777000
2024-12-01,2024,12,December,SKU12,Product D,Drink,Vanilla,Medium,Box,Bandung,5777,28885000,5000,5000,+30%,0.3,7510.1,37550500,1.5020200000000001,-2510.1000000000004,8665500
2024-12-01,2024,12,December,SKU12,Product D,Drink,Vanilla,Medium,Box,Bandung,5777,28885000,5000,5000,-10%,-0.1,5199.3,25996500,1.03986,-199.30000000000018,-2888500
2024-12-01,2024,12,December,SKU12,Product D,Drink,Vanilla,Medium,Box,Bandung,5777,28885000,5000,5000,-20%,-0.2,4621.6,23108000,0.92432,378.39999999999964,-5777000
2024-12-01,2024,12,December,SKU12,Product D,Drink,Vanilla,Medium,Box,Bandung,5777,28885000,5000,5000,-30%,-0.3,4043.8999999999996,20219500,0.8087799999999999,956.1000000000004,-8665500
2024-12-01,2024,12,December,SKU12,Product D,Drink,Vanilla,Medium,Box,Bandung,5777,28885000,5000,5000,Base,0,5777,28885000,1.1554,-777,0
2025-01-01,2025,1,January,SKU01,Product A,Food,Berry,Medium,Box,Jakarta,1208,6040000,5000,5000,+10%,0.1,1328.8000000000002,6644000.000000001,0.26576000000000005,3671.2,604000.0000000009
2025-01-01,2025,1,January,SKU01,Product A,Food,Berry,Medium,Box,Jakarta,1208,6040000,5000,5000,+20%,0.2,1449.6,7248000,0.28991999999999996,3550.4,1208000
2025-01-01,2025,1,January,SKU01,Product A,Food,Berry,Medium,Box,Jakarta,1208,6040000,5000,5000,+30%,0.3,1570.4,7852000,0.31408,3429.6,1812000
2025-01-01,2025,1,January,SKU01,Product A,Food,Berry,Medium,Box,Jakarta,1208,6040000,5000,5000,-10%,-0.1,1087.2,5436000,0.21744000000000002,3912.8,-604000
2025-01-01,2025,1,January,SKU01,Product A,Food,Berry,Medium,Box,Jakarta,1208,6040000,5000,5000,-20%,-0.2,966.4000000000001,4832000,0.19328,4033.6,-1208000
2025-01-01,2025,1,January,SKU01,Product A,Food,Berry,Medium,Box,Jakarta,1208,6040000,5000,5000,-30%,-0.3,845.5999999999999,4228000,0.16912,4154.4,-1812000
2025-01-01,2025,1,January,SKU01,Product A,Food,Berry,Medium,Box,Jakarta,1208,6040000,5000,5000,Base,0,1208,6040000,0.2416,3792,0
2025-01-01,2025,1,January,SKU02,Product A,Food,Vanilla,Large,Box,Bandung,1763,17630000,6000,10000,+10%,0.1,1939.3000000000002,19393000,0.3232166666666667,4060.7,1763000
2025-01-01,2025,1,January,SKU02,Product A,Food,Vanilla,Large,Box,Bandung,1763,17630000,6000,10000,+20%,0.2,2115.6,21156000,0.35259999999999997,3884.4,3526000
2025-01-01,2025,1,January,SKU02,Product A,Food,Vanilla,Large,Box,Bandung,1763,17630000,6000,10000,+30%,0.3,2291.9,22919000,0.38198333333333334,3708.1,5289000
2025-01-01,2025,1,January,SKU02,Product A,Food,Vanilla,Large,Box,Bandung,1763,17630000,6000,10000,-10%,-0.1,1586.7,15867000,0.26445,4413.3,-1763000
2025-01-01,2025,1,January,SKU02,Product A,Food,Vanilla,Large,Box,Bandung,1763,17630000,6000,10000,-20%,-0.2,1410.4,14104000,0.23506666666666667,4589.6,-3526000
2025-01-01,2025,1,January,SKU02,Product A,Food,Vanilla,Large,Box,Bandung,1763,17630000,6000,10000,-30%,-0.3,1234.1,12341000,0.20568333333333333,4765.9,-5289000
2025-01-01,2025,1,January,SKU02,Product A,Food,Vanilla,Large,Box,Bandung,1763,17630000,6000,10000,Base,0,1763,17630000,0.29383333333333334,4237,0
2025-01-01,2025,1,January,SKU03,Product A,Food,Berry,Large,Bottle,Jakarta,4030,30225000,5000,7500,+10%,0.1,4433,33247500,0.8866,567,3022500
2025-01-01,2025,1,January,SKU03,Product A,Food,Berry,Large,Bottle,Jakarta,4030,30225000,5000,7500,+20%,0.2,4836,36270000,0.9672,164,6045000
2025-01-01,2025,1,January,SKU03,Product A,Food,Berry,Large,Bottle,Jakarta,4030,30225000,5000,7500,+30%,0.3,5239,39292500,1.0478,-239,9067500
2025-01-01,2025,1,January,SKU03,Product A,Food,Berry,Large,Bottle,Jakarta,4030,30225000,5000,7500,-10%,-0.1,3627,27202500,0.7254,1373,-3022500
2025-01-01,2025,1,January,SKU03,Product A,Food,Berry,Large,Bottle,Jakarta,4030,30225000,5000,7500,-20%,-0.2,3224,24180000,0.6448,1776,-6045000
2025-01-01,2025,1,January,SKU03,Product A,Food,Berry,Large,Bottle,Jakarta,4030,30225000,5000,7500,-30%,-0.3,2821,21157500,0.5642,2179,-9067500
2025-01-01,2025,1,January,SKU03,Product A,Food,Berry,Large,Bottle,Jakarta,4030,30225000,5000,7500,Base,0,4030,30225000,0.806,970,0
2025-01-01,2025,1,January,SKU04,Product A,Food,Chocolate,Large,Bottle,Jakarta,4329,43290000,4000,10000,+10%,0.1,4761.9000000000005,47619000.00000001,1.1904750000000002,-761.9000000000005,4329000.000000007
2025-01-01,2025,1,January,SKU04,Product A,Food,Chocolate,Large,Bottle,Jakarta,4329,43290000,4000,10000,+20%,0.2,5194.8,51948000,1.2987,-1194.8000000000002,8658000
2025-01-01,2025,1,January,SKU04,Product A,Food,Chocolate,Large,Bottle,Jakarta,4329,43290000,4000,10000,+30%,0.3,5627.7,56277000,1.406925,-1627.6999999999998,12987000
2025-01-01,2025,1,January,SKU04,Product A,Food,Chocolate,Large,Bottle,Jakarta,4329,43290000,4000,10000,-10%,-0.1,3896.1,38961000,0.974025,103.90000000000009,-4329000
2025-01-01,2025,1,January,SKU04,Product A,Food,Chocolate,Large,Bottle,Jakarta,4329,43290000,4000,10000,-20%,-0.2,3463.2000000000003,34632000,0.8658,536.7999999999997,-8658000
2025-01-01,2025,1,January,SKU04,Product A,Food,Chocolate,Large,Bottle,Jakarta,4329,43290000,4000,10000,-30%,-0.3,3030.2999999999997,30302999.999999996,0.7575749999999999,969.7000000000003,-12987000.000000004
2025-01-01,2025,1,January,SKU04,Product A,Food,Chocolate,Large,Bottle,Jakarta,4329,43290000,4000,10000,Base,0,4329,43290000,1.08225,-329,0
2025-01-01,2025,1,January,SKU05,Product A,Food,Vanilla,Large,Box,Bandung,4170,20850000,4000,5000,+10%,0.1,4587,22935000,1.14675,-587,2085000
2025-01-01,2025,1,January,SKU05,Product A,Food,Vanilla,Large,Box,Bandung,4170,20850000,4000,5000,+20%,0.2,5004,25020000,1.251,-1004,4170000
2025-01-01,2025,1,January,SKU05,Product A,Food,Vanilla,Large,Box,Bandung,4170,20850000,4000,5000,+30%,0.3,5421,27105000,1.35525,-1421,6255000
2025-01-01,2025,1,January,SKU05,Product A,Food,Vanilla,Large,Box,Bandung,4170,20850000,4000,5000,-10%,-0.1,3753,18765000,0.93825,247,-2085000
2025-01-01,2025,1,January,SKU05,Product A,Food,Vanilla,Large,Box,Bandung,4170,20850000,4000,5000,-20%,-0.2,3336,16680000,0.834,664,-4170000
2025-01-01,2025,1,January,SKU05,Product A,Food,Vanilla,Large,Box,Bandung,4170,20850000,4000,5000,-30%,-0.3,2919,14595000,0.72975,1081,-6255000
2025-01-01,2025,1,January,SKU05,Product A,Food,Vanilla,Large,Box,Bandung,4170,20850000,4000,5000,Base,0,4170,20850000,1.0425,-170,0
2025-01-01,2025,1,January,SKU06,Product A,Food,Vanilla,Medium,Bottle,Jakarta,3775,37750000,5000,10000,+10%,0.1,4152.5,41525000,0.8305,847.5,3775000
2025-01-01,2025,1,January,SKU06,Product A,Food,Vanilla,Medium,Bottle,Jakarta,3775,37750000,5000,10000,+20%,0.2,4530,45300000,0.906,470,7550000
2025-01-01,2025,1,January,SKU06,Product A,Food,Vanilla,Medium,Bottle,Jakarta,3775,37750000,5000,10000,+30%,0.3,4907.5,49075000,0.9815,92.5,11325000
2025-01-01,2025,1,January,SKU06,Product A,Food,Vanilla,Medium,Bottle,Jakarta,3775,37750000,5000,10000,-10%,-0.1,3397.5,33975000,0.6795,1602.5,-3775000
2025-01-01,2025,1,January,SKU06,Product A,Food,Vanilla,Medium,Bottle,Jakarta,3775,37750000,5000,10000,-20%,-0.2,3020,30200000,0.604,1980,-7550000
2025-01-01,2025,1,January,SKU06,Product A,Food,Vanilla,Medium,Bottle,Jakarta,3775,37750000,5000,10000,-30%,-0.3,2642.5,26425000,0.5285,2357.5,-11325000
2025-01-01,2025,1,January,SKU06,Product A,Food,Vanilla,Medium,Bottle,Jakarta,3775,37750000,5000,10000,Base,0,3775,37750000,0.755,1225,0
2025-01-01,2025,1,January,SKU07,Product A,Food,Berry,Medium,Box,Jakarta,3702,27765000,4000,7500,+10%,0.1,4072.2000000000003,30541500.000000004,1.0180500000000001,-72.20000000000027,2776500.0000000037
2025-01-01,2025,1,January,SKU07,Product A,Food,Berry,Medium,Box,Jakarta,3702,27765000,4000,7500,+20%,0.2,4442.4,33317999.999999996,1.1105999999999998,-442.39999999999964,5552999.999999996
2025-01-01,2025,1,January,SKU07,Product A,Food,Berry,Medium,Box,Jakarta,3702,27765000,4000,7500,+30%,0.3,4812.6,36094500,1.2031500000000002,-812.6000000000004,8329500
2025-01-01,2025,1,January,SKU07,Product A,Food,Berry,Medium,Box,Jakarta,3702,27765000,4000,7500,-10%,-0.1,3331.8,24988500,0.8329500000000001,668.1999999999998,-2776500
2025-01-01,2025,1,January,SKU07,Product A,Food,Berry,Medium,Box,Jakarta,3702,27765000,4000,7500,-20%,-0.2,2961.6000000000004,22212000.000000004,0.7404000000000001,1038.3999999999996,-5552999.999999996
2025-01-01,2025,1,January,SKU07,Product A,Food,Berry,Medium,Box,Jakarta,3702,27765000,4000,7500,-30%,-0.3,2591.3999999999996,19435499.999999996,0.6478499999999999,1408.6000000000004,-8329500.000000004
2025-01-01,2025,1,January,SKU07,Product A,Food,Berry,Medium,Box,Jakarta,3702,27765000,4000,7500,Base,0,3702,27765000,0.9255,298,0
2025-01-01,2025,1,January,SKU08,Product A,Food,Berry,Medium,Box,Jakarta,2161,32415000,6000,15000,+10%,0.1,2377.1000000000004,35656500.00000001,0.3961833333333334,3622.8999999999996,3241500.0000000075
2025-01-01,2025,1,January,SKU08,Product A,Food,Berry,Medium,Box,Jakarta,2161,32415000,6000,15000,+20%,0.2,2593.2,38898000,0.4322,3406.8,6483000
2025-01-01,2025,1,January,SKU08,Product A,Food,Berry,Medium,Box,Jakarta,2161,32415000,6000,15000,+30%,0.3,2809.3,42139500,0.46821666666666667,3190.7,9724500
2025-01-01,2025,1,January,SKU08,Product A,Food,Berry,Medium,Box,Jakarta,2161,32415000,6000,15000,-10%,-0.1,1944.9,29173500,0.32415,4055.1,-3241500
2025-01-01,2025,1,January,SKU08,Product A,Food,Berry,Medium,Box,Jakarta,2161,32415000,6000,15000,-20%,-0.2,1728.8000000000002,25932000.000000004,0.28813333333333335,4271.2,-6482999.999999996
2025-01-01,2025,1,January,SKU08,Product A,Food,Berry,Medium,Box,Jakarta,2161,32415000,6000,15000,-30%,-0.3,1512.6999999999998,22690499.999999996,0.25211666666666666,4487.3,-9724500.000000004
2025-01-01,2025,1,January,SKU08,Product A,Food,Berry,Medium,Box,Jakarta,2161,32415000,6000,15000,Base,0,2161,32415000,0.3601666666666667,3839,0
2025-01-01,2025,1,January,SKU09,Product A,Food,Berry,Medium,Bottle,Jakarta,3522,52830000,5000,15000,+10%,0.1,3874.2000000000003,58113000.00000001,0.7748400000000001,1125.7999999999997,5283000.000000007
2025-01-01,2025,1,January,SKU09,Product A,Food,Berry,Medium,Bottle,Jakarta,3522,52830000,5000,15000,+20%,0.2,4226.4,63395999.99999999,0.8452799999999999,773.6000000000004,10565999.999999993
2025-01-01,2025,1,January,SKU09,Product A,Food,Berry,Medium,Bottle,Jakarta,3522,52830000,5000,15000,+30%,0.3,4578.6,68679000,0.9157200000000001,421.39999999999964,15849000
2025-01-01,2025,1,January,SKU09,Product A,Food,Berry,Medium,Bottle,Jakarta,3522,52830000,5000,15000,-10%,-0.1,3169.8,47547000,0.6339600000000001,1830.1999999999998,-5283000
2025-01-01,2025,1,January,SKU09,Product A,Food,Berry,Medium,Bottle,Jakarta,3522,52830000,5000,15000,-20%,-0.2,2817.6000000000004,42264000.00000001,0.56352,2182.3999999999996,-10565999.999999993
2025-01-01,2025,1,January,SKU09,Product A,Food,Berry,Medium,Bottle,Jakarta,3522,52830000,5000,15000,-30%,-0.3,2465.3999999999996,36980999.99999999,0.4930799999999999,2534.6000000000004,-15849000.000000007
2025-01-01,2025,1,January,SKU09,Product A,Food,Berry,Medium,Bottle,Jakarta,3522,52830000,5000,15000,Base,0,3522,52830000,0.7044,1478,0
2025-01-01,2025,1,January,SKU10,Product A,Food,Original,Small,Box,Jakarta,1309,9817500,6000,7500,+10%,0.1,1439.9,10799250,0.23998333333333335,4560.1,981750
2025-01-01,2025,1,January,SKU10,Product A,Food,Original,Small,Box,Jakarta,1309,9817500,6000,7500,+20%,0.2,1570.8,11781000,0.2618,4429.2,1963500
2025-01-01,2025,1,January,SKU10,Product A,Food,Original,Small,Box,Jakarta,1309,9817500,6000,7500,+30%,0.3,1701.7,12762750,0.2836166666666667,4298.3,2945250
2025-01-01,2025,1,January,SKU10,Product A,Food,Original,Small,Box,Jakarta,1309,9817500,6000,7500,-10%,-0.1,1178.1000000000001,8835750.000000002,0.19635000000000002,4821.9,-981749.9999999981
2025-01-01,2025,1,January,SKU10,Product A,Food,Original,Small,Box,Jakarta,1309,9817500,6000,7500,-20%,-0.2,1047.2,7854000,0.17453333333333335,4952.8,-1963500
2025-01-01,2025,1,January,SKU10,Product A,Food,Original,Small,Box,Jakarta,1309,9817500,6000,7500,-30%,-0.3,916.3,6872250,0.15271666666666667,5083.7,-2945250
2025-01-01,2025,1,January,SKU10,Product A,Food,Original,Small,Box,Jakarta,1309,9817500,6000,7500,Base,0,1309,9817500,0.21816666666666668,4691,0
2025-01-01,2025,1,January,SKU11,Product A,Food,Berry,Large,Box,Jakarta,2578,19335000,5000,7500,+10%,0.1,2835.8,21268500,0.56716,2164.2,1933500
2025-01-01,2025,1,January,SKU11,Product A,Food,Berry,Large,Box,Jakarta,2578,19335000,5000,7500,+20%,0.2,3093.6,23202000,0.6187199999999999,1906.4,3867000
2025-01-01,2025,1,January,SKU11,Product A,Food,Berry,Large,Box,Jakarta,2578,19335000,5000,7500,+30%,0.3,3351.4,25135500,0.67028,1648.6,5800500
2025-01-01,2025,1,January,SKU11,Product A,Food,Berry,Large,Box,Jakarta,2578,19335000,5000,7500,-10%,-0.1,2320.2000000000003,17401500.000000004,0.46404000000000006,2679.7999999999997,-1933499.9999999963
2025-01-01,2025,1,January,SKU11,Product A,Food,Berry,Large,Box,Jakarta,2578,19335000,5000,7500,-20%,-0.2,2062.4,15468000,0.41248,2937.6,-3867000
2025-01-01,2025,1,January,SKU11,Product A,Food,Berry,Large,Box,Jakarta,2578,19335000,5000,7500,-30%,-0.3,1804.6,13534500,0.36091999999999996,3195.4,-5800500
2025-01-01,2025,1,January,SKU11,Product A,Food,Berry,Large,Box,Jakarta,2578,19335000,5000,7500,Base,0,2578,19335000,0.5156,2422,0
2025-01-01,2025,1,January,SKU12,Product A,Food,Berry,Large,Bottle,Jakarta,3286,49290000,5000,15000,+10%,0.1,3614.6000000000004,54219000.00000001,0.7229200000000001,1385.3999999999996,4929000.000000007
2025-01-01,2025,1,January,SKU12,Product A,Food,Berry,Large,Bottle,Jakarta,3286,49290000,5000,15000,+20%,0.2,3943.2,59148000,0.78864,1056.8000000000002,9858000
2025-01-01,2025,1,January,SKU12,Product A,Food,Berry,Large,Bottle,Jakarta,3286,49290000,5000,15000,+30%,0.3,4271.8,64077000,0.85436,728.1999999999998,14787000
2025-01-01,2025,1,January,SKU12,Product A,Food,Berry,Large,Bottle,Jakarta,3286,49290000,5000,15000,-10%,-0.1,2957.4,44361000,0.59148,2042.6,-4929000
2025-01-01,2025,1,January,SKU12,Product A,Food,Berry,Large,Bottle,Jakarta,3286,49290000,5000,15000,-20%,-0.2,2628.8,39432000,0.52576,2371.2,-9858000
2025-01-01,2025,1,January,SKU12,Product A,Food,Berry,Large,Bottle,Jakarta,3286,49290000,5000,15000,-30%,-0.3,2300.2,34503000,0.46003999999999995,2699.8,-14787000
2025-01-01,2025,1,January,SKU12,Product A,Food,Berry,Large,Bottle,Jakarta,3286,49290000,5000,15000,Base,0,3286,49290000,0.6572,1714,0
2025-02-01,2025,2,February,SKU01,Product B,Food,Chocolate,Medium,Box,Bandung,4423,33172500,5000,7500,+10%,0.1,4865.3,36489750,0.97306,134.69999999999982,3317250
2025-02-01,2025,2,February,SKU01,Product B,Food,Chocolate,Medium,Box,Bandung,4423,33172500,5000,7500,+20%,0.2,5307.5999999999995,39806999.99999999,1.0615199999999998,-307.59999999999945,6634499.999999993
2025-02-01,2025,2,February,SKU01,Product B,Food,Chocolate,Medium,Box,Bandung,4423,33172500,5000,7500,+30%,0.3,5749.9000000000005,43124250.00000001,1.14998,-749.9000000000005,9951750.000000007
2025-02-01,2025,2,February,SKU01,Product B,Food,Chocolate,Medium,Box,Bandung,4423,33172500,5000,7500,-10%,-0.1,3980.7000000000003,29855250.000000004,0.7961400000000001,1019.2999999999997,-3317249.9999999963
2025-02-01,2025,2,February,SKU01,Product B,Food,Chocolate,Medium,Box,Bandung,4423,33172500,5000,7500,-20%,-0.2,3538.4,26538000,0.70768,1461.6,-6634500
2025-02-01,2025,2,February,SKU01,Product B,Food,Chocolate,Medium,Box,Bandung,4423,33172500,5000,7500,-30%,-0.3,3096.1,23220750,0.61922,1903.9,-9951750
2025-02-01,2025,2,February,SKU01,Product B,Food,Chocolate,Medium,Box,Bandung,4423,33172500,5000,7500,Base,0,4423,33172500,0.8846,577,0
2025-02-01,2025,2,February,SKU02,Product B,Food,Vanilla,Large,Bottle,Jakarta,3897,29227500,4000,7500,+10%,0.1,4286.700000000001,32150250.000000004,1.0716750000000002,-286.7000000000007,2922750.0000000037
2025-02-01,2025,2,February,SKU02,Product B,Food,Vanilla,Large,Bottle,Jakarta,3897,29227500,4000,7500,+20%,0.2,4676.4,35073000,1.1690999999999998,-676.3999999999996,5845500
2025-02-01,2025,2,February,SKU02,Product B,Food,Vanilla,Large,Bottle,Jakarta,3897,29227500,4000,7500,+30%,0.3,5066.1,37995750,1.2665250000000001,-1066.1000000000004,8768250
2025-02-01,2025,2,February,SKU02,Product B,Food,Vanilla,Large,Bottle,Jakarta,3897,29227500,4000,7500,-10%,-0.1,3507.3,26304750,0.8768250000000001,492.6999999999998,-2922750
2025-02-01,2025,2,February,SKU02,Product B,Food,Vanilla,Large,Bottle,Jakarta,3897,29227500,4000,7500,-20%,-0.2,3117.6000000000004,23382000.000000004,0.7794000000000001,882.3999999999996,-5845499.999999996
2025-02-01,2025,2,February,SKU02,Product B,Food,Vanilla,Large,Bottle,Jakarta,3897,29227500,4000,7500,-30%,-0.3,2727.8999999999996,20459249.999999996,0.6819749999999999,1272.1000000000004,-8768250.000000004
2025-02-01,2025,2,February,SKU02,Product B,Food,Vanilla,Large,Bottle,Jakarta,3897,29227500,4000,7500,Base,0,3897,29227500,0.97425,103,0
2025-02-01,2025,2,February,SKU03,Product B,Food,Berry,Medium,Box,Bandung,3415,17075000,6000,5000,+10%,0.1,3756.5000000000005,18782500.000000004,0.6260833333333334,2243.4999999999995,1707500.0000000037
2025-02-01,2025,2,February,SKU03,Product B,Food,Berry,Medium,Box,Bandung,3415,17075000,6000,5000,+20%,0.2,4098,20490000,0.683,1902,3415000
2025-02-01,2025,2,February,SKU03,Product B,Food,Berry,Medium,Box,Bandung,3415,17075000,6000,5000,+30%,0.3,4439.5,22197500,0.7399166666666667,1560.5,5122500
2025-02-01,2025,2,February,SKU03,Product B,Food,Berry,Medium,Box,Bandung,3415,17075000,6000,5000,-10%,-0.1,3073.5,15367500,0.51225,2926.5,-1707500
2025-02-01,2025,2,February,SKU03,Product B,Food,Berry,Medium,Box,Bandung,3415,17075000,6000,5000,-20%,-0.2,2732,13660000,0.4553333333333333,3268,-3415000
2025-02-01,2025,2,February,SKU03,Product B,Food,Berry,Medium,Box,Bandung,3415,17075000,6000,5000,-30%,-0.3,2390.5,11952500,0.39841666666666664,3609.5,-5122500
2025-02-01,2025,2,February,SKU03,Product B,Food,Berry,Medium,Box,Bandung,3415,17075000,6000,5000,Base,0,3415,17075000,0.5691666666666667,2585,0
2025-02-01,2025,2,February,SKU04,Product B,Food,Original,Large,Bottle,Bandung,1703,12772500,4000,7500,+10%,0.1,1873.3000000000002,14049750.000000002,0.46832500000000005,2126.7,1277250.0000000019
2025-02-01,2025,2,February,SKU04,Product B,Food,Original,Large,Bottle,Bandung,1703,12772500,4000,7500,+20%,0.2,2043.6,15327000,0.5109,1956.4,2554500
2025-02-01,2025,2,February,SKU04,Product B,Food,Original,Large,Bottle,Bandung,1703,12772500,4000,7500,+30%,0.3,2213.9,16604250,0.553475,1786.1,3831750
2025-02-01,2025,2,February,SKU04,Product B,Food,Original,Large,Bottle,Bandung,1703,12772500,4000,7500,-10%,-0.1,1532.7,11495250,0.383175,2467.3,-1277250
2025-02-01,2025,2,February,SKU04,Product B,Food,Original,Large,Bottle,Bandung,1703,12772500,4000,7500,-20%,-0.2,1362.4,10218000,0.3406,2637.6,-2554500
2025-02-01,2025,2,February,SKU04,Product B,Food,Original,Large,Bottle,Bandung,1703,12772500,4000,7500,-30%,-0.3,1192.1,8940750,0.298025,2807.9,-3831750
2025-02-01,2025,2,February,SKU04,Product B,Food,Original,Large,Bottle,Bandung,1703,12772500,4000,7500,Base,0,1703,12772500,0.42575,2297,0
2025-02-01,2025,2,February,SKU05,Product B,Food,Vanilla,Large,Box,Jakarta,1399,20985000,6000,15000,+10%,0.1,1538.9,23083500,0.25648333333333334,4461.1,2098500
2025-02-01,2025,2,February,SKU05,Product B,Food,Vanilla,Large,Box,Jakarta,1399,20985000,6000,15000,+20%,0.2,1678.8,25182000,0.2798,4321.2,4197000
2025-02-01,2025,2,February,SKU05,Product B,Food,Vanilla,Large,Box,Jakarta,1399,20985000,6000,15000,+30%,0.3,1818.7,27280500,0.3031166666666667,4181.3,6295500
2025-02-01,2025,2,February,SKU05,Product B,Food,Vanilla,Large,Box,Jakarta,1399,20985000,6000,15000,-10%,-0.1,1259.1000000000001,18886500.000000004,0.20985000000000004,4740.9,-2098499.9999999963
2025-02-01,2025,2,February,SKU05,Product B,Food,Vanilla,Large,Box,Jakarta,1399,20985000,6000,15000,-20%,-0.2,1119.2,16788000,0.18653333333333333,4880.8,-4197000
2025-02-01,2025,2,February,SKU05,Product B,Food,Vanilla,Large,Box,Jakarta,1399,20985000,6000,15000,-30%,-0.3,979.3,14689500,0.16321666666666665,5020.7,-6295500
2025-02-01,2025,2,February,SKU05,Product B,Food,Vanilla,Large,Box,Jakarta,1399,20985000,6000,15000,Base,0,1399,20985000,0.23316666666666666,4601,0
2025-02-01,2025,2,February,SKU06,Product B,Food,Original,Medium,Bottle,Bandung,988,14820000,6000,15000,+10%,0.1,1086.8000000000002,16302000.000000002,0.18113333333333337,4913.2,1482000.0000000019
2025-02-01,2025,2,February,SKU06,Product B,Food,Original,Medium,Bottle,Bandung,988,14820000,6000,15000,+20%,0.2,1185.6,17784000,0.1976,4814.4,2964000
2025-02-01,2025,2,February,SKU06,Product B,Food,Original,Medium,Bottle,Bandung,988,14820000,6000,15000,+30%,0.3,1284.4,19266000,0.21406666666666668,4715.6,4446000
2025-02-01,2025,2,February,SKU06,Product B,Food,Original,Medium,Bottle,Bandung,988,14820000,6000,15000,-10%,-0.1,889.2,13338000,0.1482,5110.8,-1482000
2025-02-01,2025,2,February,SKU06,Product B,Food,Original,Medium,Bottle,Bandung,988,14820000,6000,15000,-20%,-0.2,790.4000000000001,11856000.000000002,0.13173333333333334,5209.6,-2963999.999999998
2025-02-01,2025,2,February,SKU06,Product B,Food,Original,Medium,Bottle,Bandung,988,14820000,6000,15000,-30%,-0.3,691.5999999999999,10373999.999999998,0.11526666666666666,5308.4,-4446000.000000002
2025-02-01,2025,2,February,SKU06,Product B,Food,Original,Medium,Bottle,Bandung,988,14820000,6000,15000,Base,0,988,14820000,0.16466666666666666,5012,0
2025-02-01,2025,2,February,SKU07,Product B,Food,Vanilla,Small,Box,Jakarta,4284,21420000,6000,5000,+10%,0.1,4712.4000000000005,23562000.000000004,0.7854000000000001,1287.5999999999995,2142000.0000000037
2025-02-01,2025,2,February,SKU07,Product B,Food,Vanilla,Small,Box,Jakarta,4284,21420000,6000,5000,+20%,0.2,5140.8,25704000,0.8568,859.1999999999998,4284000
2025-02-01,2025,2,February,SKU07,Product B,Food,Vanilla,Small,Box,Jakarta,4284,21420000,6000,5000,+30%,0.3,5569.2,27846000,0.9282,430.8000000000002,6426000
2025-02-01,2025,2,February,SKU07,Product B,Food,Vanilla,Small,Box,Jakarta,4284,21420000,6000,5000,-10%,-0.1,3855.6,19278000,0.6426,2144.4,-2142000
2025-02-01,2025,2,February,SKU07,Product B,Food,Vanilla,Small,Box,Jakarta,4284,21420000,6000,5000,-20%,-0.2,3427.2000000000003,17136000,0.5712,2572.7999999999997,-4284000
2025-02-01,2025,2,February,SKU07,Product B,Food,Vanilla,Small,Box,Jakarta,4284,21420000,6000,5000,-30%,-0.3,2998.7999999999997,14993999.999999998,0.49979999999999997,3001.2000000000003,-6426000.000000002
2025-02-01,2025,2,February,SKU07,Product B,Food,Vanilla,Small,Box,Jakarta,4284,21420000,6000,5000,Base,0,4284,21420000,0.714,1716,0
2025-02-01,2025,2,February,SKU08,Product B,Food,Vanilla,Medium,Bottle,Bandung,1860,13950000,5000,7500,+10%,0.1,2046.0000000000002,15345000.000000002,0.40920000000000006,2954,1395000.0000000019
2025-02-01,2025,2,February,SKU08,Product B,Food,Vanilla,Medium,Bottle,Bandung,1860,13950000,5000,7500,+20%,0.2,2232,16740000,0.4464,2768,2790000
2025-02-01,2025,2,February,SKU08,Product B,Food,Vanilla,Medium,Bottle,Bandung,1860,13950000,5000,7500,+30%,0.3,2418,18135000,0.4836,2582,4185000
2025-02-01,2025,2,February,SKU08,Product B,Food,Vanilla,Medium,Bottle,Bandung,1860,13950000,5000,7500,-10%,-0.1,1674,12555000,0.3348,3326,-1395000
2025-02-01,2025,2,February,SKU08,Product B,Food,Vanilla,Medium,Bottle,Bandung,1860,13950000,5000,7500,-20%,-0.2,1488,11160000,0.2976,3512,-2790000
2025-02-01,2025,2,February,SKU08,Product B,Food,Vanilla,Medium,Bottle,Bandung,1860,13950000,5000,7500,-30%,-0.3,1302,9765000,0.2604,3698,-4185000
2025-02-01,2025,2,February,SKU08,Product B,Food,Vanilla,Medium,Bottle,Bandung,1860,13950000,5000,7500,Base,0,1860,13950000,0.372,3140,0
2025-02-01,2025,2,February,SKU09,Product B,Food,Berry,Medium,Bottle,Bandung,1274,19110000,6000,15000,+10%,0.1,1401.4,21021000,0.23356666666666667,4598.6,1911000
2025-02-01,2025,2,February,SKU09,Product B,Food,Berry,Medium,Bottle,Bandung,1274,19110000,6000,15000,+20%,0.2,1528.8,22932000,0.25479999999999997,4471.2,3822000
2025-02-01,2025,2,February,SKU09,Product B,Food,Berry,Medium,Bottle,Bandung,1274,19110000,6000,15000,+30%,0.3,1656.2,24843000,0.27603333333333335,4343.8,5733000
2025-02-01,2025,2,February,SKU09,Product B,Food,Berry,Medium,Bottle,Bandung,1274,19110000,6000,15000,-10%,-0.1,1146.6000000000001,17199000.000000004,0.19110000000000002,4853.4,-1910999.9999999963
2025-02-01,2025,2,February,SKU09,Product B,Food,Berry,Medium,Bottle,Bandung,1274,19110000,6000,15000,-20%,-0.2,1019.2,15288000,0.16986666666666667,4980.8,-3822000
2025-02-01,2025,2,February,SKU09,Product B,Food,Berry,Medium,Bottle,Bandung,1274,19110000,6000,15000,-30%,-0.3,891.8,13377000,0.14863333333333334,5108.2,-5733000
2025-02-01,2025,2,February,SKU09,Product B,Food,Berry,Medium,Bottle,Bandung,1274,19110000,6000,15000,Base,0,1274,19110000,0.21233333333333335,4726,0
2025-02-01,2025,2,February,SKU10,Product B,Food,Vanilla,Small,Box,Jakarta,1979,9895000,5000,5000,+10%,0.1,2176.9,10884500,0.43538000000000004,2823.1,989500
2025-02-01,2025,2,February,SKU10,Product B,Food,Vanilla,Small,Box,Jakarta,1979,9895000,5000,5000,+20%,0.2,2374.7999999999997,11873999.999999998,0.47495999999999994,2625.2000000000003,1978999.9999999981
2025-02-01,2025,2,February,SKU10,Product B,Food,Vanilla,Small,Box,Jakarta,1979,9895000,5000,5000,+30%,0.3,2572.7000000000003,12863500.000000002,0.5145400000000001,2427.2999999999997,2968500.000000002
2025-02-01,2025,2,February,SKU10,Product B,Food,Vanilla,Small,Box,Jakarta,1979,9895000,5000,5000,-10%,-0.1,1781.1000000000001,8905500,0.35622000000000004,3218.8999999999996,-989500
2025-02-01,2025,2,February,SKU10,Product B,Food,Vanilla,Small,Box,Jakarta,1979,9895000,5000,5000,-20%,-0.2,1583.2,7916000,0.31664000000000003,3416.8,-1979000
2025-02-01,2025,2,February,SKU10,Product B,Food,Vanilla,Small,Box,Jakarta,1979,9895000,5000,5000,-30%,-0.3,1385.3,6926500,0.27706,3614.7,-2968500
2025-02-01,2025,2,February,SKU10,Product B,Food,Vanilla,Small,Box,Jakarta,1979,9895000,5000,5000,Base,0,1979,9895000,0.3958,3021,0
2025-02-01,2025,2,February,SKU11,Product B,Food,Berry,Large,Bottle,Jakarta,1067,5335000,6000,5000,+10%,0.1,1173.7,5868500,0.19561666666666666,4826.3,533500
2025-02-01,2025,2,February,SKU11,Product B,Food,Berry,Large,Bottle,Jakarta,1067,5335000,6000,5000,+20%,0.2,1280.3999999999999,6401999.999999999,0.21339999999999998,4719.6,1066999.999999999
2025-02-01,2025,2,February,SKU11,Product B,Food,Berry,Large,Bottle,Jakarta,1067,5335000,6000,5000,+30%,0.3,1387.1000000000001,6935500.000000001,0.23118333333333335,4612.9,1600500.000000001
2025-02-01,2025,2,February,SKU11,Product B,Food,Berry,Large,Bottle,Jakarta,1067,5335000,6000,5000,-10%,-0.1,960.3000000000001,4801500,0.16005,5039.7,-533500
2025-02-01,2025,2,February,SKU11,Product B,Food,Berry,Large,Bottle,Jakarta,1067,5335000,6000,5000,-20%,-0.2,853.6,4268000,0.14226666666666668,5146.4,-1067000
2025-02-01,2025,2,February,SKU11,Product B,Food,Berry,Large,Bottle,Jakarta,1067,5335000,6000,5000,-30%,-0.3,746.9,3734500,0.12448333333333333,5253.1,-1600500
2025-02-01,2025,2,February,SKU11,Product B,Food,Berry,Large,Bottle,Jakarta,1067,5335000,6000,5000,Base,0,1067,5335000,0.17783333333333334,4933,0
2025-02-01,2025,2,February,SKU12,Product B,Food,Chocolate,Large,Bottle,Jakarta,4358,43580000,6000,10000,+10%,0.1,4793.8,47938000,0.7989666666666667,1206.1999999999998,4358000
2025-02-01,2025,2,February,SKU12,Product B,Food,Chocolate,Large,Bottle,Jakarta,4358,43580000,6000,10000,+20%,0.2,5229.5999999999995,52295999.99999999,0.8715999999999999,770.4000000000005,8715999.999999993
2025-02-01,2025,2,February,SKU12,Product B,Food,Chocolate,Large,Bottle,Jakarta,4358,43580000,6000,10000,+30%,0.3,5665.4000000000005,56654000.00000001,0.9442333333333334,334.59999999999945,13074000.000000007
2025-02-01,2025,2,February,SKU12,Product B,Food,Chocolate,Large,Bottle,Jakarta,4358,43580000,6000,10000,-10%,-0.1,3922.2000000000003,39222000,0.6537000000000001,2077.7999999999997,-4358000
2025-02-01,2025,2,February,SKU12,Product B,Food,Chocolate,Large,Bottle,Jakarta,4358,43580000,6000,10000,-20%,-0.2,3486.4,34864000,0.5810666666666667,2513.6,-8716000
2025-02-01,2025,2,February,SKU12,Product B,Food,Chocolate,Large,Bottle,Jakarta,4358,43580000,6000,10000,-30%,-0.3,3050.6,30506000,0.5084333333333333,2949.4,-13074000
2025-02-01,2025,2,February,SKU12,Product B,Food,Chocolate,Large,Bottle,Jakarta,4358,43580000,6000,10000,Base,0,4358,43580000,0.7263333333333334,1642,0
2025-03-01,2025,3,March,SKU01,Product C,Drink,Berry,Medium,Box,Jakarta,3029,45435000,5000,15000,+10%,0.1,3331.9,49978500,0.66638,1668.1,4543500
2025-03-01,2025,3,March,SKU01,Product C,Drink,Berry,Medium,Box,Jakarta,3029,45435000,5000,15000,+20%,0.2,3634.7999999999997,54521999.99999999,0.7269599999999999,1365.2000000000003,9086999.999999993
2025-03-01,2025,3,March,SKU01,Product C,Drink,Berry,Medium,Box,Jakarta,3029,45435000,5000,15000,+30%,0.3,3937.7000000000003,59065500.00000001,0.78754,1062.2999999999997,13630500.000000007
2025-03-01,2025,3,March,SKU01,Product C,Drink,Berry,Medium,Box,Jakarta,3029,45435000,5000,15000,-10%,-0.1,2726.1,40891500,0.5452199999999999,2273.9,-4543500
2025-03-01,2025,3,March,SKU01,Product C,Drink,Berry,Medium,Box,Jakarta,3029,45435000,5000,15000,-20%,-0.2,2423.2000000000003,36348000.00000001,0.48464000000000007,2576.7999999999997,-9086999.999999993
2025-03-01,2025,3,March,SKU01,Product C,Drink,Berry,Medium,Box,Jakarta,3029,45435000,5000,15000,-30%,-0.3,2120.2999999999997,31804499.999999996,0.42405999999999994,2879.7000000000003,-13630500.000000004
2025-03-01,2025,3,March,SKU01,Product C,Drink,Berry,Medium,Box,Jakarta,3029,45435000,5000,15000,Base,0,3029,45435000,0.6058,1971,0
2025-03-01,2025,3,March,SKU02,Product C,Drink,Original,Small,Bottle,Bandung,2848,14240000,4000,5000,+10%,0.1,3132.8,15664000,0.7832,867.1999999999998,1424000
2025-03-01,2025,3,March,SKU02,Product C,Drink,Original,Small,Bottle,Bandung,2848,14240000,4000,5000,+20%,0.2,3417.6,17088000,0.8543999999999999,582.4000000000001,2848000
2025-03-01,2025,3,March,SKU02,Product C,Drink,Original,Small,Bottle,Bandung,2848,14240000,4000,5000,+30%,0.3,3702.4,18512000,0.9256,297.5999999999999,4272000
2025-03-01,2025,3,March,SKU02,Product C,Drink,Original,Small,Bottle,Bandung,2848,14240000,4000,5000,-10%,-0.1,2563.2000000000003,12816000.000000002,0.6408,1436.7999999999997,-1423999.9999999981
2025-03-01,2025,3,March,SKU02,Product C,Drink,Original,Small,Bottle,Bandung,2848,14240000,4000,5000,-20%,-0.2,2278.4,11392000,0.5696,1721.6,-2848000
2025-03-01,2025,3,March,SKU02,Product C,Drink,Original,Small,Bottle,Bandung,2848,14240000,4000,5000,-30%,-0.3,1993.6,9968000,0.49839999999999995,2006.4,-4272000
2025-03-01,2025,3,March,SKU02,Product C,Drink,Original,Small,Bottle,Bandung,2848,14240000,4000,5000,Base,0,2848,14240000,0.712,1152,0
2025-03-01,2025,3,March,SKU03,Product C,Drink,Vanilla,Large,Bottle,Bandung,1152,5760000,6000,5000,+10%,0.1,1267.2,6336000,0.2112,4732.8,576000
2025-03-01,2025,3,March,SKU03,Product C,Drink,Vanilla,Large,Bottle,Bandung,1152,5760000,6000,5000,+20%,0.2,1382.3999999999999,6911999.999999999,0.23039999999999997,4617.6,1151999.999999999
2025-03-01,2025,3,March,SKU03,Product C,Drink,Vanilla,Large,Bottle,Bandung,1152,5760000,6000,5000,+30%,0.3,1497.6000000000001,7488000.000000001,0.24960000000000002,4502.4,1728000.000000001
2025-03-01,2025,3,March,SKU03,Product C,Drink,Vanilla,Large,Bottle,Bandung,1152,5760000,6000,5000,-10%,-0.1,1036.8,5184000,0.17279999999999998,4963.2,-576000
2025-03-01,2025,3,March,SKU03,Product C,Drink,Vanilla,Large,Bottle,Bandung,1152,5760000,6000,5000,-20%,-0.2,921.6,4608000,0.15360000000000001,5078.4,-1152000
2025-03-01,2025,3,March,SKU03,Product C,Drink,Vanilla,Large,Bottle,Bandung,1152,5760000,6000,5000,-30%,-0.3,806.4,4032000,0.1344,5193.6,-1728000
2025-03-01,2025,3,March,SKU03,Product C,Drink,Vanilla,Large,Bottle,Bandung,1152,5760000,6000,5000,Base,0,1152,5760000,0.192,4848,0
2025-03-01,2025,3,March,SKU04,Product C,Drink,Vanilla,Medium,Bottle,Jakarta,3194,15970000,4000,5000,+10%,0.1,3513.4,17567000,0.8783500000000001,486.5999999999999,1597000
2025-03-01,2025,3,March,SKU04,Product C,Drink,Vanilla,Medium,Bottle,Jakarta,3194,15970000,4000,5000,+20%,0.2,3832.7999999999997,19164000,0.9581999999999999,167.20000000000027,3194000
2025-03-01,2025,3,March,SKU04,Product C,Drink,Vanilla,Medium,Bottle,Jakarta,3194,15970000,4000,5000,+30%,0.3,4152.2,20761000,1.03805,-152.19999999999982,4791000
2025-03-01,2025,3,March,SKU04,Product C,Drink,Vanilla,Medium,Bottle,Jakarta,3194,15970000,4000,5000,-10%,-0.1,2874.6,14373000,0.71865,1125.4,-1597000
2025-03-01,2025,3,March,SKU04,Product C,Drink,Vanilla,Medium,Bottle,Jakarta,3194,15970000,4000,5000,-20%,-0.2,2555.2000000000003,12776000.000000002,0.6388,1444.7999999999997,-3193999.999999998
2025-03-01,2025,3,March,SKU04,Product C,Drink,Vanilla,Medium,Bottle,Jakarta,3194,15970000,4000,5000,-30%,-0.3,2235.7999999999997,11178999.999999998,0.55895,1764.2000000000003,-4791000.000000002
2025-03-01,2025,3,March,SKU04,Product C,Drink,Vanilla,Medium,Bottle,Jakarta,3194,15970000,4000,5000,Base,0,3194,15970000,0.7985,806,0
2025-03-01,2025,3,March,SKU05,Product C,Drink,Chocolate,Medium,Box,Bandung,723,3615000,4000,5000,+10%,0.1,795.3000000000001,3976500.0000000005,0.19882500000000003,3204.7,361500.00000000047
2025-03-01,2025,3,March,SKU05,Product C,Drink,Chocolate,Medium,Box,Bandung,723,3615000,4000,5000,+20%,0.2,867.6,4338000,0.2169,3132.4,723000
2025-03-01,2025,3,March,SKU05,Product C,Drink,Chocolate,Medium,Box,Bandung,723,3615000,4000,5000,+30%,0.3,939.9,4699500,0.234975,3060.1,1084500
2025-03-01,2025,3,March,SKU05,Product C,Drink,Chocolate,Medium,Box,Bandung,723,3615000,4000,5000,-10%,-0.1,650.7,3253500,0.16267500000000001,3349.3,-361500
2025-03-01,2025,3,March,SKU05,Product C,Drink,Chocolate,Medium,Box,Bandung,723,3615000,4000,5000,-20%,-0.2,578.4,2892000,0.1446,3421.6,-723000
2025-03-01,2025,3,March,SKU05,Product C,Drink,Chocolate,Medium,Box,Bandung,723,3615000,4000,5000,-30%,-0.3,506.09999999999997,2530500,0.126525,3493.9,-1084500
2025-03-01,2025,3,March,SKU05,Product C,Drink,Chocolate,Medium,Box,Bandung,723,3615000,4000,5000,Base,0,723,3615000,0.18075,3277,0
2025-03-01,2025,3,March,SKU06,Product C,Drink,Original,Small,Bottle,Jakarta,2591,25910000,6000,10000,+10%,0.1,2850.1000000000004,28501000.000000004,0.47501666666666675,3149.8999999999996,2591000.0000000037
2025-03-01,2025,3,March,SKU06,Product C,Drink,Original,Small,Bottle,Jakarta,2591,25910000,6000,10000,+20%,0.2,3109.2,31092000,0.5182,2890.8,5182000
2025-03-01,2025,3,March,SKU06,Product C,Drink,Original,Small,Bottle,Jakarta,2591,25910000,6000,10000,+30%,0.3,3368.3,33683000,0.5613833333333333,2631.7,7773000
2025-03-01,2025,3,March,SKU06,Product C,Drink,Original,Small,Bottle,Jakarta,2591,25910000,6000,10000,-10%,-0.1,2331.9,23319000,0.38865,3668.1,-2591000
2025-03-01,2025,3,March,SKU06,Product C,Drink,Original,Small,Bottle,Jakarta,2591,25910000,6000,10000,-20%,-0.2,2072.8,20728000,0.3454666666666667,3927.2,-5182000
2025-03-01,2025,3,March,SKU06,Product C,Drink,Original,Small,Bottle,Jakarta,2591,25910000,6000,10000,-30%,-0.3,1813.6999999999998,18137000,0.3022833333333333,4186.3,-7773000
2025-03-01,2025,3,March,SKU06,Product C,Drink,Original,Small,Bottle,Jakarta,2591,25910000,6000,10000,Base,0,2591,25910000,0.43183333333333335,3409,0
2025-03-01,2025,3,March,SKU07,Product C,Drink,Chocolate,Medium,Box,Bandung,4689,35167500,5000,7500,+10%,0.1,5157.9000000000005,38684250.00000001,1.0315800000000002,-157.90000000000055,3516750.0000000075
2025-03-01,2025,3,March,SKU07,Product C,Drink,Chocolate,Medium,Box,Bandung,4689,35167500,5000,7500,+20%,0.2,5626.8,42201000,1.1253600000000001,-626.8000000000002,7033500
2025-03-01,2025,3,March,SKU07,Product C,Drink,Chocolate,Medium,Box,Bandung,4689,35167500,5000,7500,+30%,0.3,6095.7,45717750,1.21914,-1095.6999999999998,10550250
2025-03-01,2025,3,March,SKU07,Product C,Drink,Chocolate,Medium,Box,Bandung,4689,35167500,5000,7500,-10%,-0.1,4220.1,31650750.000000004,0.8440200000000001,779.8999999999996,-3516749.9999999963
2025-03-01,2025,3,March,SKU07,Product C,Drink,Chocolate,Medium,Box,Bandung,4689,35167500,5000,7500,-20%,-0.2,3751.2000000000003,28134000.000000004,0.75024,1248.7999999999997,-7033499.999999996
2025-03-01,2025,3,March,SKU07,Product C,Drink,Chocolate,Medium,Box,Bandung,4689,35167500,5000,7500,-30%,-0.3,3282.2999999999997,24617249.999999996,0.6564599999999999,1717.7000000000003,-10550250.000000004
2025-03-01,2025,3,March,SKU07,Product C,Drink,Chocolate,Medium,Box,Bandung,4689,35167500,5000,7500,Base,0,4689,35167500,0.9378,311,0
2025-03-01,2025,3,March,SKU08,Product C,Drink,Berry,Large,Box,Jakarta,2561,12805000,6000,5000,+10%,0.1,2817.1000000000004,14085500.000000002,0.46951666666666675,3182.8999999999996,1280500.0000000019
2025-03-01,2025,3,March,SKU08,Product C,Drink,Berry,Large,Box,Jakarta,2561,12805000,6000,5000,+20%,0.2,3073.2,15366000,0.5122,2926.8,2561000
2025-03-01,2025,3,March,SKU08,Product C,Drink,Berry,Large,Box,Jakarta,2561,12805000,6000,5000,+30%,0.3,3329.3,16646500,0.5548833333333334,2670.7,3841500
2025-03-01,2025,3,March,SKU08,Product C,Drink,Berry,Large,Box,Jakarta,2561,12805000,6000,5000,-10%,-0.1,2304.9,11524500,0.38415,3695.1,-1280500
2025-03-01,2025,3,March,SKU08,Product C,Drink,Berry,Large,Box,Jakarta,2561,12805000,6000,5000,-20%,-0.2,2048.8,10244000,0.3414666666666667,3951.2,-2561000
2025-03-01,2025,3,March,SKU08,Product C,Drink,Berry,Large,Box,Jakarta,2561,12805000,6000,5000,-30%,-0.3,1792.6999999999998,8963500,0.2987833333333333,4207.3,-3841500
2025-03-01,2025,3,March,SKU08,Product C,Drink,Berry,Large,Box,Jakarta,2561,12805000,6000,5000,Base,0,2561,12805000,0.42683333333333334,3439,0
2025-03-01,2025,3,March,SKU09,Product C,Drink,Chocolate,Large,Bottle,Jakarta,3514,35140000,4000,10000,+10%,0.1,3865.4,38654000,0.96635,134.5999999999999,3514000
2025-03-01,2025,3,March,SKU09,Product C,Drink,Chocolate,Large,Bottle,Jakarta,3514,35140000,4000,10000,+20%,0.2,4216.8,42168000,1.0542,-216.80000000000018,7028000
2025-03-01,2025,3,March,SKU09,Product C,Drink,Chocolate,Large,Bottle,Jakarta,3514,35140000,4000,10000,+30%,0.3,4568.2,45682000,1.14205,-568.1999999999998,10542000
2025-03-01,2025,3,March,SKU09,Product C,Drink,Chocolate,Large,Bottle,Jakarta,3514,35140000,4000,10000,-10%,-0.1,3162.6,31626000,0.79065,837.4000000000001,-3514000
2025-03-01,2025,3,March,SKU09,Product C,Drink,Chocolate,Large,Bottle,Jakarta,3514,35140000,4000,10000,-20%,-0.2,2811.2000000000003,28112000.000000004,0.7028000000000001,1188.7999999999997,-7027999.999999996
2025-03-01,2025,3,March,SKU09,Product C,Drink,Chocolate,Large,Bottle,Jakarta,3514,35140000,4000,10000,-30%,-0.3,2459.7999999999997,24597999.999999996,0.6149499999999999,1540.2000000000003,-10542000.000000004
2025-03-01,2025,3,March,SKU09,Product C,Drink,Chocolate,Large,Bottle,Jakarta,3514,35140000,4000,10000,Base,0,3514,35140000,0.8785,486,0
2025-03-01,2025,3,March,SKU10,Product C,Drink,Chocolate,Large,Box,Bandung,4347,43470000,5000,10000,+10%,0.1,4781.700000000001,47817000.00000001,0.9563400000000002,218.29999999999927,4347000.000000007
2025-03-01,2025,3,March,SKU10,Product C,Drink,Chocolate,Large,Box,Bandung,4347,43470000,5000,10000,+20%,0.2,5216.4,52164000,1.04328,-216.39999999999964,8694000
2025-03-01,2025,3,March,SKU10,Product C,Drink,Chocolate,Large,Box,Bandung,4347,43470000,5000,10000,+30%,0.3,5651.1,56511000,1.13022,-651.1000000000004,13041000
2025-03-01,2025,3,March,SKU10,Product C,Drink,Chocolate,Large,Box,Bandung,4347,43470000,5000,10000,-10%,-0.1,3912.3,39123000,0.78246,1087.6999999999998,-4347000
2025-03-01,2025,3,March,SKU10,Product C,Drink,Chocolate,Large,Box,Bandung,4347,43470000,5000,10000,-20%,-0.2,3477.6000000000004,34776000,0.69552,1522.3999999999996,-8694000
2025-03-01,2025,3,March,SKU10,Product C,Drink,Chocolate,Large,Box,Bandung,4347,43470000,5000,10000,-30%,-0.3,3042.8999999999996,30428999.999999996,0.6085799999999999,1957.1000000000004,-13041000.000000004
2025-03-01,2025,3,March,SKU10,Product C,Drink,Chocolate,Large,Box,Bandung,4347,43470000,5000,10000,Base,0,4347,43470000,0.8694,653,0
2025-03-01,2025,3,March,SKU11,Product C,Drink,Chocolate,Large,Bottle,Bandung,3561,35610000,6000,10000,+10%,0.1,3917.1000000000004,39171000,0.65285,2082.8999999999996,3561000
2025-03-01,2025,3,March,SKU11,Product C,Drink,Chocolate,Large,Bottle,Bandung,3561,35610000,6000,10000,+20%,0.2,4273.2,42732000,0.7121999999999999,1726.8000000000002,7122000
2025-03-01,2025,3,March,SKU11,Product C,Drink,Chocolate,Large,Bottle,Bandung,3561,35610000,6000,10000,+30%,0.3,4629.3,46293000,0.7715500000000001,1370.6999999999998,10683000
2025-03-01,2025,3,March,SKU11,Product C,Drink,Chocolate,Large,Bottle,Bandung,3561,35610000,6000,10000,-10%,-0.1,3204.9,32049000,0.53415,2795.1,-3561000
2025-03-01,2025,3,March,SKU11,Product C,Drink,Chocolate,Large,Bottle,Bandung,3561,35610000,6000,10000,-20%,-0.2,2848.8,28488000,0.47480000000000006,3151.2,-7122000
2025-03-01,2025,3,March,SKU11,Product C,Drink,Chocolate,Large,Bottle,Bandung,3561,35610000,6000,10000,-30%,-0.3,2492.7,24927000,0.41545,3507.3,-10683000
2025-03-01,2025,3,March,SKU11,Product C,Drink,Chocolate,Large,Bottle,Bandung,3561,35610000,6000,10000,Base,0,3561,35610000,0.5935,2439,0
2025-03-01,2025,3,March,SKU12,Product C,Drink,Original,Medium,Box,Bandung,2648,26480000,5000,10000,+10%,0.1,2912.8,29128000,0.5825600000000001,2087.2,2648000
2025-03-01,2025,3,March,SKU12,Product C,Drink,Original,Medium,Box,Bandung,2648,26480000,5000,10000,+20%,0.2,3177.6,31776000,0.63552,1822.4,5296000
2025-03-01,2025,3,March,SKU12,Product C,Drink,Original,Medium,Box,Bandung,2648,26480000,5000,10000,+30%,0.3,3442.4,34424000,0.68848,1557.6,7944000
2025-03-01,2025,3,March,SKU12,Product C,Drink,Original,Medium,Box,Bandung,2648,26480000,5000,10000,-10%,-0.1,2383.2000000000003,23832000.000000004,0.47664000000000006,2616.7999999999997,-2647999.9999999963
2025-03-01,2025,3,March,SKU12,Product C,Drink,Original,Medium,Box,Bandung,2648,26480000,5000,10000,-20%,-0.2,2118.4,21184000,0.42368,2881.6,-5296000
2025-03-01,2025,3,March,SKU12,Product C,Drink,Original,Medium,Box,Bandung,2648,26480000,5000,10000,-30%,-0.3,1853.6,18536000,0.37072,3146.4,-7944000
2025-03-01,2025,3,March,SKU12,Product C,Drink,Original,Medium,Box,Bandung,2648,26480000,5000,10000,Base,0,2648,26480000,0.5296,2352,0
2025-04-01,2025,4,April,SKU01,Product D,Drink,Vanilla,Medium,Box,Bandung,2978,29780000,6000,10000,+10%,0.1,3275.8,32758000,0.5459666666666667,2724.2,2978000
2025-04-01,2025,4,April,SKU01,Product D,Drink,Vanilla,Medium,Box,Bandung,2978,29780000,6000,10000,+20%,0.2,3573.6,35736000,0.5956,2426.4,5956000
2025-04-01,2025,4,April,SKU01,Product D,Drink,Vanilla,Medium,Box,Bandung,2978,29780000,6000,10000,+30%,0.3,3871.4,38714000,0.6452333333333333,2128.6,8934000
2025-04-01,2025,4,April,SKU01,Product D,Drink,Vanilla,Medium,Box,Bandung,2978,29780000,6000,10000,-10%,-0.1,2680.2000000000003,26802000.000000004,0.44670000000000004,3319.7999999999997,-2977999.9999999963
2025-04-01,2025,4,April,SKU01,Product D,Drink,Vanilla,Medium,Box,Bandung,2978,29780000,6000,10000,-20%,-0.2,2382.4,23824000,0.3970666666666667,3617.6,-5956000
2025-04-01,2025,4,April,SKU01,Product D,Drink,Vanilla,Medium,Box,Bandung,2978,29780000,6000,10000,-30%,-0.3,2084.6,20846000,0.3474333333333333,3915.4,-8934000
2025-04-01,2025,4,April,SKU01,Product D,Drink,Vanilla,Medium,Box,Bandung,2978,29780000,6000,10000,Base,0,2978,29780000,0.49633333333333335,3022,0
2025-04-01,2025,4,April,SKU02,Product D,Drink,Chocolate,Medium,Box,Bandung,1800,27000000,4000,15000,+10%,0.1,1980.0000000000002,29700000.000000004,0.49500000000000005,2019.9999999999998,2700000.0000000037
2025-04-01,2025,4,April,SKU02,Product D,Drink,Chocolate,Medium,Box,Bandung,1800,27000000,4000,15000,+20%,0.2,2160,32400000,0.54,1840,5400000
2025-04-01,2025,4,April,SKU02,Product D,Drink,Chocolate,Medium,Box,Bandung,1800,27000000,4000,15000,+30%,0.3,2340,35100000,0.585,1660,8100000
2025-04-01,2025,4,April,SKU02,Product D,Drink,Chocolate,Medium,Box,Bandung,1800,27000000,4000,15000,-10%,-0.1,1620,24300000,0.405,2380,-2700000
2025-04-01,2025,4,April,SKU02,Product D,Drink,Chocolate,Medium,Box,Bandung,1800,27000000,4000,15000,-20%,-0.2,1440,21600000,0.36,2560,-5400000
2025-04-01,2025,4,April,SKU02,Product D,Drink,Chocolate,Medium,Box,Bandung,1800,27000000,4000,15000,-30%,-0.3,1260,18900000,0.315,2740,-8100000
2025-04-01,2025,4,April,SKU02,Product D,Drink,Chocolate,Medium,Box,Bandung,1800,27000000,4000,15000,Base,0,1800,27000000,0.45,2200,0
2025-04-01,2025,4,April,SKU03,Product D,Drink,Vanilla,Large,Bottle,Bandung,1947,9735000,5000,5000,+10%,0.1,2141.7000000000003,10708500.000000002,0.42834000000000005,2858.2999999999997,973500.0000000019
2025-04-01,2025,4,April,SKU03,Product D,Drink,Vanilla,Large,Bottle,Bandung,1947,9735000,5000,5000,+20%,0.2,2336.4,11682000,0.46728000000000003,2663.6,1947000
2025-04-01,2025,4,April,SKU03,Product D,Drink,Vanilla,Large,Bottle,Bandung,1947,9735000,5000,5000,+30%,0.3,2531.1,12655500,0.50622,2468.9,2920500
2025-04-01,2025,4,April,SKU03,Product D,Drink,Vanilla,Large,Bottle,Bandung,1947,9735000,5000,5000,-10%,-0.1,1752.3,8761500,0.35046,3247.7,-973500
2025-04-01,2025,4,April,SKU03,Product D,Drink,Vanilla,Large,Bottle,Bandung,1947,9735000,5000,5000,-20%,-0.2,1557.6000000000001,7788000.000000001,0.31152,3442.3999999999996,-1946999.999999999
2025-04-01,2025,4,April,SKU03,Product D,Drink,Vanilla,Large,Bottle,Bandung,1947,9735000,5000,5000,-30%,-0.3,1362.8999999999999,6814499.999999999,0.27258,3637.1000000000004,-2920500.000000001
2025-04-01,2025,4,April,SKU03,Product D,Drink,Vanilla,Large,Bottle,Bandung,1947,9735000,5000,5000,Base,0,1947,9735000,0.3894,3053,0
2025-04-01,2025,4,April,SKU04,Product D,Drink,Vanilla,Small,Bottle,Jakarta,3239,32390000,6000,10000,+10%,0.1,3562.9,35629000,0.5938166666666667,2437.1,3239000
2025-04-01,2025,4,April,SKU04,Product D,Drink,Vanilla,Small,Bottle,Jakarta,3239,32390000,6000,10000,+20%,0.2,3886.7999999999997,38868000,0.6477999999999999,2113.2000000000003,6478000
2025-04-01,2025,4,April,SKU04,Product D,Drink,Vanilla,Small,Bottle,Jakarta,3239,32390000,6000,10000,+30%,0.3,4210.7,42107000,0.7017833333333333,1789.3000000000002,9717000
2025-04-01,2025,4,April,SKU04,Product D,Drink,Vanilla,Small,Bottle,Jakarta,3239,32390000,6000,10000,-10%,-0.1,2915.1,29151000,0.48585,3084.9,-3239000
2025-04-01,2025,4,April,SKU04,Product D,Drink,Vanilla,Small,Bottle,Jakarta,3239,32390000,6000,10000,-20%,-0.2,2591.2000000000003,25912000.000000004,0.43186666666666673,3408.7999999999997,-6477999.999999996
2025-04-01,2025,4,April,SKU04,Product D,Drink,Vanilla,Small,Bottle,Jakarta,3239,32390000,6000,10000,-30%,-0.3,2267.2999999999997,22672999.999999996,0.3778833333333333,3732.7000000000003,-9717000.000000004
2025-04-01,2025,4,April,SKU04,Product D,Drink,Vanilla,Small,Bottle,Jakarta,3239,32390000,6000,10000,Base,0,3239,32390000,0.5398333333333334,2761,0
2025-04-01,2025,4,April,SKU05,Product D,Drink,Vanilla,Medium,Bottle,Bandung,2655,39825000,5000,15000,+10%,0.1,2920.5000000000005,43807500.00000001,0.5841000000000001,2079.4999999999995,3982500.0000000075
2025-04-01,2025,4,April,SKU05,Product D,Drink,Vanilla,Medium,Bottle,Bandung,2655,39825000,5000,15000,+20%,0.2,3186,47790000,0.6372,1814,7965000
2025-04-01,2025,4,April,SKU05,Product D,Drink,Vanilla,Medium,Bottle,Bandung,2655,39825000,5000,15000,+30%,0.3,3451.5,51772500,0.6903,1548.5,11947500
2025-04-01,2025,4,April,SKU05,Product D,Drink,Vanilla,Medium,Bottle,Bandung,2655,39825000,5000,15000,-10%,-0.1,2389.5,35842500,0.4779,2610.5,-3982500
2025-04-01,2025,4,April,SKU05,Product D,Drink,Vanilla,Medium,Bottle,Bandung,2655,39825000,5000,15000,-20%,-0.2,2124,31860000,0.4248,2876,-7965000
2025-04-01,2025,4,April,SKU05,Product D,Drink,Vanilla,Medium,Bottle,Bandung,2655,39825000,5000,15000,-30%,-0.3,1858.4999999999998,27877499.999999996,0.3717,3141.5,-11947500.000000004
2025-04-01,2025,4,April,SKU05,Product D,Drink,Vanilla,Medium,Bottle,Bandung,2655,39825000,5000,15000,Base,0,2655,39825000,0.531,2345,0
2025-04-01,2025,4,April,SKU06,Product D,Drink,Vanilla,Small,Bottle,Bandung,3390,25425000,6000,7500,+10%,0.1,3729.0000000000005,27967500.000000004,0.6215,2270.9999999999995,2542500.0000000037
2025-04-01,2025,4,April,SKU06,Product D,Drink,Vanilla,Small,Bottle,Bandung,3390,25425000,6000,7500,+20%,0.2,4068,30510000,0.678,1932,5085000
2025-04-01,2025,4,April,SKU06,Product D,Drink,Vanilla,Small,Bottle,Bandung,3390,25425000,6000,7500,+30%,0.3,4407,33052500,0.7345,1593,7627500
2025-04-01,2025,4,April,SKU06,Product D,Drink,Vanilla,Small,Bottle,Bandung,3390,25425000,6000,7500,-10%,-0.1,3051,22882500,0.5085,2949,-2542500
2025-04-01,2025,4,April,SKU06,Product D,Drink,Vanilla,Small,Bottle,Bandung,3390,25425000,6000,7500,-20%,-0.2,2712,20340000,0.452,3288,-5085000
2025-04-01,2025,4,April,SKU06,Product D,Drink,Vanilla,Small,Bottle,Bandung,3390,25425000,6000,7500,-30%,-0.3,2373,17797500,0.3955,3627,-7627500
2025-04-01,2025,4,April,SKU06,Product D,Drink,Vanilla,Small,Bottle,Bandung,3390,25425000,6000,7500,Base,0,3390,25425000,0.565,2610,0
2025-04-01,2025,4,April,SKU07,Product D,Drink,Berry,Medium,Box,Bandung,3479,52185000,4000,15000,+10%,0.1,3826.9,57403500,0.956725,173.0999999999999,5218500
2025-04-01,2025,4,April,SKU07,Product D,Drink,Berry,Medium,Box,Bandung,3479,52185000,4000,15000,+20%,0.2,4174.8,62622000,1.0437,-174.80000000000018,10437000
2025-04-01,2025,4,April,SKU07,Product D,Drink,Berry,Medium,Box,Bandung,3479,52185000,4000,15000,+30%,0.3,4522.7,67840500,1.1306749999999999,-522.6999999999998,15655500
2025-04-01,2025,4,April,SKU07,Product D,Drink,Berry,Medium,Box,Bandung,3479,52185000,4000,15000,-10%,-0.1,3131.1,46966500,0.782775,868.9000000000001,-5218500
2025-04-01,2025,4,April,SKU07,Product D,Drink,Berry,Medium,Box,Bandung,3479,52185000,4000,15000,-20%,-0.2,2783.2000000000003,41748000.00000001,0.6958000000000001,1216.7999999999997,-10436999.999999993
2025-04-01,2025,4,April,SKU07,Product D,Drink,Berry,Medium,Box,Bandung,3479,52185000,4000,15000,-30%,-0.3,2435.2999999999997,36529499.99999999,0.608825,1564.7000000000003,-15655500.000000007
2025-04-01,2025,4,April,SKU07,Product D,Drink,Berry,Medium,Box,Bandung,3479,52185000,4000,15000,Base,0,3479,52185000,0.86975,521,0
2025-04-01,2025,4,April,SKU08,Product D,Drink,Vanilla,Small,Bottle,Bandung,4205,21025000,6000,5000,+10%,0.1,4625.5,23127500,0.7709166666666667,1374.5,2102500
2025-04-01,2025,4,April,SKU08,Product D,Drink,Vanilla,Small,Bottle,Bandung,4205,21025000,6000,5000,+20%,0.2,5046,25230000,0.841,954,4205000
2025-04-01,2025,4,April,SKU08,Product D,Drink,Vanilla,Small,Bottle,Bandung,4205,21025000,6000,5000,+30%,0.3,5466.5,27332500,0.9110833333333334,533.5,6307500
2025-04-01,2025,4,April,SKU08,Product D,Drink,Vanilla,Small,Bottle,Bandung,4205,21025000,6000,5000,-10%,-0.1,3784.5,18922500,0.63075,2215.5,-2102500
2025-04-01,2025,4,April,SKU08,Product D,Drink,Vanilla,Small,Bottle,Bandung,4205,21025000,6000,5000,-20%,-0.2,3364,16820000,0.5606666666666666,2636,-4205000
2025-04-01,2025,4,April,SKU08,Product D,Drink,Vanilla,Small,Bottle,Bandung,4205,21025000,6000,5000,-30%,-0.3,2943.5,14717500,0.4905833333333333,3056.5,-6307500
2025-04-01,2025,4,April,SKU08,Product D,Drink,Vanilla,Small,Bottle,Bandung,4205,21025000,6000,5000,Base,0,4205,21025000,0.7008333333333333,1795,0
2025-04-01,2025,4,April,SKU09,Product D,Drink,Berry,Small,Bottle,Jakarta,4687,46870000,6000,10000,+10%,0.1,5155.700000000001,51557000.00000001,0.8592833333333335,844.2999999999993,4687000.000000007
2025-04-01,2025,4,April,SKU09,Product D,Drink,Berry,Small,Bottle,Jakarta,4687,46870000,6000,10000,+20%,0.2,5624.4,56244000,0.9373999999999999,375.60000000000036,9374000
2025-04-01,2025,4,April,SKU09,Product D,Drink,Berry,Small,Bottle,Jakarta,4687,46870000,6000,10000,+30%,0.3,6093.1,60931000,1.0155166666666666,-93.10000000000036,14061000
2025-04-01,2025,4,April,SKU09,Product D,Drink,Berry,Small,Bottle,Jakarta,4687,46870000,6000,10000,-10%,-0.1,4218.3,42183000,0.7030500000000001,1781.6999999999998,-4687000
2025-04-01,2025,4,April,SKU09,Product D,Drink,Berry,Small,Bottle,Jakarta,4687,46870000,6000,10000,-20%,-0.2,3749.6000000000004,37496000,0.6249333333333333,2250.3999999999996,-9374000
2025-04-01,2025,4,April,SKU09,Product D,Drink,Berry,Small,Bottle,Jakarta,4687,46870000,6000,10000,-30%,-0.3,3280.8999999999996,32808999.999999996,0.5468166666666666,2719.1000000000004,-14061000.000000004
2025-04-01,2025,4,April,SKU09,Product D,Drink,Berry,Small,Bottle,Jakarta,4687,46870000,6000,10000,Base,0,4687,46870000,0.7811666666666667,1313,0
2025-04-01,2025,4,April,SKU10,Product D,Drink,Chocolate,Large,Bottle,Bandung,1330,9975000,5000,7500,+10%,0.1,1463.0000000000002,10972500.000000002,0.2926,3537,997500.0000000019
2025-04-01,2025,4,April,SKU10,Product D,Drink,Chocolate,Large,Bottle,Bandung,1330,9975000,5000,7500,+20%,0.2,1596,11970000,0.3192,3404,1995000
2025-04-01,2025,4,April,SKU10,Product D,Drink,Chocolate,Large,Bottle,Bandung,1330,9975000,5000,7500,+30%,0.3,1729,12967500,0.3458,3271,2992500
2025-04-01,2025,4,April,SKU10,Product D,Drink,Chocolate,Large,Bottle,Bandung,1330,9975000,5000,7500,-10%,-0.1,1197,8977500,0.2394,3803,-997500
2025-04-01,2025,4,April,SKU10,Product D,Drink,Chocolate,Large,Bottle,Bandung,1330,9975000,5000,7500,-20%,-0.2,1064,7980000,0.2128,3936,-1995000
2025-04-01,2025,4,April,SKU10,Product D,Drink,Chocolate,Large,Bottle,Bandung,1330,9975000,5000,7500,-30%,-0.3,930.9999999999999,6982499.999999999,0.18619999999999998,4069,-2992500.000000001
2025-04-01,2025,4,April,SKU10,Product D,Drink,Chocolate,Large,Bottle,Bandung,1330,9975000,5000,7500,Base,0,1330,9975000,0.266,3670,0
2025-04-01,2025,4,April,SKU11,Product D,Drink,Vanilla,Large,Box,Jakarta,590,4425000,5000,7500,+10%,0.1,649,4867500,0.1298,4351,442500
2025-04-01,2025,4,April,SKU11,Product D,Drink,Vanilla,Large,Box,Jakarta,590,4425000,5000,7500,+20%,0.2,708,5310000,0.1416,4292,885000
2025-04-01,2025,4,April,SKU11,Product D,Drink,Vanilla,Large,Box,Jakarta,590,4425000,5000,7500,+30%,0.3,767,5752500,0.1534,4233,1327500
2025-04-01,2025,4,April,SKU11,Product D,Drink,Vanilla,Large,Box,Jakarta,590,4425000,5000,7500,-10%,-0.1,531,3982500,0.1062,4469,-442500
2025-04-01,2025,4,April,SKU11,Product D,Drink,Vanilla,Large,Box,Jakarta,590,4425000,5000,7500,-20%,-0.2,472,3540000,0.0944,4528,-885000
2025-04-01,2025,4,April,SKU11,Product D,Drink,Vanilla,Large,Box,Jakarta,590,4425000,5000,7500,-30%,-0.3,413,3097500,0.0826,4587,-1327500
2025-04-01,2025,4,April,SKU11,Product D,Drink,Vanilla,Large,Box,Jakarta,590,4425000,5000,7500,Base,0,590,4425000,0.118,4410,0
2025-04-01,2025,4,April,SKU12,Product D,Drink,Berry,Medium,Box,Bandung,4524,22620000,5000,5000,+10%,0.1,4976.4000000000005,24882000.000000004,0.9952800000000002,23.599999999999454,2262000.0000000037
2025-04-01,2025,4,April,SKU12,Product D,Drink,Berry,Medium,Box,Bandung,4524,22620000,5000,5000,+20%,0.2,5428.8,27144000,1.08576,-428.8000000000002,4524000
2025-04-01,2025,4,April,SKU12,Product D,Drink,Berry,Medium,Box,Bandung,4524,22620000,5000,5000,+30%,0.3,5881.2,29406000,1.17624,-881.1999999999998,6786000
2025-04-01,2025,4,April,SKU12,Product D,Drink,Berry,Medium,Box,Bandung,4524,22620000,5000,5000,-10%,-0.1,4071.6,20358000,0.8143199999999999,928.4000000000001,-2262000
2025-04-01,2025,4,April,SKU12,Product D,Drink,Berry,Medium,Box,Bandung,4524,22620000,5000,5000,-20%,-0.2,3619.2000000000003,18096000,0.72384,1380.7999999999997,-4524000
2025-04-01,2025,4,April,SKU12,Product D,Drink,Berry,Medium,Box,Bandung,4524,22620000,5000,5000,-30%,-0.3,3166.7999999999997,15833999.999999998,0.6333599999999999,1833.2000000000003,-6786000.000000002
2025-04-01,2025,4,April,SKU12,Product D,Drink,Berry,Medium,Box,Bandung,4524,22620000,5000,5000,Base,0,4524,22620000,0.9048,476,0
2025-05-01,2025,5,May,SKU01,Product A,Food,Original,Small,Box,Jakarta,3166,31660000,6000,10000,+10%,0.1,3482.6000000000004,34826000,0.5804333333333334,2517.3999999999996,3166000
2025-05-01,2025,5,May,SKU01,Product A,Food,Original,Small,Box,Jakarta,3166,31660000,6000,10000,+20%,0.2,3799.2,37992000,0.6332,2200.8,6332000
2025-05-01,2025,5,May,SKU01,Product A,Food,Original,Small,Box,Jakarta,3166,31660000,6000,10000,+30%,0.3,4115.8,41158000,0.6859666666666667,1884.1999999999998,9498000
2025-05-01,2025,5,May,SKU01,Product A,Food,Original,Small,Box,Jakarta,3166,31660000,6000,10000,-10%,-0.1,2849.4,28494000,0.4749,3150.6,-3166000
2025-05-01,2025,5,May,SKU01,Product A,Food,Original,Small,Box,Jakarta,3166,31660000,6000,10000,-20%,-0.2,2532.8,25328000,0.42213333333333336,3467.2,-6332000
2025-05-01,2025,5,May,SKU01,Product A,Food,Original,Small,Box,Jakarta,3166,31660000,6000,10000,-30%,-0.3,2216.2,22162000,0.3693666666666666,3783.8,-9498000
2025-05-01,2025,5,May,SKU01,Product A,Food,Original,Small,Box,Jakarta,3166,31660000,6000,10000,Base,0,3166,31660000,0.5276666666666666,2834,0
2025-05-01,2025,5,May,SKU02,Product A,Food,Vanilla,Medium,Box,Bandung,578,2890000,4000,5000,+10%,0.1,635.8000000000001,3179000.0000000005,0.15895,3364.2,289000.00000000047
2025-05-01,2025,5,May,SKU02,Product A,Food,Vanilla,Medium,Box,Bandung,578,2890000,4000,5000,+20%,0.2,693.6,3468000,0.1734,3306.4,578000
2025-05-01,2025,5,May,SKU02,Product A,Food,Vanilla,Medium,Box,Bandung,578,2890000,4000,5000,+30%,0.3,751.4,3757000,0.18785,3248.6,867000
2025-05-01,2025,5,May,SKU02,Product A,Food,Vanilla,Medium,Box,Bandung,578,2890000,4000,5000,-10%,-0.1,520.2,2601000,0.13005,3479.8,-289000
2025-05-01,2025,5,May,SKU02,Product A,Food,Vanilla,Medium,Box,Bandung,578,2890000,4000,5000,-20%,-0.2,462.40000000000003,2312000,0.11560000000000001,3537.6,-578000
2025-05-01,2025,5,May,SKU02,Product A,Food,Vanilla,Medium,Box,Bandung,578,2890000,4000,5000,-30%,-0.3,404.59999999999997,2022999.9999999998,0.10114999999999999,3595.4,-867000.0000000002
2025-05-01,2025,5,May,SKU02,Product A,Food,Vanilla,Medium,Box,Bandung,578,2890000,4000,5000,Base,0,578,2890000,0.1445,3422,0
2025-05-01,2025,5,May,SKU03,Product A,Food,Original,Medium,Bottle,Bandung,4780,35850000,4000,7500,+10%,0.1,5258,39435000,1.3145,-1258,3585000
2025-05-01,2025,5,May,SKU03,Product A,Food,Original,Medium,Bottle,Bandung,4780,35850000,4000,7500,+20%,0.2,5736,43020000,1.434,-1736,7170000
2025-05-01,2025,5,May,SKU03,Product A,Food,Original,Medium,Bottle,Bandung,4780,35850000,4000,7500,+30%,0.3,6214,46605000,1.5535,-2214,10755000
2025-05-01,2025,5,May,SKU03,Product A,Food,Original,Medium,Bottle,Bandung,4780,35850000,4000,7500,-10%,-0.1,4302,32265000,1.0755,-302,-3585000
2025-05-01,2025,5,May,SKU03,Product A,Food,Original,Medium,Bottle,Bandung,4780,35850000,4000,7500,-20%,-0.2,3824,28680000,0.956,176,-7170000
2025-05-01,2025,5,May,SKU03,Product A,Food,Original,Medium,Bottle,Bandung,4780,35850000,4000,7500,-30%,-0.3,3346,25095000,0.8365,654,-10755000
2025-05-01,2025,5,May,SKU03,Product A,Food,Original,Medium,Bottle,Bandung,4780,35850000,4000,7500,Base,0,4780,35850000,1.195,-780,0
2025-05-01,2025,5,May,SKU04,Product A,Food,Vanilla,Medium,Box,Bandung,4965,49650000,5000,10000,+10%,0.1,5461.5,54615000,1.0923,-461.5,4965000
2025-05-01,2025,5,May,SKU04,Product A,Food,Vanilla,Medium,Box,Bandung,4965,49650000,5000,10000,+20%,0.2,5958,59580000,1.1916,-958,9930000
2025-05-01,2025,5,May,SKU04,Product A,Food,Vanilla,Medium,Box,Bandung,4965,49650000,5000,10000,+30%,0.3,6454.5,64545000,1.2909,-1454.5,14895000
2025-05-01,2025,5,May,SKU04,Product A,Food,Vanilla,Medium,Box,Bandung,4965,49650000,5000,10000,-10%,-0.1,4468.5,44685000,0.8937,531.5,-4965000
2025-05-01,2025,5,May,SKU04,Product A,Food,Vanilla,Medium,Box,Bandung,4965,49650000,5000,10000,-20%,-0.2,3972,39720000,0.7944,1028,-9930000
2025-05-01,2025,5,May,SKU04,Product A,Food,Vanilla,Medium,Box,Bandung,4965,49650000,5000,10000,-30%,-0.3,3475.5,34755000,0.6951,1524.5,-14895000
2025-05-01,2025,5,May,SKU04,Product A,Food,Vanilla,Medium,Box,Bandung,4965,49650000,5000,10000,Base,0,4965,49650000,0.993,35,0
2025-05-01,2025,5,May,SKU05,Product A,Food,Vanilla,Large,Bottle,Jakarta,3157,47355000,6000,15000,+10%,0.1,3472.7000000000003,52090500.00000001,0.5787833333333334,2527.2999999999997,4735500.000000007
2025-05-01,2025,5,May,SKU05,Product A,Food,Vanilla,Large,Bottle,Jakarta,3157,47355000,6000,15000,+20%,0.2,3788.3999999999996,56825999.99999999,0.6314,2211.6000000000004,9470999.999999993
2025-05-01,2025,5,May,SKU05,Product A,Food,Vanilla,Large,Bottle,Jakarta,3157,47355000,6000,15000,+30%,0.3,4104.1,61561500.00000001,0.6840166666666667,1895.8999999999996,14206500.000000007
2025-05-01,2025,5,May,SKU05,Product A,Food,Vanilla,Large,Bottle,Jakarta,3157,47355000,6000,15000,-10%,-0.1,2841.3,42619500,0.47355,3158.7,-4735500
2025-05-01,2025,5,May,SKU05,Product A,Food,Vanilla,Large,Bottle,Jakarta,3157,47355000,6000,15000,-20%,-0.2,2525.6000000000004,37884000.00000001,0.4209333333333334,3474.3999999999996,-9470999.999999993
2025-05-01,2025,5,May,SKU05,Product A,Food,Vanilla,Large,Bottle,Jakarta,3157,47355000,6000,15000,-30%,-0.3,2209.8999999999996,33148499.999999996,0.3683166666666666,3790.1000000000004,-14206500.000000004
2025-05-01,2025,5,May,SKU05,Product A,Food,Vanilla,Large,Bottle,Jakarta,3157,47355000,6000,15000,Base,0,3157,47355000,0.5261666666666667,2843,0
2025-05-01,2025,5,May,SKU06,Product A,Food,Vanilla,Large,Bottle,Bandung,2287,17152500,5000,7500,+10%,0.1,2515.7000000000003,18867750.000000004,0.50314,2484.2999999999997,1715250.0000000037
2025-05-01,2025,5,May,SKU06,Product A,Food,Vanilla,Large,Bottle,Bandung,2287,17152500,5000,7500,+20%,0.2,2744.4,20583000,0.54888,2255.6,3430500
2025-05-01,2025,5,May,SKU06,Product A,Food,Vanilla,Large,Bottle,Bandung,2287,17152500,5000,7500,+30%,0.3,2973.1,22298250,0.5946199999999999,2026.9,5145750
2025-05-01,2025,5,May,SKU06,Product A,Food,Vanilla,Large,Bottle,Bandung,2287,17152500,5000,7500,-10%,-0.1,2058.3,15437250.000000002,0.41166,2941.7,-1715249.9999999981
2025-05-01,2025,5,May,SKU06,Product A,Food,Vanilla,Large,Bottle,Bandung,2287,17152500,5000,7500,-20%,-0.2,1829.6000000000001,13722000.000000002,0.36592,3170.3999999999996,-3430499.999999998
2025-05-01,2025,5,May,SKU06,Product A,Food,Vanilla,Large,Bottle,Bandung,2287,17152500,5000,7500,-30%,-0.3,1600.8999999999999,12006749.999999998,0.32017999999999996,3399.1000000000004,-5145750.000000002
2025-05-01,2025,5,May,SKU06,Product A,Food,Vanilla,Large,Bottle,Bandung,2287,17152500,5000,7500,Base,0,2287,17152500,0.4574,2713,0
2025-05-01,2025,5,May,SKU07,Product A,Food,Berry,Small,Box,Bandung,1715,8575000,6000,5000,+10%,0.1,1886.5000000000002,9432500.000000002,0.3144166666666667,4113.5,857500.0000000019
2025-05-01,2025,5,May,SKU07,Product A,Food,Berry,Small,Box,Bandung,1715,8575000,6000,5000,+20%,0.2,2058,10290000,0.343,3942,1715000
2025-05-01,2025,5,May,SKU07,Product A,Food,Berry,Small,Box,Bandung,1715,8575000,6000,5000,+30%,0.3,2229.5,11147500,0.3715833333333333,3770.5,2572500
2025-05-01,2025,5,May,SKU07,Product A,Food,Berry,Small,Box,Bandung,1715,8575000,6000,5000,-10%,-0.1,1543.5,7717500,0.25725,4456.5,-857500
2025-05-01,2025,5,May,SKU07,Product A,Food,Berry,Small,Box,Bandung,1715,8575000,6000,5000,-20%,-0.2,1372,6860000,0.22866666666666666,4628,-1715000
2025-05-01,2025,5,May,SKU07,Product A,Food,Berry,Small,Box,Bandung,1715,8575000,6000,5000,-30%,-0.3,1200.5,6002500,0.20008333333333334,4799.5,-2572500
2025-05-01,2025,5,May,SKU07,Product A,Food,Berry,Small,Box,Bandung,1715,8575000,6000,5000,Base,0,1715,8575000,0.28583333333333333,4285,0
2025-05-01,2025,5,May,SKU08,Product A,Food,Chocolate,Large,Box,Bandung,1546,11595000,6000,7500,+10%,0.1,1700.6000000000001,12754500.000000002,0.28343333333333337,4299.4,1159500.0000000019
2025-05-01,2025,5,May,SKU08,Product A,Food,Chocolate,Large,Box,Bandung,1546,11595000,6000,7500,+20%,0.2,1855.1999999999998,13913999.999999998,0.3092,4144.8,2318999.999999998
2025-05-01,2025,5,May,SKU08,Product A,Food,Chocolate,Large,Box,Bandung,1546,11595000,6000,7500,+30%,0.3,2009.8000000000002,15073500.000000002,0.3349666666666667,3990.2,3478500.000000002
2025-05-01,2025,5,May,SKU08,Product A,Food,Chocolate,Large,Box,Bandung,1546,11595000,6000,7500,-10%,-0.1,1391.4,10435500,0.23190000000000002,4608.6,-1159500
2025-05-01,2025,5,May,SKU08,Product A,Food,Chocolate,Large,Box,Bandung,1546,11595000,6000,7500,-20%,-0.2,1236.8000000000002,9276000.000000002,0.20613333333333336,4763.2,-2318999.999999998
2025-05-01,2025,5,May,SKU08,Product A,Food,Chocolate,Large,Box,Bandung,1546,11595000,6000,7500,-30%,-0.3,1082.1999999999998,8116499.999999999,0.18036666666666665,4917.8,-3478500.000000001
2025-05-01,2025,5,May,SKU08,Product A,Food,Chocolate,Large,Box,Bandung,1546,11595000,6000,7500,Base,0,1546,11595000,0.25766666666666665,4454,0
2025-05-01,2025,5,May,SKU09,Product A,Food,Chocolate,Medium,Box,Bandung,4329,43290000,4000,10000,+10%,0.1,4761.9000000000005,47619000.00000001,1.1904750000000002,-761.9000000000005,4329000.000000007
2025-05-01,2025,5,May,SKU09,Product A,Food,Chocolate,Medium,Box,Bandung,4329,43290000,4000,10000,+20%,0.2,5194.8,51948000,1.2987,-1194.8000000000002,8658000
2025-05-01,2025,5,May,SKU09,Product A,Food,Chocolate,Medium,Box,Bandung,4329,43290000,4000,10000,+30%,0.3,5627.7,56277000,1.406925,-1627.6999999999998,12987000
2025-05-01,2025,5,May,SKU09,Product A,Food,Chocolate,Medium,Box,Bandung,4329,43290000,4000,10000,-10%,-0.1,3896.1,38961000,0.974025,103.90000000000009,-4329000
2025-05-01,2025,5,May,SKU09,Product A,Food,Chocolate,Medium,Box,Bandung,4329,43290000,4000,10000,-20%,-0.2,3463.2000000000003,34632000,0.8658,536.7999999999997,-8658000
2025-05-01,2025,5,May,SKU09,Product A,Food,Chocolate,Medium,Box,Bandung,4329,43290000,4000,10000,-30%,-0.3,3030.2999999999997,30302999.999999996,0.7575749999999999,969.7000000000003,-12987000.000000004
2025-05-01,2025,5,May,SKU09,Product A,Food,Chocolate,Medium,Box,Bandung,4329,43290000,4000,10000,Base,0,4329,43290000,1.08225,-329,0
2025-05-01,2025,5,May,SKU10,Product A,Food,Chocolate,Small,Bottle,Jakarta,4079,20395000,6000,5000,+10%,0.1,4486.9000000000005,22434500.000000004,0.7478166666666668,1513.0999999999995,2039500.0000000037
2025-05-01,2025,5,May,SKU10,Product A,Food,Chocolate,Small,Bottle,Jakarta,4079,20395000,6000,5000,+20%,0.2,4894.8,24474000,0.8158000000000001,1105.1999999999998,4079000
2025-05-01,2025,5,May,SKU10,Product A,Food,Chocolate,Small,Bottle,Jakarta,4079,20395000,6000,5000,+30%,0.3,5302.7,26513500,0.8837833333333333,697.3000000000002,6118500
2025-05-01,2025,5,May,SKU10,Product A,Food,Chocolate,Small,Bottle,Jakarta,4079,20395000,6000,5000,-10%,-0.1,3671.1,18355500,0.61185,2328.9,-2039500
2025-05-01,2025,5,May,SKU10,Product A,Food,Chocolate,Small,Bottle,Jakarta,4079,20395000,6000,5000,-20%,-0.2,3263.2000000000003,16316000.000000002,0.5438666666666667,2736.7999999999997,-4078999.999999998
2025-05-01,2025,5,May,SKU10,Product A,Food,Chocolate,Small,Bottle,Jakarta,4079,20395000,6000,5000,-30%,-0.3,2855.2999999999997,14276499.999999998,0.47588333333333327,3144.7000000000003,-6118500.000000002
2025-05-01,2025,5,May,SKU10,Product A,Food,Chocolate,Small,Bottle,Jakarta,4079,20395000,6000,5000,Base,0,4079,20395000,0.6798333333333333,1921,0
2025-05-01,2025,5,May,SKU11,Product A,Food,Original,Medium,Bottle,Jakarta,1233,6165000,5000,5000,+10%,0.1,1356.3000000000002,6781500.000000001,0.27126000000000006,3643.7,616500.0000000009
2025-05-01,2025,5,May,SKU11,Product A,Food,Original,Medium,Bottle,Jakarta,1233,6165000,5000,5000,+20%,0.2,1479.6,7398000,0.29591999999999996,3520.4,1233000
2025-05-01,2025,5,May,SKU11,Product A,Food,Original,Medium,Bottle,Jakarta,1233,6165000,5000,5000,+30%,0.3,1602.9,8014500,0.32058000000000003,3397.1,1849500
2025-05-01,2025,5,May,SKU11,Product A,Food,Original,Medium,Bottle,Jakarta,1233,6165000,5000,5000,-10%,-0.1,1109.7,5548500,0.22194,3890.3,-616500
2025-05-01,2025,5,May,SKU11,Product A,Food,Original,Medium,Bottle,Jakarta,1233,6165000,5000,5000,-20%,-0.2,986.4000000000001,4932000,0.19728,4013.6,-1233000
2025-05-01,2025,5,May,SKU11,Product A,Food,Original,Medium,Bottle,Jakarta,1233,6165000,5000,5000,-30%,-0.3,863.0999999999999,4315500,0.17262,4136.9,-1849500
2025-05-01,2025,5,May,SKU11,Product A,Food,Original,Medium,Bottle,Jakarta,1233,6165000,5000,5000,Base,0,1233,6165000,0.2466,3767,0
2025-05-01,2025,5,May,SKU12,Product A,Food,Berry,Small,Bottle,Jakarta,1261,6305000,5000,5000,+10%,0.1,1387.1000000000001,6935500.000000001,0.27742,3612.8999999999996,630500.0000000009
2025-05-01,2025,5,May,SKU12,Product A,Food,Berry,Small,Bottle,Jakarta,1261,6305000,5000,5000,+20%,0.2,1513.2,7566000,0.30264,3486.8,1261000
2025-05-01,2025,5,May,SKU12,Product A,Food,Berry,Small,Bottle,Jakarta,1261,6305000,5000,5000,+30%,0.3,1639.3,8196500,0.32786,3360.7,1891500
2025-05-01,2025,5,May,SKU12,Product A,Food,Berry,Small,Bottle,Jakarta,1261,6305000,5000,5000,-10%,-0.1,1134.9,5674500,0.22698000000000002,3865.1,-630500
2025-05-01,2025,5,May,SKU12,Product A,Food,Berry,Small,Bottle,Jakarta,1261,6305000,5000,5000,-20%,-0.2,1008.8000000000001,5044000,0.20176000000000002,3991.2,-1261000
2025-05-01,2025,5,May,SKU12,Product A,Food,Berry,Small,Bottle,Jakarta,1261,6305000,5000,5000,-30%,-0.3,882.6999999999999,4413500,0.17653999999999997,4117.3,-1891500
2025-05-01,2025,5,May,SKU12,Product A,Food,Berry,Small,Bottle,Jakarta,1261,6305000,5000,5000,Base,0,1261,6305000,0.2522,3739,0
2025-06-01,2025,6,June,SKU01,Product B,Food,Chocolate,Medium,Bottle,Bandung,4341,21705000,5000,5000,+10%,0.1,4775.1,23875500,0.9550200000000001,224.89999999999964,2170500
2025-06-01,2025,6,June,SKU01,Product B,Food,Chocolate,Medium,Bottle,Bandung,4341,21705000,5000,5000,+20%,0.2,5209.2,26046000,1.0418399999999999,-209.19999999999982,4341000
2025-06-01,2025,6,June,SKU01,Product B,Food,Chocolate,Medium,Bottle,Bandung,4341,21705000,5000,5000,+30%,0.3,5643.3,28216500,1.12866,-643.3000000000002,6511500
2025-06-01,2025,6,June,SKU01,Product B,Food,Chocolate,Medium,Bottle,Bandung,4341,21705000,5000,5000,-10%,-0.1,3906.9,19534500,0.78138,1093.1,-2170500
2025-06-01,2025,6,June,SKU01,Product B,Food,Chocolate,Medium,Bottle,Bandung,4341,21705000,5000,5000,-20%,-0.2,3472.8,17364000,0.6945600000000001,1527.1999999999998,-4341000
2025-06-01,2025,6,June,SKU01,Product B,Food,Chocolate,Medium,Bottle,Bandung,4341,21705000,5000,5000,-30%,-0.3,3038.7,15193500,0.60774,1961.3000000000002,-6511500
2025-06-01,2025,6,June,SKU01,Product B,Food,Chocolate,Medium,Bottle,Bandung,4341,21705000,5000,5000,Base,0,4341,21705000,0.8682,659,0
2025-06-01,2025,6,June,SKU02,Product B,Food,Chocolate,Large,Bottle,Jakarta,4034,20170000,4000,5000,+10%,0.1,4437.4000000000005,22187000.000000004,1.10935,-437.40000000000055,2017000.0000000037
2025-06-01,2025,6,June,SKU02,Product B,Food,Chocolate,Large,Bottle,Jakarta,4034,20170000,4000,5000,+20%,0.2,4840.8,24204000,1.2102,-840.8000000000002,4034000
2025-06-01,2025,6,June,SKU02,Product B,Food,Chocolate,Large,Bottle,Jakarta,4034,20170000,4000,5000,+30%,0.3,5244.2,26221000,1.31105,-1244.1999999999998,6051000
2025-06-01,2025,6,June,SKU02,Product B,Food,Chocolate,Large,Bottle,Jakarta,4034,20170000,4000,5000,-10%,-0.1,3630.6,18153000,0.90765,369.4000000000001,-2017000
2025-06-01,2025,6,June,SKU02,Product B,Food,Chocolate,Large,Bottle,Jakarta,4034,20170000,4000,5000,-20%,-0.2,3227.2000000000003,16136000.000000002,0.8068000000000001,772.7999999999997,-4033999.999999998
2025-06-01,2025,6,June,SKU02,Product B,Food,Chocolate,Large,Bottle,Jakarta,4034,20170000,4000,5000,-30%,-0.3,2823.7999999999997,14118999.999999998,0.70595,1176.2000000000003,-6051000.000000002
2025-06-01,2025,6,June,SKU02,Product B,Food,Chocolate,Large,Bottle,Jakarta,4034,20170000,4000,5000,Base,0,4034,20170000,1.0085,-34,0
2025-06-01,2025,6,June,SKU03,Product B,Food,Chocolate,Medium,Box,Jakarta,1549,7745000,4000,5000,+10%,0.1,1703.9,8519500,0.42597500000000005,2296.1,774500
2025-06-01,2025,6,June,SKU03,Product B,Food,Chocolate,Medium,Box,Jakarta,1549,7745000,4000,5000,+20%,0.2,1858.8,9294000,0.4647,2141.2,1549000
2025-06-01,2025,6,June,SKU03,Product B,Food,Chocolate,Medium,Box,Jakarta,1549,7745000,4000,5000,+30%,0.3,2013.7,10068500,0.503425,1986.3,2323500
2025-06-01,2025,6,June,SKU03,Product B,Food,Chocolate,Medium,Box,Jakarta,1549,7745000,4000,5000,-10%,-0.1,1394.1000000000001,6970500.000000001,0.34852500000000003,2605.8999999999996,-774499.9999999991
2025-06-01,2025,6,June,SKU03,Product B,Food,Chocolate,Medium,Box,Jakarta,1549,7745000,4000,5000,-20%,-0.2,1239.2,6196000,0.3098,2760.8,-1549000
2025-06-01,2025,6,June,SKU03,Product B,Food,Chocolate,Medium,Box,Jakarta,1549,7745000,4000,5000,-30%,-0.3,1084.3,5421500,0.271075,2915.7,-2323500
2025-06-01,2025,6,June,SKU03,Product B,Food,Chocolate,Medium,Box,Jakarta,1549,7745000,4000,5000,Base,0,1549,7745000,0.38725,2451,0
2025-06-01,2025,6,June,SKU04,Product B,Food,Berry,Large,Bottle,Jakarta,1564,23460000,5000,15000,+10%,0.1,1720.4,25806000,0.34408,3279.6,2346000
2025-06-01,2025,6,June,SKU04,Product B,Food,Berry,Large,Bottle,Jakarta,1564,23460000,5000,15000,+20%,0.2,1876.8,28152000,0.37535999999999997,3123.2,4692000
2025-06-01,2025,6,June,SKU04,Product B,Food,Berry,Large,Bottle,Jakarta,1564,23460000,5000,15000,+30%,0.3,2033.2,30498000,0.40664,2966.8,7038000
2025-06-01,2025,6,June,SKU04,Product B,Food,Berry,Large,Bottle,Jakarta,1564,23460000,5000,15000,-10%,-0.1,1407.6000000000001,21114000.000000004,0.28152000000000005,3592.3999999999996,-2345999.9999999963
2025-06-01,2025,6,June,SKU04,Product B,Food,Berry,Large,Bottle,Jakarta,1564,23460000,5000,15000,-20%,-0.2,1251.2,18768000,0.25024,3748.8,-4692000
2025-06-01,2025,6,June,SKU04,Product B,Food,Berry,Large,Bottle,Jakarta,1564,23460000,5000,15000,-30%,-0.3,1094.8,16422000,0.21896,3905.2,-7038000
2025-06-01,2025,6,June,SKU04,Product B,Food,Berry,Large,Bottle,Jakarta,1564,23460000,5000,15000,Base,0,1564,23460000,0.3128,3436,0
2025-06-01,2025,6,June,SKU05,Product B,Food,Berry,Medium,Bottle,Jakarta,1075,16125000,5000,15000,+10%,0.1,1182.5,17737500,0.2365,3817.5,1612500
2025-06-01,2025,6,June,SKU05,Product B,Food,Berry,Medium,Bottle,Jakarta,1075,16125000,5000,15000,+20%,0.2,1290,19350000,0.258,3710,3225000
2025-06-01,2025,6,June,SKU05,Product B,Food,Berry,Medium,Bottle,Jakarta,1075,16125000,5000,15000,+30%,0.3,1397.5,20962500,0.2795,3602.5,4837500
2025-06-01,2025,6,June,SKU05,Product B,Food,Berry,Medium,Bottle,Jakarta,1075,16125000,5000,15000,-10%,-0.1,967.5,14512500,0.1935,4032.5,-1612500
2025-06-01,2025,6,June,SKU05,Product B,Food,Berry,Medium,Bottle,Jakarta,1075,16125000,5000,15000,-20%,-0.2,860,12900000,0.172,4140,-3225000
2025-06-01,2025,6,June,SKU05,Product B,Food,Berry,Medium,Bottle,Jakarta,1075,16125000,5000,15000,-30%,-0.3,752.5,11287500,0.1505,4247.5,-4837500
2025-06-01,2025,6,June,SKU05,Product B,Food,Berry,Medium,Bottle,Jakarta,1075,16125000,5000,15000,Base,0,1075,16125000,0.215,3925,0
2025-06-01,2025,6,June,SKU06,Product B,Food,Original,Small,Bottle,Bandung,5700,42750000,5000,7500,+10%,0.1,6270.000000000001,47025000.00000001,1.2540000000000002,-1270.000000000001,4275000.000000007
2025-06-01,2025,6,June,SKU06,Product B,Food,Original,Small,Bottle,Bandung,5700,42750000,5000,7500,+20%,0.2,6840,51300000,1.368,-1840,8550000
2025-06-01,2025,6,June,SKU06,Product B,Food,Original,Small,Bottle,Bandung,5700,42750000,5000,7500,+30%,0.3,7410,55575000,1.482,-2410,12825000
2025-06-01,2025,6,June,SKU06,Product B,Food,Original,Small,Bottle,Bandung,5700,42750000,5000,7500,-10%,-0.1,5130,38475000,1.026,-130,-4275000
2025-06-01,2025,6,June,SKU06,Product B,Food,Original,Small,Bottle,Bandung,5700,42750000,5000,7500,-20%,-0.2,4560,34200000,0.912,440,-8550000
2025-06-01,2025,6,June,SKU06,Product B,Food,Original,Small,Bottle,Bandung,5700,42750000,5000,7500,-30%,-0.3,3989.9999999999995,29924999.999999996,0.7979999999999999,1010.0000000000005,-12825000.000000004
2025-06-01,2025,6,June,SKU06,Product B,Food,Original,Small,Bottle,Bandung,5700,42750000,5000,7500,Base,0,5700,42750000,1.14,-700,0
2025-06-01,2025,6,June,SKU07,Product B,Food,Chocolate,Large,Box,Jakarta,1704,25560000,4000,15000,+10%,0.1,1874.4,28116000,0.4686,2125.6,2556000
2025-06-01,2025,6,June,SKU07,Product B,Food,Chocolate,Large,Box,Jakarta,1704,25560000,4000,15000,+20%,0.2,2044.8,30672000,0.5112,1955.2,5112000
2025-06-01,2025,6,June,SKU07,Product B,Food,Chocolate,Large,Box,Jakarta,1704,25560000,4000,15000,+30%,0.3,2215.2000000000003,33228000.000000004,0.5538000000000001,1784.7999999999997,7668000.000000004
2025-06-01,2025,6,June,SKU07,Product B,Food,Chocolate,Large,Box,Jakarta,1704,25560000,4000,15000,-10%,-0.1,1533.6000000000001,23004000.000000004,0.3834,2466.3999999999996,-2555999.9999999963
2025-06-01,2025,6,June,SKU07,Product B,Food,Chocolate,Large,Box,Jakarta,1704,25560000,4000,15000,-20%,-0.2,1363.2,20448000,0.3408,2636.8,-5112000
2025-06-01,2025,6,June,SKU07,Product B,Food,Chocolate,Large,Box,Jakarta,1704,25560000,4000,15000,-30%,-0.3,1192.8,17892000,0.29819999999999997,2807.2,-7668000
2025-06-01,2025,6,June,SKU07,Product B,Food,Chocolate,Large,Box,Jakarta,1704,25560000,4000,15000,Base,0,1704,25560000,0.426,2296,0
2025-06-01,2025,6,June,SKU08,Product B,Food,Chocolate,Small,Box,Jakarta,2657,26570000,4000,10000,+10%,0.1,2922.7000000000003,29227000.000000004,0.7306750000000001,1077.2999999999997,2657000.0000000037
2025-06-01,2025,6,June,SKU08,Product B,Food,Chocolate,Small,Box,Jakarta,2657,26570000,4000,10000,+20%,0.2,3188.4,31884000,0.7971,811.5999999999999,5314000
2025-06-01,2025,6,June,SKU08,Product B,Food,Chocolate,Small,Box,Jakarta,2657,26570000,4000,10000,+30%,0.3,3454.1,34541000,0.863525,545.9000000000001,7971000
2025-06-01,2025,6,June,SKU08,Product B,Food,Chocolate,Small,Box,Jakarta,2657,26570000,4000,10000,-10%,-0.1,2391.3,23913000,0.597825,1608.6999999999998,-2657000
2025-06-01,2025,6,June,SKU08,Product B,Food,Chocolate,Small,Box,Jakarta,2657,26570000,4000,10000,-20%,-0.2,2125.6,21256000,0.5314,1874.4,-5314000
2025-06-01,2025,6,June,SKU08,Product B,Food,Chocolate,Small,Box,Jakarta,2657,26570000,4000,10000,-30%,-0.3,1859.8999999999999,18599000,0.46497499999999997,2140.1000000000004,-7971000
2025-06-01,2025,6,June,SKU08,Product B,Food,Chocolate,Small,Box,Jakarta,2657,26570000,4000,10000,Base,0,2657,26570000,0.66425,1343,0
2025-06-01,2025,6,June,SKU09,Product B,Food,Chocolate,Large,Box,Bandung,4617,34627500,5000,7500,+10%,0.1,5078.700000000001,38090250.00000001,1.01574,-78.70000000000073,3462750.0000000075
2025-06-01,2025,6,June,SKU09,Product B,Food,Chocolate,Large,Box,Bandung,4617,34627500,5000,7500,+20%,0.2,5540.4,41553000,1.10808,-540.3999999999996,6925500
2025-06-01,2025,6,June,SKU09,Product B,Food,Chocolate,Large,Box,Bandung,4617,34627500,5000,7500,+30%,0.3,6002.1,45015750,1.20042,-1002.1000000000004,10388250
2025-06-01,2025,6,June,SKU09,Product B,Food,Chocolate,Large,Box,Bandung,4617,34627500,5000,7500,-10%,-0.1,4155.3,31164750,0.83106,844.6999999999998,-3462750
2025-06-01,2025,6,June,SKU09,Product B,Food,Chocolate,Large,Box,Bandung,4617,34627500,5000,7500,-20%,-0.2,3693.6000000000004,27702000.000000004,0.73872,1306.3999999999996,-6925499.999999996
2025-06-01,2025,6,June,SKU09,Product B,Food,Chocolate,Large,Box,Bandung,4617,34627500,5000,7500,-30%,-0.3,3231.8999999999996,24239249.999999996,0.64638,1768.1000000000004,-10388250.000000004
2025-06-01,2025,6,June,SKU09,Product B,Food,Chocolate,Large,Box,Bandung,4617,34627500,5000,7500,Base,0,4617,34627500,0.9234,383,0
2025-06-01,2025,6,June,SKU10,Product B,Food,Berry,Small,Bottle,Bandung,5020,50200000,5000,10000,+10%,0.1,5522,55220000,1.1044,-522,5020000
2025-06-01,2025,6,June,SKU10,Product B,Food,Berry,Small,Bottle,Bandung,5020,50200000,5000,10000,+20%,0.2,6024,60240000,1.2048,-1024,10040000
2025-06-01,2025,6,June,SKU10,Product B,Food,Berry,Small,Bottle,Bandung,5020,50200000,5000,10000,+30%,0.3,6526,65260000,1.3052,-1526,15060000
2025-06-01,2025,6,June,SKU10,Product B,Food,Berry,Small,Bottle,Bandung,5020,50200000,5000,10000,-10%,-0.1,4518,45180000,0.9036,482,-5020000
2025-06-01,2025,6,June,SKU10,Product B,Food,Berry,Small,Bottle,Bandung,5020,50200000,5000,10000,-20%,-0.2,4016,40160000,0.8032,984,-10040000
2025-06-01,2025,6,June,SKU10,Product B,Food,Berry,Small,Bottle,Bandung,5020,50200000,5000,10000,-30%,-0.3,3514,35140000,0.7028,1486,-15060000
2025-06-01,2025,6,June,SKU10,Product B,Food,Berry,Small,Bottle,Bandung,5020,50200000,5000,10000,Base,0,5020,50200000,1.004,-20,0
2025-06-01,2025,6,June,SKU11,Product B,Food,Chocolate,Medium,Bottle,Bandung,5211,26055000,5000,5000,+10%,0.1,5732.1,28660500,1.14642,-732.1000000000004,2605500
2025-06-01,2025,6,June,SKU11,Product B,Food,Chocolate,Medium,Bottle,Bandung,5211,26055000,5000,5000,+20%,0.2,6253.2,31266000,1.25064,-1253.1999999999998,5211000
2025-06-01,2025,6,June,SKU11,Product B,Food,Chocolate,Medium,Bottle,Bandung,5211,26055000,5000,5000,+30%,0.3,6774.3,33871500,1.35486,-1774.3000000000002,7816500
2025-06-01,2025,6,June,SKU11,Product B,Food,Chocolate,Medium,Bottle,Bandung,5211,26055000,5000,5000,-10%,-0.1,4689.9000000000005,23449500.000000004,0.9379800000000001,310.09999999999945,-2605499.9999999963
2025-06-01,2025,6,June,SKU11,Product B,Food,Chocolate,Medium,Bottle,Bandung,5211,26055000,5000,5000,-20%,-0.2,4168.8,20844000,0.8337600000000001,831.1999999999998,-5211000
2025-06-01,2025,6,June,SKU11,Product B,Food,Chocolate,Medium,Bottle,Bandung,5211,26055000,5000,5000,-30%,-0.3,3647.7,18238500,0.72954,1352.3000000000002,-7816500
2025-06-01,2025,6,June,SKU11,Product B,Food,Chocolate,Medium,Bottle,Bandung,5211,26055000,5000,5000,Base,0,5211,26055000,1.0422,-211,0
2025-06-01,2025,6,June,SKU12,Product B,Food,Berry,Medium,Bottle,Jakarta,3789,56835000,5000,15000,+10%,0.1,4167.9000000000005,62518500.00000001,0.8335800000000001,832.0999999999995,5683500.000000007
2025-06-01,2025,6,June,SKU12,Product B,Food,Berry,Medium,Bottle,Jakarta,3789,56835000,5000,15000,+20%,0.2,4546.8,68202000,0.9093600000000001,453.1999999999998,11367000
2025-06-01,2025,6,June,SKU12,Product B,Food,Berry,Medium,Bottle,Jakarta,3789,56835000,5000,15000,+30%,0.3,4925.7,73885500,0.98514,74.30000000000018,17050500
2025-06-01,2025,6,June,SKU12,Product B,Food,Berry,Medium,Bottle,Jakarta,3789,56835000,5000,15000,-10%,-0.1,3410.1,51151500,0.68202,1589.9,-5683500
2025-06-01,2025,6,June,SKU12,Product B,Food,Berry,Medium,Bottle,Jakarta,3789,56835000,5000,15000,-20%,-0.2,3031.2000000000003,45468000.00000001,0.60624,1968.7999999999997,-11366999.999999993
2025-06-01,2025,6,June,SKU12,Product B,Food,Berry,Medium,Bottle,Jakarta,3789,56835000,5000,15000,-30%,-0.3,2652.2999999999997,39784499.99999999,0.5304599999999999,2347.7000000000003,-17050500.000000007
2025-06-01,2025,6,June,SKU12,Product B,Food,Berry,Medium,Bottle,Jakarta,3789,56835000,5000,15000,Base,0,3789,56835000,0.7578,1211,0
2025-07-01,2025,7,July,SKU01,Product C,Drink,Vanilla,Small,Bottle,Jakarta,3881,38810000,6000,10000,+10%,0.1,4269.1,42691000,0.7115166666666667,1730.8999999999996,3881000
2025-07-01,2025,7,July,SKU01,Product C,Drink,Vanilla,Small,Bottle,Jakarta,3881,38810000,6000,10000,+20%,0.2,4657.2,46572000,0.7762,1342.8000000000002,7762000
2025-07-01,2025,7,July,SKU01,Product C,Drink,Vanilla,Small,Bottle,Jakarta,3881,38810000,6000,10000,+30%,0.3,5045.3,50453000,0.8408833333333333,954.6999999999998,11643000
2025-07-01,2025,7,July,SKU01,Product C,Drink,Vanilla,Small,Bottle,Jakarta,3881,38810000,6000,10000,-10%,-0.1,3492.9,34929000,0.5821500000000001,2507.1,-3881000
2025-07-01,2025,7,July,SKU01,Product C,Drink,Vanilla,Small,Bottle,Jakarta,3881,38810000,6000,10000,-20%,-0.2,3104.8,31048000,0.5174666666666667,2895.2,-7762000
2025-07-01,2025,7,July,SKU01,Product C,Drink,Vanilla,Small,Bottle,Jakarta,3881,38810000,6000,10000,-30%,-0.3,2716.7,27167000,0.4527833333333333,3283.3,-11643000
2025-07-01,2025,7,July,SKU01,Product C,Drink,Vanilla,Small,Bottle,Jakarta,3881,38810000,6000,10000,Base,0,3881,38810000,0.6468333333333334,2119,0
2025-07-01,2025,7,July,SKU02,Product C,Drink,Vanilla,Large,Bottle,Jakarta,922,9220000,5000,10000,+10%,0.1,1014.2,10142000,0.20284000000000002,3985.8,922000
2025-07-01,2025,7,July,SKU02,Product C,Drink,Vanilla,Large,Bottle,Jakarta,922,9220000,5000,10000,+20%,0.2,1106.3999999999999,11063999.999999998,0.22127999999999998,3893.6000000000004,1843999.9999999981
2025-07-01,2025,7,July,SKU02,Product C,Drink,Vanilla,Large,Bottle,Jakarta,922,9220000,5000,10000,+30%,0.3,1198.6000000000001,11986000.000000002,0.23972000000000002,3801.3999999999996,2766000.000000002
2025-07-01,2025,7,July,SKU02,Product C,Drink,Vanilla,Large,Bottle,Jakarta,922,9220000,5000,10000,-10%,-0.1,829.8000000000001,8298000.000000001,0.16596000000000002,4170.2,-921999.9999999991
2025-07-01,2025,7,July,SKU02,Product C,Drink,Vanilla,Large,Bottle,Jakarta,922,9220000,5000,10000,-20%,-0.2,737.6,7376000,0.14752,4262.4,-1844000
2025-07-01,2025,7,July,SKU02,Product C,Drink,Vanilla,Large,Bottle,Jakarta,922,9220000,5000,10000,-30%,-0.3,645.4,6454000,0.12908,4354.6,-2766000
2025-07-01,2025,7,July,SKU02,Product C,Drink,Vanilla,Large,Bottle,Jakarta,922,9220000,5000,10000,Base,0,922,9220000,0.1844,4078,0
2025-07-01,2025,7,July,SKU03,Product C,Drink,Berry,Large,Bottle,Jakarta,4458,33435000,4000,7500,+10%,0.1,4903.8,36778500,1.22595,-903.8000000000002,3343500
2025-07-01,2025,7,July,SKU03,Product C,Drink,Berry,Large,Bottle,Jakarta,4458,33435000,4000,7500,+20%,0.2,5349.5999999999995,40121999.99999999,1.3374,-1349.5999999999995,6686999.999999993
2025-07-01,2025,7,July,SKU03,Product C,Drink,Berry,Large,Bottle,Jakarta,4458,33435000,4000,7500,+30%,0.3,5795.4000000000005,43465500.00000001,1.4488500000000002,-1795.4000000000005,10030500.000000007
2025-07-01,2025,7,July,SKU03,Product C,Drink,Berry,Large,Bottle,Jakarta,4458,33435000,4000,7500,-10%,-0.1,4012.2000000000003,30091500.000000004,1.00305,-12.200000000000273,-3343499.9999999963
2025-07-01,2025,7,July,SKU03,Product C,Drink,Berry,Large,Bottle,Jakarta,4458,33435000,4000,7500,-20%,-0.2,3566.4,26748000,0.8916000000000001,433.5999999999999,-6687000
2025-07-01,2025,7,July,SKU03,Product C,Drink,Berry,Large,Bottle,Jakarta,4458,33435000,4000,7500,-30%,-0.3,3120.6,23404500,0.78015,879.4000000000001,-10030500
2025-07-01,2025,7,July,SKU03,Product C,Drink,Berry,Large,Bottle,Jakarta,4458,33435000,4000,7500,Base,0,4458,33435000,1.1145,-458,0
2025-07-01,2025,7,July,SKU04,Product C,Drink,Berry,Small,Box,Jakarta,4474,22370000,4000,5000,+10%,0.1,4921.4000000000005,24607000.000000004,1.23035,-921.4000000000005,2237000.0000000037
2025-07-01,2025,7,July,SKU04,Product C,Drink,Berry,Small,Box,Jakarta,4474,22370000,4000,5000,+20%,0.2,5368.8,26844000,1.3422,-1368.8000000000002,4474000
2025-07-01,2025,7,July,SKU04,Product C,Drink,Berry,Small,Box,Jakarta,4474,22370000,4000,5000,+30%,0.3,5816.2,29081000,1.45405,-1816.1999999999998,6711000
2025-07-01,2025,7,July,SKU04,Product C,Drink,Berry,Small,Box,Jakarta,4474,22370000,4000,5000,-10%,-0.1,4026.6,20133000,1.00665,-26.59999999999991,-2237000
2025-07-01,2025,7,July,SKU04,Product C,Drink,Berry,Small,Box,Jakarta,4474,22370000,4000,5000,-20%,-0.2,3579.2000000000003,17896000,0.8948,420.7999999999997,-4474000
2025-07-01,2025,7,July,SKU04,Product C,Drink,Berry,Small,Box,Jakarta,4474,22370000,4000,5000,-30%,-0.3,3131.7999999999997,15658999.999999998,0.7829499999999999,868.2000000000003,-6711000.000000002
2025-07-01,2025,7,July,SKU04,Product C,Drink,Berry,Small,Box,Jakarta,4474,22370000,4000,5000,Base,0,4474,22370000,1.1185,-474,0
2025-07-01,2025,7,July,SKU05,Product C,Drink,Berry,Large,Box,Bandung,5496,54960000,6000,10000,+10%,0.1,6045.6,60456000,1.0076,-45.600000000000364,5496000
2025-07-01,2025,7,July,SKU05,Product C,Drink,Berry,Large,Box,Bandung,5496,54960000,6000,10000,+20%,0.2,6595.2,65952000,1.0992,-595.1999999999998,10992000
2025-07-01,2025,7,July,SKU05,Product C,Drink,Berry,Large,Box,Bandung,5496,54960000,6000,10000,+30%,0.3,7144.8,71448000,1.1908,-1144.8000000000002,16488000
2025-07-01,2025,7,July,SKU05,Product C,Drink,Berry,Large,Box,Bandung,5496,54960000,6000,10000,-10%,-0.1,4946.4000000000005,49464000.00000001,0.8244000000000001,1053.5999999999995,-5495999.999999993
2025-07-01,2025,7,July,SKU05,Product C,Drink,Berry,Large,Box,Bandung,5496,54960000,6000,10000,-20%,-0.2,4396.8,43968000,0.7328,1603.1999999999998,-10992000
2025-07-01,2025,7,July,SKU05,Product C,Drink,Berry,Large,Box,Bandung,5496,54960000,6000,10000,-30%,-0.3,3847.2,38472000,0.6412,2152.8,-16488000
2025-07-01,2025,7,July,SKU05,Product C,Drink,Berry,Large,Box,Bandung,5496,54960000,6000,10000,Base,0,5496,54960000,0.916,504,0
2025-07-01,2025,7,July,SKU06,Product C,Drink,Chocolate,Large,Box,Jakarta,4087,61305000,4000,15000,+10%,0.1,4495.700000000001,67435500.00000001,1.1239250000000003,-495.7000000000007,6130500.000000015
2025-07-01,2025,7,July,SKU06,Product C,Drink,Chocolate,Large,Box,Jakarta,4087,61305000,4000,15000,+20%,0.2,4904.4,73566000,1.2261,-904.3999999999996,12261000
2025-07-01,2025,7,July,SKU06,Product C,Drink,Chocolate,Large,Box,Jakarta,4087,61305000,4000,15000,+30%,0.3,5313.1,79696500,1.328275,-1313.1000000000004,18391500
2025-07-01,2025,7,July,SKU06,Product C,Drink,Chocolate,Large,Box,Jakarta,4087,61305000,4000,15000,-10%,-0.1,3678.3,55174500,0.919575,321.6999999999998,-6130500
2025-07-01,2025,7,July,SKU06,Product C,Drink,Chocolate,Large,Box,Jakarta,4087,61305000,4000,15000,-20%,-0.2,3269.6000000000004,49044000.00000001,0.8174000000000001,730.3999999999996,-12260999.999999993
2025-07-01,2025,7,July,SKU06,Product C,Drink,Chocolate,Large,Box,Jakarta,4087,61305000,4000,15000,-30%,-0.3,2860.8999999999996,42913499.99999999,0.7152249999999999,1139.1000000000004,-18391500.000000007
2025-07-01,2025,7,July,SKU06,Product C,Drink,Chocolate,Large,Box,Jakarta,4087,61305000,4000,15000,Base,0,4087,61305000,1.02175,-87,0
2025-07-01,2025,7,July,SKU07,Product C,Drink,Original,Small,Box,Jakarta,5066,75990000,4000,15000,+10%,0.1,5572.6,83589000,1.39315,-1572.6000000000004,7599000
2025-07-01,2025,7,July,SKU07,Product C,Drink,Original,Small,Box,Jakarta,5066,75990000,4000,15000,+20%,0.2,6079.2,91188000,1.5198,-2079.2,15198000
2025-07-01,2025,7,July,SKU07,Product C,Drink,Original,Small,Box,Jakarta,5066,75990000,4000,15000,+30%,0.3,6585.8,98787000,1.64645,-2585.8,22797000
2025-07-01,2025,7,July,SKU07,Product C,Drink,Original,Small,Box,Jakarta,5066,75990000,4000,15000,-10%,-0.1,4559.4000000000005,68391000.00000001,1.13985,-559.4000000000005,-7598999.999999985
2025-07-01,2025,7,July,SKU07,Product C,Drink,Original,Small,Box,Jakarta,5066,75990000,4000,15000,-20%,-0.2,4052.8,60792000,1.0132,-52.80000000000018,-15198000
2025-07-01,2025,7,July,SKU07,Product C,Drink,Original,Small,Box,Jakarta,5066,75990000,4000,15000,-30%,-0.3,3546.2,53193000,0.88655,453.8000000000002,-22797000
2025-07-01,2025,7,July,SKU07,Product C,Drink,Original,Small,Box,Jakarta,5066,75990000,4000,15000,Base,0,5066,75990000,1.2665,-1066,0
2025-07-01,2025,7,July,SKU08,Product C,Drink,Chocolate,Large,Bottle,Bandung,5603,42022500,5000,7500,+10%,0.1,6163.3,46224750,1.23266,-1163.3000000000002,4202250
2025-07-01,2025,7,July,SKU08,Product C,Drink,Chocolate,Large,Bottle,Bandung,5603,42022500,5000,7500,+20%,0.2,6723.5999999999995,50426999.99999999,1.34472,-1723.5999999999995,8404499.999999993
2025-07-01,2025,7,July,SKU08,Product C,Drink,Chocolate,Large,Bottle,Bandung,5603,42022500,5000,7500,+30%,0.3,7283.9000000000005,54629250.00000001,1.4567800000000002,-2283.9000000000005,12606750.000000007
2025-07-01,2025,7,July,SKU08,Product C,Drink,Chocolate,Large,Bottle,Bandung,5603,42022500,5000,7500,-10%,-0.1,5042.7,37820250,1.00854,-42.69999999999982,-4202250
2025-07-01,2025,7,July,SKU08,Product C,Drink,Chocolate,Large,Bottle,Bandung,5603,42022500,5000,7500,-20%,-0.2,4482.4000000000005,33618000.00000001,0.89648,517.5999999999995,-8404499.999999993
2025-07-01,2025,7,July,SKU08,Product C,Drink,Chocolate,Large,Bottle,Bandung,5603,42022500,5000,7500,-30%,-0.3,3922.1,29415750,0.78442,1077.9,-12606750
2025-07-01,2025,7,July,SKU08,Product C,Drink,Chocolate,Large,Bottle,Bandung,5603,42022500,5000,7500,Base,0,5603,42022500,1.1206,-603,0
2025-07-01,2025,7,July,SKU09,Product C,Drink,Berry,Large,Box,Bandung,4124,41240000,4000,10000,+10%,0.1,4536.4000000000005,45364000.00000001,1.1341,-536.4000000000005,4124000.0000000075
2025-07-01,2025,7,July,SKU09,Product C,Drink,Berry,Large,Box,Bandung,4124,41240000,4000,10000,+20%,0.2,4948.8,49488000,1.2372,-948.8000000000002,8248000
2025-07-01,2025,7,July,SKU09,Product C,Drink,Berry,Large,Box,Bandung,4124,41240000,4000,10000,+30%,0.3,5361.2,53612000,1.3403,-1361.1999999999998,12372000
2025-07-01,2025,7,July,SKU09,Product C,Drink,Berry,Large,Box,Bandung,4124,41240000,4000,10000,-10%,-0.1,3711.6,37116000,0.9279,288.4000000000001,-4124000
2025-07-01,2025,7,July,SKU09,Product C,Drink,Berry,Large,Box,Bandung,4124,41240000,4000,10000,-20%,-0.2,3299.2000000000003,32992000.000000004,0.8248000000000001,700.7999999999997,-8247999.999999996
2025-07-01,2025,7,July,SKU09,Product C,Drink,Berry,Large,Box,Bandung,4124,41240000,4000,10000,-30%,-0.3,2886.7999999999997,28867999.999999996,0.7216999999999999,1113.2000000000003,-12372000.000000004
2025-07-01,2025,7,July,SKU09,Product C,Drink,Berry,Large,Box,Bandung,4124,41240000,4000,10000,Base,0,4124,41240000,1.031,-124,0
2025-07-01,2025,7,July,SKU10,Product C,Drink,Berry,Medium,Box,Bandung,3018,15090000,5000,5000,+10%,0.1,3319.8,16599000,0.66396,1680.1999999999998,1509000
2025-07-01,2025,7,July,SKU10,Product C,Drink,Berry,Medium,Box,Bandung,3018,15090000,5000,5000,+20%,0.2,3621.6,18108000,0.72432,1378.4,3018000
2025-07-01,2025,7,July,SKU10,Product C,Drink,Berry,Medium,Box,Bandung,3018,15090000,5000,5000,+30%,0.3,3923.4,19617000,0.78468,1076.6,4527000
2025-07-01,2025,7,July,SKU10,Product C,Drink,Berry,Medium,Box,Bandung,3018,15090000,5000,5000,-10%,-0.1,2716.2000000000003,13581000.000000002,0.5432400000000001,2283.7999999999997,-1508999.9999999981
2025-07-01,2025,7,July,SKU10,Product C,Drink,Berry,Medium,Box,Bandung,3018,15090000,5000,5000,-20%,-0.2,2414.4,12072000,0.48288000000000003,2585.6,-3018000
2025-07-01,2025,7,July,SKU10,Product C,Drink,Berry,Medium,Box,Bandung,3018,15090000,5000,5000,-30%,-0.3,2112.6,10563000,0.42252,2887.4,-4527000
2025-07-01,2025,7,July,SKU10,Product C,Drink,Berry,Medium,Box,Bandung,3018,15090000,5000,5000,Base,0,3018,15090000,0.6036,1982,0
2025-07-01,2025,7,July,SKU11,Product C,Drink,Chocolate,Medium,Box,Bandung,1368,10260000,5000,7500,+10%,0.1,1504.8000000000002,11286000.000000002,0.30096000000000006,3495.2,1026000.0000000019
2025-07-01,2025,7,July,SKU11,Product C,Drink,Chocolate,Medium,Box,Bandung,1368,10260000,5000,7500,+20%,0.2,1641.6,12312000,0.32832,3358.4,2052000
2025-07-01,2025,7,July,SKU11,Product C,Drink,Chocolate,Medium,Box,Bandung,1368,10260000,5000,7500,+30%,0.3,1778.4,13338000,0.35568,3221.6,3078000
2025-07-01,2025,7,July,SKU11,Product C,Drink,Chocolate,Medium,Box,Bandung,1368,10260000,5000,7500,-10%,-0.1,1231.2,9234000,0.24624000000000001,3768.8,-1026000
2025-07-01,2025,7,July,SKU11,Product C,Drink,Chocolate,Medium,Box,Bandung,1368,10260000,5000,7500,-20%,-0.2,1094.4,8208000.000000001,0.21888000000000002,3905.6,-2051999.999999999
2025-07-01,2025,7,July,SKU11,Product C,Drink,Chocolate,Medium,Box,Bandung,1368,10260000,5000,7500,-30%,-0.3,957.5999999999999,7181999.999999999,0.19151999999999997,4042.4,-3078000.000000001
2025-07-01,2025,7,July,SKU11,Product C,Drink,Chocolate,Medium,Box,Bandung,1368,10260000,5000,7500,Base,0,1368,10260000,0.2736,3632,0
2025-07-01,2025,7,July,SKU12,Product C,Drink,Original,Large,Box,Jakarta,4315,21575000,5000,5000,+10%,0.1,4746.5,23732500,0.9493,253.5,2157500
2025-07-01,2025,7,July,SKU12,Product C,Drink,Original,Large,Box,Jakarta,4315,21575000,5000,5000,+20%,0.2,5178,25890000,1.0356,-178,4315000
2025-07-01,2025,7,July,SKU12,Product C,Drink,Original,Large,Box,Jakarta,4315,21575000,5000,5000,+30%,0.3,5609.5,28047500,1.1219,-609.5,6472500
2025-07-01,2025,7,July,SKU12,Product C,Drink,Original,Large,Box,Jakarta,4315,21575000,5000,5000,-10%,-0.1,3883.5,19417500,0.7767,1116.5,-2157500
2025-07-01,2025,7,July,SKU12,Product C,Drink,Original,Large,Box,Jakarta,4315,21575000,5000,5000,-20%,-0.2,3452,17260000,0.6904,1548,-4315000
2025-07-01,2025,7,July,SKU12,Product C,Drink,Original,Large,Box,Jakarta,4315,21575000,5000,5000,-30%,-0.3,3020.5,15102500,0.6041,1979.5,-6472500
2025-07-01,2025,7,July,SKU12,Product C,Drink,Original,Large,Box,Jakarta,4315,21575000,5000,5000,Base,0,4315,21575000,0.863,685,0
2025-08-01,2025,8,August,SKU01,Product D,Drink,Vanilla,Medium,Bottle,Jakarta,3265,32650000,5000,10000,+10%,0.1,3591.5000000000005,35915000.00000001,0.7183,1408.4999999999995,3265000.0000000075
2025-08-01,2025,8,August,SKU01,Product D,Drink,Vanilla,Medium,Bottle,Jakarta,3265,32650000,5000,10000,+20%,0.2,3918,39180000,0.7836,1082,6530000
2025-08-01,2025,8,August,SKU01,Product D,Drink,Vanilla,Medium,Bottle,Jakarta,3265,32650000,5000,10000,+30%,0.3,4244.5,42445000,0.8489,755.5,9795000
2025-08-01,2025,8,August,SKU01,Product D,Drink,Vanilla,Medium,Bottle,Jakarta,3265,32650000,5000,10000,-10%,-0.1,2938.5,29385000,0.5877,2061.5,-3265000
2025-08-01,2025,8,August,SKU01,Product D,Drink,Vanilla,Medium,Bottle,Jakarta,3265,32650000,5000,10000,-20%,-0.2,2612,26120000,0.5224,2388,-6530000
2025-08-01,2025,8,August,SKU01,Product D,Drink,Vanilla,Medium,Bottle,Jakarta,3265,32650000,5000,10000,-30%,-0.3,2285.5,22855000,0.4571,2714.5,-9795000
2025-08-01,2025,8,August,SKU01,Product D,Drink,Vanilla,Medium,Bottle,Jakarta,3265,32650000,5000,10000,Base,0,3265,32650000,0.653,1735,0
2025-08-01,2025,8,August,SKU02,Product D,Drink,Original,Large,Box,Bandung,4264,63960000,6000,15000,+10%,0.1,4690.4000000000005,70356000.00000001,0.7817333333333334,1309.5999999999995,6396000.000000015
2025-08-01,2025,8,August,SKU02,Product D,Drink,Original,Large,Box,Bandung,4264,63960000,6000,15000,+20%,0.2,5116.8,76752000,0.8528,883.1999999999998,12792000
2025-08-01,2025,8,August,SKU02,Product D,Drink,Original,Large,Box,Bandung,4264,63960000,6000,15000,+30%,0.3,5543.2,83148000,0.9238666666666666,456.8000000000002,19188000
2025-08-01,2025,8,August,SKU02,Product D,Drink,Original,Large,Box,Bandung,4264,63960000,6000,15000,-10%,-0.1,3837.6,57564000,0.6396,2162.4,-6396000
2025-08-01,2025,8,August,SKU02,Product D,Drink,Original,Large,Box,Bandung,4264,63960000,6000,15000,-20%,-0.2,3411.2000000000003,51168000.00000001,0.5685333333333333,2588.7999999999997,-12791999.999999993
2025-08-01,2025,8,August,SKU02,Product D,Drink,Original,Large,Box,Bandung,4264,63960000,6000,15000,-30%,-0.3,2984.7999999999997,44771999.99999999,0.4974666666666666,3015.2000000000003,-19188000.000000007
2025-08-01,2025,8,August,SKU02,Product D,Drink,Original,Large,Box,Bandung,4264,63960000,6000,15000,Base,0,4264,63960000,0.7106666666666667,1736,0
2025-08-01,2025,8,August,SKU03,Product D,Drink,Berry,Medium,Bottle,Jakarta,2566,12830000,5000,5000,+10%,0.1,2822.6000000000004,14113000.000000002,0.56452,2177.3999999999996,1283000.0000000019
2025-08-01,2025,8,August,SKU03,Product D,Drink,Berry,Medium,Bottle,Jakarta,2566,12830000,5000,5000,+20%,0.2,3079.2,15396000,0.6158399999999999,1920.8000000000002,2566000
2025-08-01,2025,8,August,SKU03,Product D,Drink,Berry,Medium,Bottle,Jakarta,2566,12830000,5000,5000,+30%,0.3,3335.8,16679000,0.6671600000000001,1664.1999999999998,3849000
2025-08-01,2025,8,August,SKU03,Product D,Drink,Berry,Medium,Bottle,Jakarta,2566,12830000,5000,5000,-10%,-0.1,2309.4,11547000,0.46188,2690.6,-1283000
2025-08-01,2025,8,August,SKU03,Product D,Drink,Berry,Medium,Bottle,Jakarta,2566,12830000,5000,5000,-20%,-0.2,2052.8,10264000,0.41056000000000004,2947.2,-2566000
2025-08-01,2025,8,August,SKU03,Product D,Drink,Berry,Medium,Bottle,Jakarta,2566,12830000,5000,5000,-30%,-0.3,1796.1999999999998,8981000,0.35923999999999995,3203.8,-3849000
2025-08-01,2025,8,August,SKU03,Product D,Drink,Berry,Medium,Bottle,Jakarta,2566,12830000,5000,5000,Base,0,2566,12830000,0.5132,2434,0
2025-08-01,2025,8,August,SKU04,Product D,Drink,Vanilla,Medium,Box,Jakarta,1591,11932500,5000,7500,+10%,0.1,1750.1000000000001,13125750.000000002,0.35002000000000005,3249.8999999999996,1193250.0000000019
2025-08-01,2025,8,August,SKU04,Product D,Drink,Vanilla,Medium,Box,Jakarta,1591,11932500,5000,7500,+20%,0.2,1909.1999999999998,14318999.999999998,0.38183999999999996,3090.8,2386499.999999998
2025-08-01,2025,8,August,SKU04,Product D,Drink,Vanilla,Medium,Box,Jakarta,1591,11932500,5000,7500,+30%,0.3,2068.3,15512250.000000002,0.41366000000000003,2931.7,3579750.000000002
2025-08-01,2025,8,August,SKU04,Product D,Drink,Vanilla,Medium,Box,Jakarta,1591,11932500,5000,7500,-10%,-0.1,1431.9,10739250,0.28638,3568.1,-1193250
2025-08-01,2025,8,August,SKU04,Product D,Drink,Vanilla,Medium,Box,Jakarta,1591,11932500,5000,7500,-20%,-0.2,1272.8000000000002,9546000.000000002,0.25456000000000006,3727.2,-2386499.999999998
2025-08-01,2025,8,August,SKU04,Product D,Drink,Vanilla,Medium,Box,Jakarta,1591,11932500,5000,7500,-30%,-0.3,1113.6999999999998,8352749.999999999,0.22273999999999997,3886.3,-3579750.000000001
2025-08-01,2025,8,August,SKU04,Product D,Drink,Vanilla,Medium,Box,Jakarta,1591,11932500,5000,7500,Base,0,1591,11932500,0.3182,3409,0
2025-08-01,2025,8,August,SKU05,Product D,Drink,Berry,Large,Box,Jakarta,1232,12320000,4000,10000,+10%,0.1,1355.2,13552000,0.3388,2644.8,1232000
2025-08-01,2025,8,August,SKU05,Product D,Drink,Berry,Large,Box,Jakarta,1232,12320000,4000,10000,+20%,0.2,1478.3999999999999,14783999.999999998,0.3696,2521.6000000000004,2463999.999999998
2025-08-01,2025,8,August,SKU05,Product D,Drink,Berry,Large,Box,Jakarta,1232,12320000,4000,10000,+30%,0.3,1601.6000000000001,16016000.000000002,0.40040000000000003,2398.3999999999996,3696000.000000002
2025-08-01,2025,8,August,SKU05,Product D,Drink,Berry,Large,Box,Jakarta,1232,12320000,4000,10000,-10%,-0.1,1108.8,11088000,0.2772,2891.2,-1232000
2025-08-01,2025,8,August,SKU05,Product D,Drink,Berry,Large,Box,Jakarta,1232,12320000,4000,10000,-20%,-0.2,985.6,9856000,0.2464,3014.4,-2464000
2025-08-01,2025,8,August,SKU05,Product D,Drink,Berry,Large,Box,Jakarta,1232,12320000,4000,10000,-30%,-0.3,862.4,8624000,0.21559999999999999,3137.6,-3696000
2025-08-01,2025,8,August,SKU05,Product D,Drink,Berry,Large,Box,Jakarta,1232,12320000,4000,10000,Base,0,1232,12320000,0.308,2768,0
2025-08-01,2025,8,August,SKU06,Product D,Drink,Original,Large,Box,Bandung,1919,19190000,5000,10000,+10%,0.1,2110.9,21109000,0.42218,2889.1,1919000
2025-08-01,2025,8,August,SKU06,Product D,Drink,Original,Large,Box,Bandung,1919,19190000,5000,10000,+20%,0.2,2302.7999999999997,23027999.999999996,0.46055999999999997,2697.2000000000003,3837999.9999999963
2025-08-01,2025,8,August,SKU06,Product D,Drink,Original,Large,Box,Bandung,1919,19190000,5000,10000,+30%,0.3,2494.7000000000003,24947000.000000004,0.49894000000000005,2505.2999999999997,5757000.000000004
2025-08-01,2025,8,August,SKU06,Product D,Drink,Original,Large,Box,Bandung,1919,19190000,5000,10000,-10%,-0.1,1727.1000000000001,17271000,0.34542,3272.8999999999996,-1919000
2025-08-01,2025,8,August,SKU06,Product D,Drink,Original,Large,Box,Bandung,1919,19190000,5000,10000,-20%,-0.2,1535.2,15352000,0.30704000000000004,3464.8,-3838000
2025-08-01,2025,8,August,SKU06,Product D,Drink,Original,Large,Box,Bandung,1919,19190000,5000,10000,-30%,-0.3,1343.3,13433000,0.26866,3656.7,-5757000
2025-08-01,2025,8,August,SKU06,Product D,Drink,Original,Large,Box,Bandung,1919,19190000,5000,10000,Base,0,1919,19190000,0.3838,3081,0
2025-08-01,2025,8,August,SKU07,Product D,Drink,Original,Medium,Bottle,Bandung,611,4582500,6000,7500,+10%,0.1,672.1,5040750,0.11201666666666667,5327.9,458250
2025-08-01,2025,8,August,SKU07,Product D,Drink,Original,Medium,Bottle,Bandung,611,4582500,6000,7500,+20%,0.2,733.1999999999999,5498999.999999999,0.12219999999999999,5266.8,916499.9999999991
2025-08-01,2025,8,August,SKU07,Product D,Drink,Original,Medium,Bottle,Bandung,611,4582500,6000,7500,+30%,0.3,794.3000000000001,5957250.000000001,0.13238333333333335,5205.7,1374750.000000001
2025-08-01,2025,8,August,SKU07,Product D,Drink,Original,Medium,Bottle,Bandung,611,4582500,6000,7500,-10%,-0.1,549.9,4124250,0.09165,5450.1,-458250
2025-08-01,2025,8,August,SKU07,Product D,Drink,Original,Medium,Bottle,Bandung,611,4582500,6000,7500,-20%,-0.2,488.8,3666000,0.08146666666666667,5511.2,-916500
2025-08-01,2025,8,August,SKU07,Product D,Drink,Original,Medium,Bottle,Bandung,611,4582500,6000,7500,-30%,-0.3,427.7,3207750,0.07128333333333334,5572.3,-1374750
2025-08-01,2025,8,August,SKU07,Product D,Drink,Original,Medium,Bottle,Bandung,611,4582500,6000,7500,Base,0,611,4582500,0.10183333333333333,5389,0
2025-08-01,2025,8,August,SKU08,Product D,Drink,Chocolate,Large,Bottle,Jakarta,1060,5300000,6000,5000,+10%,0.1,1166,5830000,0.19433333333333333,4834,530000
2025-08-01,2025,8,August,SKU08,Product D,Drink,Chocolate,Large,Bottle,Jakarta,1060,5300000,6000,5000,+20%,0.2,1272,6360000,0.212,4728,1060000
2025-08-01,2025,8,August,SKU08,Product D,Drink,Chocolate,Large,Bottle,Jakarta,1060,5300000,6000,5000,+30%,0.3,1378,6890000,0.22966666666666666,4622,1590000
2025-08-01,2025,8,August,SKU08,Product D,Drink,Chocolate,Large,Bottle,Jakarta,1060,5300000,6000,5000,-10%,-0.1,954,4770000,0.159,5046,-530000
2025-08-01,2025,8,August,SKU08,Product D,Drink,Chocolate,Large,Bottle,Jakarta,1060,5300000,6000,5000,-20%,-0.2,848,4240000,0.14133333333333334,5152,-1060000
2025-08-01,2025,8,August,SKU08,Product D,Drink,Chocolate,Large,Bottle,Jakarta,1060,5300000,6000,5000,-30%,-0.3,742,3710000,0.12366666666666666,5258,-1590000
2025-08-01,2025,8,August,SKU08,Product D,Drink,Chocolate,Large,Bottle,Jakarta,1060,5300000,6000,5000,Base,0,1060,5300000,0.17666666666666667,4940,0
2025-08-01,2025,8,August,SKU09,Product D,Drink,Vanilla,Small,Box,Bandung,3161,23707500,5000,7500,+10%,0.1,3477.1000000000004,26078250.000000004,0.69542,1522.8999999999996,2370750.0000000037
2025-08-01,2025,8,August,SKU09,Product D,Drink,Vanilla,Small,Box,Bandung,3161,23707500,5000,7500,+20%,0.2,3793.2,28449000,0.75864,1206.8000000000002,4741500
2025-08-01,2025,8,August,SKU09,Product D,Drink,Vanilla,Small,Box,Bandung,3161,23707500,5000,7500,+30%,0.3,4109.3,30819750,0.82186,890.6999999999998,7112250
2025-08-01,2025,8,August,SKU09,Product D,Drink,Vanilla,Small,Box,Bandung,3161,23707500,5000,7500,-10%,-0.1,2844.9,21336750,0.56898,2155.1,-2370750
2025-08-01,2025,8,August,SKU09,Product D,Drink,Vanilla,Small,Box,Bandung,3161,23707500,5000,7500,-20%,-0.2,2528.8,18966000,0.50576,2471.2,-4741500
2025-08-01,2025,8,August,SKU09,Product D,Drink,Vanilla,Small,Box,Bandung,3161,23707500,5000,7500,-30%,-0.3,2212.7,16595249.999999998,0.44254,2787.3,-7112250.000000002
2025-08-01,2025,8,August,SKU09,Product D,Drink,Vanilla,Small,Box,Bandung,3161,23707500,5000,7500,Base,0,3161,23707500,0.6322,1839,0
2025-08-01,2025,8,August,SKU10,Product D,Drink,Vanilla,Large,Box,Bandung,3417,25627500,6000,7500,+10%,0.1,3758.7000000000003,28190250.000000004,0.6264500000000001,2241.2999999999997,2562750.0000000037
2025-08-01,2025,8,August,SKU10,Product D,Drink,Vanilla,Large,Box,Bandung,3417,25627500,6000,7500,+20%,0.2,4100.4,30752999.999999996,0.6833999999999999,1899.6000000000004,5125499.999999996
2025-08-01,2025,8,August,SKU10,Product D,Drink,Vanilla,Large,Box,Bandung,3417,25627500,6000,7500,+30%,0.3,4442.1,33315750.000000004,0.7403500000000001,1557.8999999999996,7688250.000000004
2025-08-01,2025,8,August,SKU10,Product D,Drink,Vanilla,Large,Box,Bandung,3417,25627500,6000,7500,-10%,-0.1,3075.3,23064750,0.5125500000000001,2924.7,-2562750
2025-08-01,2025,8,August,SKU10,Product D,Drink,Vanilla,Large,Box,Bandung,3417,25627500,6000,7500,-20%,-0.2,2733.6000000000004,20502000.000000004,0.45560000000000006,3266.3999999999996,-5125499.999999996
2025-08-01,2025,8,August,SKU10,Product D,Drink,Vanilla,Large,Box,Bandung,3417,25627500,6000,7500,-30%,-0.3,2391.8999999999996,17939249.999999996,0.39864999999999995,3608.1000000000004,-7688250.000000004
2025-08-01,2025,8,August,SKU10,Product D,Drink,Vanilla,Large,Box,Bandung,3417,25627500,6000,7500,Base,0,3417,25627500,0.5695,2583,0
2025-08-01,2025,8,August,SKU11,Product D,Drink,Berry,Large,Box,Bandung,1664,8320000,5000,5000,+10%,0.1,1830.4,9152000,0.36608,3169.6,832000
2025-08-01,2025,8,August,SKU11,Product D,Drink,Berry,Large,Box,Bandung,1664,8320000,5000,5000,+20%,0.2,1996.8,9984000,0.39936,3003.2,1664000
2025-08-01,2025,8,August,SKU11,Product D,Drink,Berry,Large,Box,Bandung,1664,8320000,5000,5000,+30%,0.3,2163.2000000000003,10816000.000000002,0.4326400000000001,2836.7999999999997,2496000.000000002
2025-08-01,2025,8,August,SKU11,Product D,Drink,Berry,Large,Box,Bandung,1664,8320000,5000,5000,-10%,-0.1,1497.6000000000001,7488000.000000001,0.29952,3502.3999999999996,-831999.9999999991
2025-08-01,2025,8,August,SKU11,Product D,Drink,Berry,Large,Box,Bandung,1664,8320000,5000,5000,-20%,-0.2,1331.2,6656000,0.26624000000000003,3668.8,-1664000
2025-08-01,2025,8,August,SKU11,Product D,Drink,Berry,Large,Box,Bandung,1664,8320000,5000,5000,-30%,-0.3,1164.8,5824000,0.23296,3835.2,-2496000
2025-08-01,2025,8,August,SKU11,Product D,Drink,Berry,Large,Box,Bandung,1664,8320000,5000,5000,Base,0,1664,8320000,0.3328,3336,0
2025-08-01,2025,8,August,SKU12,Product D,Drink,Chocolate,Medium,Box,Bandung,1356,20340000,5000,15000,+10%,0.1,1491.6000000000001,22374000.000000004,0.29832000000000003,3508.3999999999996,2034000.0000000037
2025-08-01,2025,8,August,SKU12,Product D,Drink,Chocolate,Medium,Box,Bandung,1356,20340000,5000,15000,+20%,0.2,1627.2,24408000,0.32544,3372.8,4068000
2025-08-01,2025,8,August,SKU12,Product D,Drink,Chocolate,Medium,Box,Bandung,1356,20340000,5000,15000,+30%,0.3,1762.8,26442000,0.35256,3237.2,6102000
2025-08-01,2025,8,August,SKU12,Product D,Drink,Chocolate,Medium,Box,Bandung,1356,20340000,5000,15000,-10%,-0.1,1220.4,18306000,0.24408000000000002,3779.6,-2034000
2025-08-01,2025,8,August,SKU12,Product D,Drink,Chocolate,Medium,Box,Bandung,1356,20340000,5000,15000,-20%,-0.2,1084.8,16272000,0.21696,3915.2,-4068000
2025-08-01,2025,8,August,SKU12,Product D,Drink,Chocolate,Medium,Box,Bandung,1356,20340000,5000,15000,-30%,-0.3,949.1999999999999,14237999.999999998,0.18983999999999998,4050.8,-6102000.000000002
2025-08-01,2025,8,August,SKU12,Product D,Drink,Chocolate,Medium,Box,Bandung,1356,20340000,5000,15000,Base,0,1356,20340000,0.2712,3644,0
2025-09-01,2025,9,September,SKU01,Product A,Food,Chocolate,Small,Bottle,Bandung,736,11040000,6000,15000,+10%,0.1,809.6,12144000,0.13493333333333335,5190.4,1104000
2025-09-01,2025,9,September,SKU01,Product A,Food,Chocolate,Small,Bottle,Bandung,736,11040000,6000,15000,+20%,0.2,883.1999999999999,13247999.999999998,0.1472,5116.8,2207999.999999998
2025-09-01,2025,9,September,SKU01,Product A,Food,Chocolate,Small,Bottle,Bandung,736,11040000,6000,15000,+30%,0.3,956.8000000000001,14352000.000000002,0.15946666666666667,5043.2,3312000.000000002
2025-09-01,2025,9,September,SKU01,Product A,Food,Chocolate,Small,Bottle,Bandung,736,11040000,6000,15000,-10%,-0.1,662.4,9936000,0.1104,5337.6,-1104000
2025-09-01,2025,9,September,SKU01,Product A,Food,Chocolate,Small,Bottle,Bandung,736,11040000,6000,15000,-20%,-0.2,588.8000000000001,8832000.000000002,0.09813333333333335,5411.2,-2207999.999999998
2025-09-01,2025,9,September,SKU01,Product A,Food,Chocolate,Small,Bottle,Bandung,736,11040000,6000,15000,-30%,-0.3,515.1999999999999,7727999.999999999,0.08586666666666666,5484.8,-3312000.000000001
2025-09-01,2025,9,September,SKU01,Product A,Food,Chocolate,Small,Bottle,Bandung,736,11040000,6000,15000,Base,0,736,11040000,0.12266666666666666,5264,0
2025-09-01,2025,9,September,SKU02,Product A,Food,Berry,Large,Box,Jakarta,1109,8317500,6000,7500,+10%,0.1,1219.9,9149250,0.20331666666666667,4780.1,831750
2025-09-01,2025,9,September,SKU02,Product A,Food,Berry,Large,Box,Jakarta,1109,8317500,6000,7500,+20%,0.2,1330.8,9981000,0.2218,4669.2,1663500
2025-09-01,2025,9,September,SKU02,Product A,Food,Berry,Large,Box,Jakarta,1109,8317500,6000,7500,+30%,0.3,1441.7,10812750,0.24028333333333335,4558.3,2495250
2025-09-01,2025,9,September,SKU02,Product A,Food,Berry,Large,Box,Jakarta,1109,8317500,6000,7500,-10%,-0.1,998.1,7485750,0.16635,5001.9,-831750
2025-09-01,2025,9,September,SKU02,Product A,Food,Berry,Large,Box,Jakarta,1109,8317500,6000,7500,-20%,-0.2,887.2,6654000,0.14786666666666667,5112.8,-1663500
2025-09-01,2025,9,September,SKU02,Product A,Food,Berry,Large,Box,Jakarta,1109,8317500,6000,7500,-30%,-0.3,776.3,5822250,0.12938333333333332,5223.7,-2495250
2025-09-01,2025,9,September,SKU02,Product A,Food,Berry,Large,Box,Jakarta,1109,8317500,6000,7500,Base,0,1109,8317500,0.18483333333333332,4891,0
2025-09-01,2025,9,September,SKU03,Product A,Food,Chocolate,Large,Bottle,Jakarta,1136,11360000,4000,10000,+10%,0.1,1249.6000000000001,12496000.000000002,0.3124,2750.3999999999996,1136000.0000000019
2025-09-01,2025,9,September,SKU03,Product A,Food,Chocolate,Large,Bottle,Jakarta,1136,11360000,4000,10000,+20%,0.2,1363.2,13632000,0.3408,2636.8,2272000
2025-09-01,2025,9,September,SKU03,Product A,Food,Chocolate,Large,Bottle,Jakarta,1136,11360000,4000,10000,+30%,0.3,1476.8,14768000,0.3692,2523.2,3408000
2025-09-01,2025,9,September,SKU03,Product A,Food,Chocolate,Large,Bottle,Jakarta,1136,11360000,4000,10000,-10%,-0.1,1022.4,10224000,0.2556,2977.6,-1136000
2025-09-01,2025,9,September,SKU03,Product A,Food,Chocolate,Large,Bottle,Jakarta,1136,11360000,4000,10000,-20%,-0.2,908.8000000000001,9088000,0.2272,3091.2,-2272000
2025-09-01,2025,9,September,SKU03,Product A,Food,Chocolate,Large,Bottle,Jakarta,1136,11360000,4000,10000,-30%,-0.3,795.1999999999999,7951999.999999999,0.19879999999999998,3204.8,-3408000.000000001
2025-09-01,2025,9,September,SKU03,Product A,Food,Chocolate,Large,Bottle,Jakarta,1136,11360000,4000,10000,Base,0,1136,11360000,0.284,2864,0
2025-09-01,2025,9,September,SKU04,Product A,Food,Chocolate,Small,Bottle,Bandung,1974,14805000,5000,7500,+10%,0.1,2171.4,16285500,0.43428,2828.6,1480500
2025-09-01,2025,9,September,SKU04,Product A,Food,Chocolate,Small,Bottle,Bandung,1974,14805000,5000,7500,+20%,0.2,2368.7999999999997,17765999.999999996,0.47375999999999996,2631.2000000000003,2960999.9999999963
2025-09-01,2025,9,September,SKU04,Product A,Food,Chocolate,Small,Bottle,Bandung,1974,14805000,5000,7500,+30%,0.3,2566.2000000000003,19246500.000000004,0.51324,2433.7999999999997,4441500.000000004
2025-09-01,2025,9,September,SKU04,Product A,Food,Chocolate,Small,Bottle,Bandung,1974,14805000,5000,7500,-10%,-0.1,1776.6000000000001,13324500.000000002,0.35532,3223.3999999999996,-1480499.9999999981
2025-09-01,2025,9,September,SKU04,Product A,Food,Chocolate,Small,Bottle,Bandung,1974,14805000,5000,7500,-20%,-0.2,1579.2,11844000,0.31584,3420.8,-2961000
2025-09-01,2025,9,September,SKU04,Product A,Food,Chocolate,Small,Bottle,Bandung,1974,14805000,5000,7500,-30%,-0.3,1381.8,10363500,0.27636,3618.2,-4441500
2025-09-01,2025,9,September,SKU04,Product A,Food,Chocolate,Small,Bottle,Bandung,1974,14805000,5000,7500,Base,0,1974,14805000,0.3948,3026,0
2025-09-01,2025,9,September,SKU05,Product A,Food,Vanilla,Medium,Bottle,Jakarta,4647,69705000,6000,15000,+10%,0.1,5111.700000000001,76675500.00000001,0.8519500000000001,888.2999999999993,6970500.000000015
2025-09-01,2025,9,September,SKU05,Product A,Food,Vanilla,Medium,Bottle,Jakarta,4647,69705000,6000,15000,+20%,0.2,5576.4,83646000,0.9293999999999999,423.60000000000036,13941000
2025-09-01,2025,9,September,SKU05,Product A,Food,Vanilla,Medium,Bottle,Jakarta,4647,69705000,6000,15000,+30%,0.3,6041.1,90616500,1.00685,-41.100000000000364,20911500
2025-09-01,2025,9,September,SKU05,Product A,Food,Vanilla,Medium,Bottle,Jakarta,4647,69705000,6000,15000,-10%,-0.1,4182.3,62734500,0.6970500000000001,1817.6999999999998,-6970500
2025-09-01,2025,9,September,SKU05,Product A,Food,Vanilla,Medium,Bottle,Jakarta,4647,69705000,6000,15000,-20%,-0.2,3717.6000000000004,55764000.00000001,0.6196,2282.3999999999996,-13940999.999999993
2025-09-01,2025,9,September,SKU05,Product A,Food,Vanilla,Medium,Bottle,Jakarta,4647,69705000,6000,15000,-30%,-0.3,3252.8999999999996,48793499.99999999,0.5421499999999999,2747.1000000000004,-20911500.000000007
2025-09-01,2025,9,September,SKU05,Product A,Food,Vanilla,Medium,Bottle,Jakarta,4647,69705000,6000,15000,Base,0,4647,69705000,0.7745,1353,0
2025-09-01,2025,9,September,SKU06,Product A,Food,Berry,Medium,Bottle,Jakarta,1192,5960000,6000,5000,+10%,0.1,1311.2,6556000,0.21853333333333333,4688.8,596000
2025-09-01,2025,9,September,SKU06,Product A,Food,Berry,Medium,Bottle,Jakarta,1192,5960000,6000,5000,+20%,0.2,1430.3999999999999,7151999.999999999,0.23839999999999997,4569.6,1191999.999999999
2025-09-01,2025,9,September,SKU06,Product A,Food,Berry,Medium,Bottle,Jakarta,1192,5960000,6000,5000,+30%,0.3,1549.6000000000001,7748000.000000001,0.2582666666666667,4450.4,1788000.000000001
2025-09-01,2025,9,September,SKU06,Product A,Food,Berry,Medium,Bottle,Jakarta,1192,5960000,6000,5000,-10%,-0.1,1072.8,5364000,0.1788,4927.2,-596000
2025-09-01,2025,9,September,SKU06,Product A,Food,Berry,Medium,Bottle,Jakarta,1192,5960000,6000,5000,-20%,-0.2,953.6,4768000,0.15893333333333334,5046.4,-1192000
2025-09-01,2025,9,September,SKU06,Product A,Food,Berry,Medium,Bottle,Jakarta,1192,5960000,6000,5000,-30%,-0.3,834.4,4172000,0.13906666666666667,5165.6,-1788000
2025-09-01,2025,9,September,SKU06,Product A,Food,Berry,Medium,Bottle,Jakarta,1192,5960000,6000,5000,Base,0,1192,5960000,0.19866666666666666,4808,0
2025-09-01,2025,9,September,SKU07,Product A,Food,Original,Medium,Bottle,Jakarta,4325,32437500,6000,7500,+10%,0.1,4757.5,35681250,0.7929166666666667,1242.5,3243750
2025-09-01,2025,9,September,SKU07,Product A,Food,Original,Medium,Bottle,Jakarta,4325,32437500,6000,7500,+20%,0.2,5190,38925000,0.865,810,6487500
2025-09-01,2025,9,September,SKU07,Product A,Food,Original,Medium,Bottle,Jakarta,4325,32437500,6000,7500,+30%,0.3,5622.5,42168750,0.9370833333333334,377.5,9731250
2025-09-01,2025,9,September,SKU07,Product A,Food,Original,Medium,Bottle,Jakarta,4325,32437500,6000,7500,-10%,-0.1,3892.5,29193750,0.64875,2107.5,-3243750
2025-09-01,2025,9,September,SKU07,Product A,Food,Original,Medium,Bottle,Jakarta,4325,32437500,6000,7500,-20%,-0.2,3460,25950000,0.5766666666666667,2540,-6487500
2025-09-01,2025,9,September,SKU07,Product A,Food,Original,Medium,Bottle,Jakarta,4325,32437500,6000,7500,-30%,-0.3,3027.5,22706250,0.5045833333333334,2972.5,-9731250
2025-09-01,2025,9,September,SKU07,Product A,Food,Original,Medium,Bottle,Jakarta,4325,32437500,6000,7500,Base,0,4325,32437500,0.7208333333333333,1675,0
2025-09-01,2025,9,September,SKU08,Product A,Food,Vanilla,Small,Box,Jakarta,3336,33360000,4000,10000,+10%,0.1,3669.6000000000004,36696000,0.9174000000000001,330.39999999999964,3336000
2025-09-01,2025,9,September,SKU08,Product A,Food,Vanilla,Small,Box,Jakarta,3336,33360000,4000,10000,+20%,0.2,4003.2,40032000,1.0008,-3.199999999999818,6672000
2025-09-01,2025,9,September,SKU08,Product A,Food,Vanilla,Small,Box,Jakarta,3336,33360000,4000,10000,+30%,0.3,4336.8,43368000,1.0842,-336.8000000000002,10008000
2025-09-01,2025,9,September,SKU08,Product A,Food,Vanilla,Small,Box,Jakarta,3336,33360000,4000,10000,-10%,-0.1,3002.4,30024000,0.7506,997.5999999999999,-3336000
2025-09-01,2025,9,September,SKU08,Product A,Food,Vanilla,Small,Box,Jakarta,3336,33360000,4000,10000,-20%,-0.2,2668.8,26688000,0.6672,1331.1999999999998,-6672000
2025-09-01,2025,9,September,SKU08,Product A,Food,Vanilla,Small,Box,Jakarta,3336,33360000,4000,10000,-30%,-0.3,2335.2,23352000,0.5838,1664.8000000000002,-10008000
2025-09-01,2025,9,September,SKU08,Product A,Food,Vanilla,Small,Box,Jakarta,3336,33360000,4000,10000,Base,0,3336,33360000,0.834,664,0
2025-09-01,2025,9,September,SKU09,Product A,Food,Chocolate,Large,Box,Jakarta,2315,11575000,6000,5000,+10%,0.1,2546.5,12732500,0.42441666666666666,3453.5,1157500
2025-09-01,2025,9,September,SKU09,Product A,Food,Chocolate,Large,Box,Jakarta,2315,11575000,6000,5000,+20%,0.2,2778,13890000,0.463,3222,2315000
2025-09-01,2025,9,September,SKU09,Product A,Food,Chocolate,Large,Box,Jakarta,2315,11575000,6000,5000,+30%,0.3,3009.5,15047500,0.5015833333333334,2990.5,3472500
2025-09-01,2025,9,September,SKU09,Product A,Food,Chocolate,Large,Box,Jakarta,2315,11575000,6000,5000,-10%,-0.1,2083.5,10417500,0.34725,3916.5,-1157500
2025-09-01,2025,9,September,SKU09,Product A,Food,Chocolate,Large,Box,Jakarta,2315,11575000,6000,5000,-20%,-0.2,1852,9260000,0.30866666666666664,4148,-2315000
2025-09-01,2025,9,September,SKU09,Product A,Food,Chocolate,Large,Box,Jakarta,2315,11575000,6000,5000,-30%,-0.3,1620.5,8102500,0.27008333333333334,4379.5,-3472500
2025-09-01,2025,9,September,SKU09,Product A,Food,Chocolate,Large,Box,Jakarta,2315,11575000,6000,5000,Base,0,2315,11575000,0.3858333333333333,3685,0
2025-09-01,2025,9,September,SKU10,Product A,Food,Berry,Large,Bottle,Bandung,1963,14722500,6000,7500,+10%,0.1,2159.3,16194750.000000002,0.3598833333333334,3840.7,1472250.0000000019
2025-09-01,2025,9,September,SKU10,Product A,Food,Berry,Large,Bottle,Bandung,1963,14722500,6000,7500,+20%,0.2,2355.6,17667000,0.3926,3644.4,2944500
2025-09-01,2025,9,September,SKU10,Product A,Food,Berry,Large,Bottle,Bandung,1963,14722500,6000,7500,+30%,0.3,2551.9,19139250,0.4253166666666667,3448.1,4416750
2025-09-01,2025,9,September,SKU10,Product A,Food,Berry,Large,Bottle,Bandung,1963,14722500,6000,7500,-10%,-0.1,1766.7,13250250,0.29445,4233.3,-1472250
2025-09-01,2025,9,September,SKU10,Product A,Food,Berry,Large,Bottle,Bandung,1963,14722500,6000,7500,-20%,-0.2,1570.4,11778000,0.2617333333333334,4429.6,-2944500
2025-09-01,2025,9,September,SKU10,Product A,Food,Berry,Large,Bottle,Bandung,1963,14722500,6000,7500,-30%,-0.3,1374.1,10305750,0.22901666666666665,4625.9,-4416750
2025-09-01,2025,9,September,SKU10,Product A,Food,Berry,Large,Bottle,Bandung,1963,14722500,6000,7500,Base,0,1963,14722500,0.32716666666666666,4037,0
2025-09-01,2025,9,September,SKU11,Product A,Food,Chocolate,Large,Box,Jakarta,1598,15980000,6000,10000,+10%,0.1,1757.8000000000002,17578000,0.2929666666666667,4242.2,1598000
2025-09-01,2025,9,September,SKU11,Product A,Food,Chocolate,Large,Box,Jakarta,1598,15980000,6000,10000,+20%,0.2,1917.6,19176000,0.3196,4082.4,3196000
2025-09-01,2025,9,September,SKU11,Product A,Food,Chocolate,Large,Box,Jakarta,1598,15980000,6000,10000,+30%,0.3,2077.4,20774000,0.34623333333333334,3922.6,4794000
2025-09-01,2025,9,September,SKU11,Product A,Food,Chocolate,Large,Box,Jakarta,1598,15980000,6000,10000,-10%,-0.1,1438.2,14382000,0.2397,4561.8,-1598000
2025-09-01,2025,9,September,SKU11,Product A,Food,Chocolate,Large,Box,Jakarta,1598,15980000,6000,10000,-20%,-0.2,1278.4,12784000,0.21306666666666668,4721.6,-3196000
2025-09-01,2025,9,September,SKU11,Product A,Food,Chocolate,Large,Box,Jakarta,1598,15980000,6000,10000,-30%,-0.3,1118.6,11186000,0.1864333333333333,4881.4,-4794000
2025-09-01,2025,9,September,SKU11,Product A,Food,Chocolate,Large,Box,Jakarta,1598,15980000,6000,10000,Base,0,1598,15980000,0.2663333333333333,4402,0
2025-09-01,2025,9,September,SKU12,Product A,Food,Original,Large,Box,Bandung,3059,15295000,6000,5000,+10%,0.1,3364.9,16824500,0.5608166666666666,2635.1,1529500
2025-09-01,2025,9,September,SKU12,Product A,Food,Original,Large,Box,Bandung,3059,15295000,6000,5000,+20%,0.2,3670.7999999999997,18354000,0.6117999999999999,2329.2000000000003,3059000
2025-09-01,2025,9,September,SKU12,Product A,Food,Original,Large,Box,Bandung,3059,15295000,6000,5000,+30%,0.3,3976.7000000000003,19883500,0.6627833333333334,2023.2999999999997,4588500
2025-09-01,2025,9,September,SKU12,Product A,Food,Original,Large,Box,Bandung,3059,15295000,6000,5000,-10%,-0.1,2753.1,13765500,0.45885,3246.9,-1529500
2025-09-01,2025,9,September,SKU12,Product A,Food,Original,Large,Box,Bandung,3059,15295000,6000,5000,-20%,-0.2,2447.2000000000003,12236000.000000002,0.4078666666666667,3552.7999999999997,-3058999.999999998
2025-09-01,2025,9,September,SKU12,Product A,Food,Original,Large,Box,Bandung,3059,15295000,6000,5000,-30%,-0.3,2141.2999999999997,10706499.999999998,0.3568833333333333,3858.7000000000003,-4588500.000000002
2025-09-01,2025,9,September,SKU12,Product A,Food,Original,Large,Box,Bandung,3059,15295000,6000,5000,Base,0,3059,15295000,0.5098333333333334,2941,0
2025-10-01,2025,10,October,SKU01,Product B,Food,Original,Large,Bottle,Bandung,3043,15215000,4000,5000,+10%,0.1,3347.3,16736500,0.836825,652.6999999999998,1521500
2025-10-01,2025,10,October,SKU01,Product B,Food,Original,Large,Bottle,Bandung,3043,15215000,4000,5000,+20%,0.2,3651.6,18258000,0.9128999999999999,348.4000000000001,3043000
2025-10-01,2025,10,October,SKU01,Product B,Food,Original,Large,Bottle,Bandung,3043,15215000,4000,5000,+30%,0.3,3955.9,19779500,0.988975,44.09999999999991,4564500
2025-10-01,2025,10,October,SKU01,Product B,Food,Original,Large,Bottle,Bandung,3043,15215000,4000,5000,-10%,-0.1,2738.7000000000003,13693500.000000002,0.684675,1261.2999999999997,-1521499.9999999981
2025-10-01,2025,10,October,SKU01,Product B,Food,Original,Large,Bottle,Bandung,3043,15215000,4000,5000,-20%,-0.2,2434.4,12172000,0.6086,1565.6,-3043000
2025-10-01,2025,10,October,SKU01,Product B,Food,Original,Large,Bottle,Bandung,3043,15215000,4000,5000,-30%,-0.3,2130.1,10650500,0.532525,1869.9,-4564500
2025-10-01,2025,10,October,SKU01,Product B,Food,Original,Large,Bottle,Bandung,3043,15215000,4000,5000,Base,0,3043,15215000,0.76075,957,0
2025-10-01,2025,10,October,SKU02,Product B,Food,Chocolate,Medium,Box,Jakarta,3451,51765000,4000,15000,+10%,0.1,3796.1000000000004,56941500.00000001,0.9490250000000001,203.89999999999964,5176500.000000007
2025-10-01,2025,10,October,SKU02,Product B,Food,Chocolate,Medium,Box,Jakarta,3451,51765000,4000,15000,+20%,0.2,4141.2,62118000,1.0352999999999999,-141.19999999999982,10353000
2025-10-01,2025,10,October,SKU02,Product B,Food,Chocolate,Medium,Box,Jakarta,3451,51765000,4000,15000,+30%,0.3,4486.3,67294500,1.121575,-486.3000000000002,15529500
2025-10-01,2025,10,October,SKU02,Product B,Food,Chocolate,Medium,Box,Jakarta,3451,51765000,4000,15000,-10%,-0.1,3105.9,46588500,0.776475,894.0999999999999,-5176500
2025-10-01,2025,10,October,SKU02,Product B,Food,Chocolate,Medium,Box,Jakarta,3451,51765000,4000,15000,-20%,-0.2,2760.8,41412000,0.6902,1239.1999999999998,-10353000
2025-10-01,2025,10,October,SKU02,Product B,Food,Chocolate,Medium,Box,Jakarta,3451,51765000,4000,15000,-30%,-0.3,2415.7,36235500,0.6039249999999999,1584.3000000000002,-15529500
2025-10-01,2025,10,October,SKU02,Product B,Food,Chocolate,Medium,Box,Jakarta,3451,51765000,4000,15000,Base,0,3451,51765000,0.86275,549,0
2025-10-01,2025,10,October,SKU03,Product B,Food,Berry,Medium,Bottle,Jakarta,1423,7115000,5000,5000,+10%,0.1,1565.3000000000002,7826500.000000001,0.31306000000000006,3434.7,711500.0000000009
2025-10-01,2025,10,October,SKU03,Product B,Food,Berry,Medium,Bottle,Jakarta,1423,7115000,5000,5000,+20%,0.2,1707.6,8538000,0.34152,3292.4,1423000
2025-10-01,2025,10,October,SKU03,Product B,Food,Berry,Medium,Bottle,Jakarta,1423,7115000,5000,5000,+30%,0.3,1849.9,9249500,0.36998000000000003,3150.1,2134500
2025-10-01,2025,10,October,SKU03,Product B,Food,Berry,Medium,Bottle,Jakarta,1423,7115000,5000,5000,-10%,-0.1,1280.7,6403500,0.25614000000000003,3719.3,-711500
2025-10-01,2025,10,October,SKU03,Product B,Food,Berry,Medium,Bottle,Jakarta,1423,7115000,5000,5000,-20%,-0.2,1138.4,5692000,0.22768000000000002,3861.6,-1423000
2025-10-01,2025,10,October,SKU03,Product B,Food,Berry,Medium,Bottle,Jakarta,1423,7115000,5000,5000,-30%,-0.3,996.0999999999999,4980500,0.19921999999999998,4003.9,-2134500
2025-10-01,2025,10,October,SKU03,Product B,Food,Berry,Medium,Bottle,Jakarta,1423,7115000,5000,5000,Base,0,1423,7115000,0.2846,3577,0
2025-10-01,2025,10,October,SKU04,Product B,Food,Chocolate,Medium,Bottle,Bandung,516,7740000,4000,15000,+10%,0.1,567.6,8514000,0.1419,3432.4,774000
2025-10-01,2025,10,October,SKU04,Product B,Food,Chocolate,Medium,Bottle,Bandung,516,7740000,4000,15000,+20%,0.2,619.1999999999999,9287999.999999998,0.1548,3380.8,1547999.9999999981
2025-10-01,2025,10,October,SKU04,Product B,Food,Chocolate,Medium,Bottle,Bandung,516,7740000,4000,15000,+30%,0.3,670.8000000000001,10062000.000000002,0.16770000000000002,3329.2,2322000.000000002
2025-10-01,2025,10,October,SKU04,Product B,Food,Chocolate,Medium,Bottle,Bandung,516,7740000,4000,15000,-10%,-0.1,464.40000000000003,6966000.000000001,0.11610000000000001,3535.6,-773999.9999999991
2025-10-01,2025,10,October,SKU04,Product B,Food,Chocolate,Medium,Bottle,Bandung,516,7740000,4000,15000,-20%,-0.2,412.8,6192000,0.1032,3587.2,-1548000
2025-10-01,2025,10,October,SKU04,Product B,Food,Chocolate,Medium,Bottle,Bandung,516,7740000,4000,15000,-30%,-0.3,361.2,5418000,0.09029999999999999,3638.8,-2322000
2025-10-01,2025,10,October,SKU04,Product B,Food,Chocolate,Medium,Bottle,Bandung,516,7740000,4000,15000,Base,0,516,7740000,0.129,3484,0
2025-10-01,2025,10,October,SKU05,Product B,Food,Original,Large,Bottle,Bandung,1075,16125000,6000,15000,+10%,0.1,1182.5,17737500,0.19708333333333333,4817.5,1612500
2025-10-01,2025,10,October,SKU05,Product B,Food,Original,Large,Bottle,Bandung,1075,16125000,6000,15000,+20%,0.2,1290,19350000,0.215,4710,3225000
2025-10-01,2025,10,October,SKU05,Product B,Food,Original,Large,Bottle,Bandung,1075,16125000,6000,15000,+30%,0.3,1397.5,20962500,0.23291666666666666,4602.5,4837500
2025-10-01,2025,10,October,SKU05,Product B,Food,Original,Large,Bottle,Bandung,1075,16125000,6000,15000,-10%,-0.1,967.5,14512500,0.16125,5032.5,-1612500
2025-10-01,2025,10,October,SKU05,Product B,Food,Original,Large,Bottle,Bandung,1075,16125000,6000,15000,-20%,-0.2,860,12900000,0.14333333333333334,5140,-3225000
2025-10-01,2025,10,October,SKU05,Product B,Food,Original,Large,Bottle,Bandung,1075,16125000,6000,15000,-30%,-0.3,752.5,11287500,0.12541666666666668,5247.5,-4837500
2025-10-01,2025,10,October,SKU05,Product B,Food,Original,Large,Bottle,Bandung,1075,16125000,6000,15000,Base,0,1075,16125000,0.17916666666666667,4925,0
2025-10-01,2025,10,October,SKU06,Product B,Food,Berry,Large,Bottle,Bandung,1856,13920000,4000,7500,+10%,0.1,2041.6000000000001,15312000.000000002,0.5104000000000001,1958.3999999999999,1392000.0000000019
2025-10-01,2025,10,October,SKU06,Product B,Food,Berry,Large,Bottle,Bandung,1856,13920000,4000,7500,+20%,0.2,2227.2,16703999.999999998,0.5568,1772.8000000000002,2783999.999999998
2025-10-01,2025,10,October,SKU06,Product B,Food,Berry,Large,Bottle,Bandung,1856,13920000,4000,7500,+30%,0.3,2412.8,18096000,0.6032000000000001,1587.1999999999998,4176000
2025-10-01,2025,10,October,SKU06,Product B,Food,Berry,Large,Bottle,Bandung,1856,13920000,4000,7500,-10%,-0.1,1670.4,12528000,0.4176,2329.6,-1392000
2025-10-01,2025,10,October,SKU06,Product B,Food,Berry,Large,Bottle,Bandung,1856,13920000,4000,7500,-20%,-0.2,1484.8000000000002,11136000.000000002,0.37120000000000003,2515.2,-2783999.999999998
2025-10-01,2025,10,October,SKU06,Product B,Food,Berry,Large,Bottle,Bandung,1856,13920000,4000,7500,-30%,-0.3,1299.1999999999998,9743999.999999998,0.3248,2700.8,-4176000.000000002
2025-10-01,2025,10,October,SKU06,Product B,Food,Berry,Large,Bottle,Bandung,1856,13920000,4000,7500,Base,0,1856,13920000,0.464,2144,0
2025-10-01,2025,10,October,SKU07,Product B,Food,Berry,Small,Box,Jakarta,2858,21435000,5000,7500,+10%,0.1,3143.8,23578500,0.62876,1856.1999999999998,2143500
2025-10-01,2025,10,October,SKU07,Product B,Food,Berry,Small,Box,Jakarta,2858,21435000,5000,7500,+20%,0.2,3429.6,25722000,0.68592,1570.4,4287000
2025-10-01,2025,10,October,SKU07,Product B,Food,Berry,Small,Box,Jakarta,2858,21435000,5000,7500,+30%,0.3,3715.4,27865500,0.74308,1284.6,6430500
2025-10-01,2025,10,October,SKU07,Product B,Food,Berry,Small,Box,Jakarta,2858,21435000,5000,7500,-10%,-0.1,2572.2000000000003,19291500.000000004,0.51444,2427.7999999999997,-2143499.9999999963
2025-10-01,2025,10,October,SKU07,Product B,Food,Berry,Small,Box,Jakarta,2858,21435000,5000,7500,-20%,-0.2,2286.4,17148000,0.45728,2713.6,-4287000
2025-10-01,2025,10,October,SKU07,Product B,Food,Berry,Small,Box,Jakarta,2858,21435000,5000,7500,-30%,-0.3,2000.6,15004500,0.40012,2999.4,-6430500
2025-10-01,2025,10,October,SKU07,Product B,Food,Berry,Small,Box,Jakarta,2858,21435000,5000,7500,Base,0,2858,21435000,0.5716,2142,0
2025-10-01,2025,10,October,SKU08,Product B,Food,Berry,Large,Bottle,Bandung,3667,18335000,6000,5000,+10%,0.1,4033.7000000000003,20168500,0.6722833333333333,1966.2999999999997,1833500
2025-10-01,2025,10,October,SKU08,Product B,Food,Berry,Large,Bottle,Bandung,3667,18335000,6000,5000,+20%,0.2,4400.4,22002000,0.7333999999999999,1599.6000000000004,3667000
2025-10-01,2025,10,October,SKU08,Product B,Food,Berry,Large,Bottle,Bandung,3667,18335000,6000,5000,+30%,0.3,4767.1,23835500,0.7945166666666668,1232.8999999999996,5500500
2025-10-01,2025,10,October,SKU08,Product B,Food,Berry,Large,Bottle,Bandung,3667,18335000,6000,5000,-10%,-0.1,3300.3,16501500,0.55005,2699.7,-1833500
2025-10-01,2025,10,October,SKU08,Product B,Food,Berry,Large,Bottle,Bandung,3667,18335000,6000,5000,-20%,-0.2,2933.6000000000004,14668000.000000002,0.4889333333333334,3066.3999999999996,-3666999.999999998
2025-10-01,2025,10,October,SKU08,Product B,Food,Berry,Large,Bottle,Bandung,3667,18335000,6000,5000,-30%,-0.3,2566.8999999999996,12834499.999999998,0.4278166666666666,3433.1000000000004,-5500500.000000002
2025-10-01,2025,10,October,SKU08,Product B,Food,Berry,Large,Bottle,Bandung,3667,18335000,6000,5000,Base,0,3667,18335000,0.6111666666666666,2333,0
2025-10-01,2025,10,October,SKU09,Product B,Food,Vanilla,Small,Bottle,Bandung,1078,5390000,4000,5000,+10%,0.1,1185.8000000000002,5929000.000000001,0.29645000000000005,2814.2,539000.0000000009
2025-10-01,2025,10,October,SKU09,Product B,Food,Vanilla,Small,Bottle,Bandung,1078,5390000,4000,5000,+20%,0.2,1293.6,6468000,0.32339999999999997,2706.4,1078000
2025-10-01,2025,10,October,SKU09,Product B,Food,Vanilla,Small,Bottle,Bandung,1078,5390000,4000,5000,+30%,0.3,1401.4,7007000,0.35035000000000005,2598.6,1617000
2025-10-01,2025,10,October,SKU09,Product B,Food,Vanilla,Small,Bottle,Bandung,1078,5390000,4000,5000,-10%,-0.1,970.2,4851000,0.24255000000000002,3029.8,-539000
2025-10-01,2025,10,October,SKU09,Product B,Food,Vanilla,Small,Bottle,Bandung,1078,5390000,4000,5000,-20%,-0.2,862.4000000000001,4312000,0.21560000000000001,3137.6,-1078000
2025-10-01,2025,10,October,SKU09,Product B,Food,Vanilla,Small,Bottle,Bandung,1078,5390000,4000,5000,-30%,-0.3,754.5999999999999,3772999.9999999995,0.18864999999999998,3245.4,-1617000.0000000005
2025-10-01,2025,10,October,SKU09,Product B,Food,Vanilla,Small,Bottle,Bandung,1078,5390000,4000,5000,Base,0,1078,5390000,0.2695,2922,0
2025-10-01,2025,10,October,SKU10,Product B,Food,Vanilla,Medium,Box,Jakarta,2598,38970000,6000,15000,+10%,0.1,2857.8,42867000,0.47630000000000006,3142.2,3897000
2025-10-01,2025,10,October,SKU10,Product B,Food,Vanilla,Medium,Box,Jakarta,2598,38970000,6000,15000,+20%,0.2,3117.6,46764000,0.5196,2882.4,7794000
2025-10-01,2025,10,October,SKU10,Product B,Food,Vanilla,Medium,Box,Jakarta,2598,38970000,6000,15000,+30%,0.3,3377.4,50661000,0.5629000000000001,2622.6,11691000
2025-10-01,2025,10,October,SKU10,Product B,Food,Vanilla,Medium,Box,Jakarta,2598,38970000,6000,15000,-10%,-0.1,2338.2000000000003,35073000.00000001,0.38970000000000005,3661.7999999999997,-3896999.9999999925
2025-10-01,2025,10,October,SKU10,Product B,Food,Vanilla,Medium,Box,Jakarta,2598,38970000,6000,15000,-20%,-0.2,2078.4,31176000,0.34640000000000004,3921.6,-7794000
2025-10-01,2025,10,October,SKU10,Product B,Food,Vanilla,Medium,Box,Jakarta,2598,38970000,6000,15000,-30%,-0.3,1818.6,27279000,0.3031,4181.4,-11691000
2025-10-01,2025,10,October,SKU10,Product B,Food,Vanilla,Medium,Box,Jakarta,2598,38970000,6000,15000,Base,0,2598,38970000,0.433,3402,0
2025-10-01,2025,10,October,SKU11,Product B,Food,Berry,Large,Box,Jakarta,1903,19030000,6000,10000,+10%,0.1,2093.3,20933000,0.3488833333333334,3906.7,1903000
2025-10-01,2025,10,October,SKU11,Product B,Food,Berry,Large,Box,Jakarta,1903,19030000,6000,10000,+20%,0.2,2283.6,22836000,0.3806,3716.4,3806000
2025-10-01,2025,10,October,SKU11,Product B,Food,Berry,Large,Box,Jakarta,1903,19030000,6000,10000,+30%,0.3,2473.9,24739000,0.41231666666666666,3526.1,5709000
2025-10-01,2025,10,October,SKU11,Product B,Food,Berry,Large,Box,Jakarta,1903,19030000,6000,10000,-10%,-0.1,1712.7,17127000,0.28545,4287.3,-1903000
2025-10-01,2025,10,October,SKU11,Product B,Food,Berry,Large,Box,Jakarta,1903,19030000,6000,10000,-20%,-0.2,1522.4,15224000,0.25373333333333337,4477.6,-3806000
2025-10-01,2025,10,October,SKU11,Product B,Food,Berry,Large,Box,Jakarta,1903,19030000,6000,10000,-30%,-0.3,1332.1,13321000,0.22201666666666664,4667.9,-5709000
2025-10-01,2025,10,October,SKU11,Product B,Food,Berry,Large,Box,Jakarta,1903,19030000,6000,10000,Base,0,1903,19030000,0.31716666666666665,4097,0
2025-10-01,2025,10,October,SKU12,Product B,Food,Chocolate,Small,Box,Bandung,3522,35220000,6000,10000,+10%,0.1,3874.2000000000003,38742000,0.6457,2125.7999999999997,3522000
2025-10-01,2025,10,October,SKU12,Product B,Food,Chocolate,Small,Box,Bandung,3522,35220000,6000,10000,+20%,0.2,4226.4,42264000,0.7043999999999999,1773.6000000000004,7044000
2025-10-01,2025,10,October,SKU12,Product B,Food,Chocolate,Small,Box,Bandung,3522,35220000,6000,10000,+30%,0.3,4578.6,45786000,0.7631000000000001,1421.3999999999996,10566000
2025-10-01,2025,10,October,SKU12,Product B,Food,Chocolate,Small,Box,Bandung,3522,35220000,6000,10000,-10%,-0.1,3169.8,31698000,0.5283,2830.2,-3522000
2025-10-01,2025,10,October,SKU12,Product B,Food,Chocolate,Small,Box,Bandung,3522,35220000,6000,10000,-20%,-0.2,2817.6000000000004,28176000.000000004,0.4696000000000001,3182.3999999999996,-7043999.999999996
2025-10-01,2025,10,October,SKU12,Product B,Food,Chocolate,Small,Box,Bandung,3522,35220000,6000,10000,-30%,-0.3,2465.3999999999996,24653999.999999996,0.41089999999999993,3534.6000000000004,-10566000.000000004
2025-10-01,2025,10,October,SKU12,Product B,Food,Chocolate,Small,Box,Bandung,3522,35220000,6000,10000,Base,0,3522,35220000,0.587,2478,0
2025-11-01,2025,11,November,SKU01,Product C,Drink,Chocolate,Medium,Box,Bandung,4086,61290000,6000,15000,+10%,0.1,4494.6,67419000,0.7491000000000001,1505.3999999999996,6129000
2025-11-01,2025,11,November,SKU01,Product C,Drink,Chocolate,Medium,Box,Bandung,4086,61290000,6000,15000,+20%,0.2,4903.2,73548000,0.8171999999999999,1096.8000000000002,12258000
2025-11-01,2025,11,November,SKU01,Product C,Drink,Chocolate,Medium,Box,Bandung,4086,61290000,6000,15000,+30%,0.3,5311.8,79677000,0.8853,688.1999999999998,18387000
2025-11-01,2025,11,November,SKU01,Product C,Drink,Chocolate,Medium,Box,Bandung,4086,61290000,6000,15000,-10%,-0.1,3677.4,55161000,0.6129,2322.6,-6129000
2025-11-01,2025,11,November,SKU01,Product C,Drink,Chocolate,Medium,Box,Bandung,4086,61290000,6000,15000,-20%,-0.2,3268.8,49032000,0.5448000000000001,2731.2,-12258000
2025-11-01,2025,11,November,SKU01,Product C,Drink,Chocolate,Medium,Box,Bandung,4086,61290000,6000,15000,-30%,-0.3,2860.2,42903000,0.47669999999999996,3139.8,-18387000
2025-11-01,2025,11,November,SKU01,Product C,Drink,Chocolate,Medium,Box,Bandung,4086,61290000,6000,15000,Base,0,4086,61290000,0.681,1914,0
2025-11-01,2025,11,November,SKU02,Product C,Drink,Berry,Small,Bottle,Jakarta,5552,55520000,4000,10000,+10%,0.1,6107.200000000001,61072000.00000001,1.5268000000000002,-2107.2000000000007,5552000.000000007
2025-11-01,2025,11,November,SKU02,Product C,Drink,Berry,Small,Bottle,Jakarta,5552,55520000,4000,10000,+20%,0.2,6662.4,66624000,1.6656,-2662.3999999999996,11104000
2025-11-01,2025,11,November,SKU02,Product C,Drink,Berry,Small,Bottle,Jakarta,5552,55520000,4000,10000,+30%,0.3,7217.6,72176000,1.8044,-3217.6000000000004,16656000
2025-11-01,2025,11,November,SKU02,Product C,Drink,Berry,Small,Bottle,Jakarta,5552,55520000,4000,10000,-10%,-0.1,4996.8,49968000,1.2492,-996.8000000000002,-5552000
2025-11-01,2025,11,November,SKU02,Product C,Drink,Berry,Small,Bottle,Jakarta,5552,55520000,4000,10000,-20%,-0.2,4441.6,44416000,1.1104,-441.60000000000036,-11104000
2025-11-01,2025,11,November,SKU02,Product C,Drink,Berry,Small,Bottle,Jakarta,5552,55520000,4000,10000,-30%,-0.3,3886.3999999999996,38864000,0.9715999999999999,113.60000000000036,-16656000
2025-11-01,2025,11,November,SKU02,Product C,Drink,Berry,Small,Bottle,Jakarta,5552,55520000,4000,10000,Base,0,5552,55520000,1.388,-1552,0
2025-11-01,2025,11,November,SKU03,Product C,Drink,Original,Medium,Box,Bandung,4600,46000000,4000,10000,+10%,0.1,5060,50600000,1.265,-1060,4600000
2025-11-01,2025,11,November,SKU03,Product C,Drink,Original,Medium,Box,Bandung,4600,46000000,4000,10000,+20%,0.2,5520,55200000,1.38,-1520,9200000
2025-11-01,2025,11,November,SKU03,Product C,Drink,Original,Medium,Box,Bandung,4600,46000000,4000,10000,+30%,0.3,5980,59800000,1.495,-1980,13800000
2025-11-01,2025,11,November,SKU03,Product C,Drink,Original,Medium,Box,Bandung,4600,46000000,4000,10000,-10%,-0.1,4140,41400000,1.035,-140,-4600000
2025-11-01,2025,11,November,SKU03,Product C,Drink,Original,Medium,Box,Bandung,4600,46000000,4000,10000,-20%,-0.2,3680,36800000,0.92,320,-9200000
2025-11-01,2025,11,November,SKU03,Product C,Drink,Original,Medium,Box,Bandung,4600,46000000,4000,10000,-30%,-0.3,3220,32200000,0.805,780,-13800000
2025-11-01,2025,11,November,SKU03,Product C,Drink,Original,Medium,Box,Bandung,4600,46000000,4000,10000,Base,0,4600,46000000,1.15,-600,0
2025-11-01,2025,11,November,SKU04,Product C,Drink,Original,Medium,Box,Jakarta,6485,48637500,6000,7500,+10%,0.1,7133.500000000001,53501250.00000001,1.1889166666666668,-1133.500000000001,4863750.000000007
2025-11-01,2025,11,November,SKU04,Product C,Drink,Original,Medium,Box,Jakarta,6485,48637500,6000,7500,+20%,0.2,7782,58365000,1.297,-1782,9727500
2025-11-01,2025,11,November,SKU04,Product C,Drink,Original,Medium,Box,Jakarta,6485,48637500,6000,7500,+30%,0.3,8430.5,63228750,1.4050833333333332,-2430.5,14591250
2025-11-01,2025,11,November,SKU04,Product C,Drink,Original,Medium,Box,Jakarta,6485,48637500,6000,7500,-10%,-0.1,5836.5,43773750,0.97275,163.5,-4863750
2025-11-01,2025,11,November,SKU04,Product C,Drink,Original,Medium,Box,Jakarta,6485,48637500,6000,7500,-20%,-0.2,5188,38910000,0.8646666666666667,812,-9727500
2025-11-01,2025,11,November,SKU04,Product C,Drink,Original,Medium,Box,Jakarta,6485,48637500,6000,7500,-30%,-0.3,4539.5,34046250,0.7565833333333334,1460.5,-14591250
2025-11-01,2025,11,November,SKU04,Product C,Drink,Original,Medium,Box,Jakarta,6485,48637500,6000,7500,Base,0,6485,48637500,1.0808333333333333,-485,0
2025-11-01,2025,11,November,SKU05,Product C,Drink,Vanilla,Large,Box,Bandung,4527,67905000,5000,15000,+10%,0.1,4979.700000000001,74695500.00000001,0.9959400000000002,20.299999999999272,6790500.000000015
2025-11-01,2025,11,November,SKU05,Product C,Drink,Vanilla,Large,Box,Bandung,4527,67905000,5000,15000,+20%,0.2,5432.4,81486000,1.08648,-432.39999999999964,13581000
2025-11-01,2025,11,November,SKU05,Product C,Drink,Vanilla,Large,Box,Bandung,4527,67905000,5000,15000,+30%,0.3,5885.1,88276500,1.1770200000000002,-885.1000000000004,20371500
2025-11-01,2025,11,November,SKU05,Product C,Drink,Vanilla,Large,Box,Bandung,4527,67905000,5000,15000,-10%,-0.1,4074.3,61114500,0.81486,925.6999999999998,-6790500
2025-11-01,2025,11,November,SKU05,Product C,Drink,Vanilla,Large,Box,Bandung,4527,67905000,5000,15000,-20%,-0.2,3621.6000000000004,54324000.00000001,0.7243200000000001,1378.3999999999996,-13580999.999999993
2025-11-01,2025,11,November,SKU05,Product C,Drink,Vanilla,Large,Box,Bandung,4527,67905000,5000,15000,-30%,-0.3,3168.8999999999996,47533499.99999999,0.6337799999999999,1831.1000000000004,-20371500.000000007
2025-11-01,2025,11,November,SKU05,Product C,Drink,Vanilla,Large,Box,Bandung,4527,67905000,5000,15000,Base,0,4527,67905000,0.9054,473,0
2025-11-01,2025,11,November,SKU06,Product C,Drink,Original,Medium,Box,Jakarta,1203,12030000,5000,10000,+10%,0.1,1323.3000000000002,13233000.000000002,0.26466000000000006,3676.7,1203000.0000000019
2025-11-01,2025,11,November,SKU06,Product C,Drink,Original,Medium,Box,Jakarta,1203,12030000,5000,10000,+20%,0.2,1443.6,14436000,0.28872,3556.4,2406000
2025-11-01,2025,11,November,SKU06,Product C,Drink,Original,Medium,Box,Jakarta,1203,12030000,5000,10000,+30%,0.3,1563.9,15639000,0.31278,3436.1,3609000
2025-11-01,2025,11,November,SKU06,Product C,Drink,Original,Medium,Box,Jakarta,1203,12030000,5000,10000,-10%,-0.1,1082.7,10827000,0.21654,3917.3,-1203000
2025-11-01,2025,11,November,SKU06,Product C,Drink,Original,Medium,Box,Jakarta,1203,12030000,5000,10000,-20%,-0.2,962.4000000000001,9624000,0.19248,4037.6,-2406000
2025-11-01,2025,11,November,SKU06,Product C,Drink,Original,Medium,Box,Jakarta,1203,12030000,5000,10000,-30%,-0.3,842.0999999999999,8421000,0.16842,4157.9,-3609000
2025-11-01,2025,11,November,SKU06,Product C,Drink,Original,Medium,Box,Jakarta,1203,12030000,5000,10000,Base,0,1203,12030000,0.2406,3797,0
2025-11-01,2025,11,November,SKU07,Product C,Drink,Original,Medium,Box,Jakarta,3197,47955000,4000,15000,+10%,0.1,3516.7000000000003,52750500.00000001,0.879175,483.2999999999997,4795500.000000007
2025-11-01,2025,11,November,SKU07,Product C,Drink,Original,Medium,Box,Jakarta,3197,47955000,4000,15000,+20%,0.2,3836.3999999999996,57545999.99999999,0.9591,163.60000000000036,9590999.999999993
2025-11-01,2025,11,November,SKU07,Product C,Drink,Original,Medium,Box,Jakarta,3197,47955000,4000,15000,+30%,0.3,4156.1,62341500.00000001,1.039025,-156.10000000000036,14386500.000000007
2025-11-01,2025,11,November,SKU07,Product C,Drink,Original,Medium,Box,Jakarta,3197,47955000,4000,15000,-10%,-0.1,2877.3,43159500,0.719325,1122.6999999999998,-4795500
2025-11-01,2025,11,November,SKU07,Product C,Drink,Original,Medium,Box,Jakarta,3197,47955000,4000,15000,-20%,-0.2,2557.6000000000004,38364000.00000001,0.6394000000000001,1442.3999999999996,-9590999.999999993
2025-11-01,2025,11,November,SKU07,Product C,Drink,Original,Medium,Box,Jakarta,3197,47955000,4000,15000,-30%,-0.3,2237.8999999999996,33568499.99999999,0.559475,1762.1000000000004,-14386500.000000007
2025-11-01,2025,11,November,SKU07,Product C,Drink,Original,Medium,Box,Jakarta,3197,47955000,4000,15000,Base,0,3197,47955000,0.79925,803,0
2025-11-01,2025,11,November,SKU08,Product C,Drink,Chocolate,Large,Box,Bandung,4109,20545000,6000,5000,+10%,0.1,4519.9000000000005,22599500.000000004,0.7533166666666667,1480.0999999999995,2054500.0000000037
2025-11-01,2025,11,November,SKU08,Product C,Drink,Chocolate,Large,Box,Bandung,4109,20545000,6000,5000,+20%,0.2,4930.8,24654000,0.8218,1069.1999999999998,4109000
2025-11-01,2025,11,November,SKU08,Product C,Drink,Chocolate,Large,Box,Bandung,4109,20545000,6000,5000,+30%,0.3,5341.7,26708500,0.8902833333333333,658.3000000000002,6163500
2025-11-01,2025,11,November,SKU08,Product C,Drink,Chocolate,Large,Box,Bandung,4109,20545000,6000,5000,-10%,-0.1,3698.1,18490500,0.61635,2301.9,-2054500
2025-11-01,2025,11,November,SKU08,Product C,Drink,Chocolate,Large,Box,Bandung,4109,20545000,6000,5000,-20%,-0.2,3287.2000000000003,16436000.000000002,0.5478666666666667,2712.7999999999997,-4108999.999999998
2025-11-01,2025,11,November,SKU08,Product C,Drink,Chocolate,Large,Box,Bandung,4109,20545000,6000,5000,-30%,-0.3,2876.2999999999997,14381499.999999998,0.4793833333333333,3123.7000000000003,-6163500.000000002
2025-11-01,2025,11,November,SKU08,Product C,Drink,Chocolate,Large,Box,Bandung,4109,20545000,6000,5000,Base,0,4109,20545000,0.6848333333333333,1891,0
2025-11-01,2025,11,November,SKU09,Product C,Drink,Original,Small,Bottle,Jakarta,5448,81720000,4000,15000,+10%,0.1,5992.8,89892000,1.4982,-1992.8000000000002,8172000
2025-11-01,2025,11,November,SKU09,Product C,Drink,Original,Small,Bottle,Jakarta,5448,81720000,4000,15000,+20%,0.2,6537.5999999999995,98063999.99999999,1.6343999999999999,-2537.5999999999995,16343999.999999985
2025-11-01,2025,11,November,SKU09,Product C,Drink,Original,Small,Bottle,Jakarta,5448,81720000,4000,15000,+30%,0.3,7082.4000000000005,106236000.00000001,1.7706000000000002,-3082.4000000000005,24516000.000000015
2025-11-01,2025,11,November,SKU09,Product C,Drink,Original,Small,Bottle,Jakarta,5448,81720000,4000,15000,-10%,-0.1,4903.2,73548000,1.2258,-903.1999999999998,-8172000
2025-11-01,2025,11,November,SKU09,Product C,Drink,Original,Small,Bottle,Jakarta,5448,81720000,4000,15000,-20%,-0.2,4358.4000000000005,65376000.00000001,1.0896000000000001,-358.40000000000055,-16343999.999999993
2025-11-01,2025,11,November,SKU09,Product C,Drink,Original,Small,Bottle,Jakarta,5448,81720000,4000,15000,-30%,-0.3,3813.6,57204000,0.9534,186.4000000000001,-24516000
2025-11-01,2025,11,November,SKU09,Product C,Drink,Original,Small,Bottle,Jakarta,5448,81720000,4000,15000,Base,0,5448,81720000,1.362,-1448,0
2025-11-01,2025,11,November,SKU10,Product C,Drink,Chocolate,Small,Bottle,Bandung,6163,92445000,5000,15000,+10%,0.1,6779.3,101689500,1.35586,-1779.3000000000002,9244500
2025-11-01,2025,11,November,SKU10,Product C,Drink,Chocolate,Small,Bottle,Bandung,6163,92445000,5000,15000,+20%,0.2,7395.5999999999995,110933999.99999999,1.47912,-2395.5999999999995,18488999.999999985
2025-11-01,2025,11,November,SKU10,Product C,Drink,Chocolate,Small,Bottle,Bandung,6163,92445000,5000,15000,+30%,0.3,8011.9000000000005,120178500.00000001,1.6023800000000001,-3011.9000000000005,27733500.000000015
2025-11-01,2025,11,November,SKU10,Product C,Drink,Chocolate,Small,Bottle,Bandung,6163,92445000,5000,15000,-10%,-0.1,5546.7,83200500,1.10934,-546.6999999999998,-9244500
2025-11-01,2025,11,November,SKU10,Product C,Drink,Chocolate,Small,Bottle,Bandung,6163,92445000,5000,15000,-20%,-0.2,4930.4000000000005,73956000.00000001,0.9860800000000001,69.59999999999945,-18488999.999999985
2025-11-01,2025,11,November,SKU10,Product C,Drink,Chocolate,Small,Bottle,Bandung,6163,92445000,5000,15000,-30%,-0.3,4314.0999999999995,64711499.99999999,0.8628199999999999,685.9000000000005,-27733500.000000007
2025-11-01,2025,11,November,SKU10,Product C,Drink,Chocolate,Small,Bottle,Bandung,6163,92445000,5000,15000,Base,0,6163,92445000,1.2326,-1163,0
2025-11-01,2025,11,November,SKU11,Product C,Drink,Berry,Small,Bottle,Jakarta,1944,29160000,5000,15000,+10%,0.1,2138.4,32076000,0.42768,2861.6,2916000
2025-11-01,2025,11,November,SKU11,Product C,Drink,Berry,Small,Bottle,Jakarta,1944,29160000,5000,15000,+20%,0.2,2332.7999999999997,34991999.99999999,0.4665599999999999,2667.2000000000003,5831999.999999993
2025-11-01,2025,11,November,SKU11,Product C,Drink,Berry,Small,Bottle,Jakarta,1944,29160000,5000,15000,+30%,0.3,2527.2000000000003,37908000.00000001,0.50544,2472.7999999999997,8748000.000000007
2025-11-01,2025,11,November,SKU11,Product C,Drink,Berry,Small,Bottle,Jakarta,1944,29160000,5000,15000,-10%,-0.1,1749.6000000000001,26244000.000000004,0.34992,3250.3999999999996,-2915999.9999999963
2025-11-01,2025,11,November,SKU11,Product C,Drink,Berry,Small,Bottle,Jakarta,1944,29160000,5000,15000,-20%,-0.2,1555.2,23328000,0.31104,3444.8,-5832000
2025-11-01,2025,11,November,SKU11,Product C,Drink,Berry,Small,Bottle,Jakarta,1944,29160000,5000,15000,-30%,-0.3,1360.8,20412000,0.27216,3639.2,-8748000
2025-11-01,2025,11,November,SKU11,Product C,Drink,Berry,Small,Bottle,Jakarta,1944,29160000,5000,15000,Base,0,1944,29160000,0.3888,3056,0
2025-11-01,2025,11,November,SKU12,Product C,Drink,Chocolate,Medium,Box,Jakarta,6027,90405000,4000,15000,+10%,0.1,6629.700000000001,99445500.00000001,1.6574250000000001,-2629.7000000000007,9040500.000000015
2025-11-01,2025,11,November,SKU12,Product C,Drink,Chocolate,Medium,Box,Jakarta,6027,90405000,4000,15000,+20%,0.2,7232.4,108486000,1.8080999999999998,-3232.3999999999996,18081000
2025-11-01,2025,11,November,SKU12,Product C,Drink,Chocolate,Medium,Box,Jakarta,6027,90405000,4000,15000,+30%,0.3,7835.1,117526500,1.9587750000000002,-3835.1000000000004,27121500
2025-11-01,2025,11,November,SKU12,Product C,Drink,Chocolate,Medium,Box,Jakarta,6027,90405000,4000,15000,-10%,-0.1,5424.3,81364500,1.3560750000000001,-1424.3000000000002,-9040500
2025-11-01,2025,11,November,SKU12,Product C,Drink,Chocolate,Medium,Box,Jakarta,6027,90405000,4000,15000,-20%,-0.2,4821.6,72324000,1.2054,-821.6000000000004,-18081000
2025-11-01,2025,11,November,SKU12,Product C,Drink,Chocolate,Medium,Box,Jakarta,6027,90405000,4000,15000,-30%,-0.3,4218.9,63283499.99999999,1.054725,-218.89999999999964,-27121500.000000007
2025-11-01,2025,11,November,SKU12,Product C,Drink,Chocolate,Medium,Box,Jakarta,6027,90405000,4000,15000,Base,0,6027,90405000,1.50675,-2027,0
2025-12-01,2025,12,December,SKU01,Product D,Drink,Chocolate,Small,Box,Bandung,4327,21635000,4000,5000,+10%,0.1,4759.700000000001,23798500.000000004,1.1899250000000001,-759.7000000000007,2163500.0000000037
2025-12-01,2025,12,December,SKU01,Product D,Drink,Chocolate,Small,Box,Bandung,4327,21635000,4000,5000,+20%,0.2,5192.4,25962000,1.2980999999999998,-1192.3999999999996,4327000
2025-12-01,2025,12,December,SKU01,Product D,Drink,Chocolate,Small,Box,Bandung,4327,21635000,4000,5000,+30%,0.3,5625.1,28125500,1.4062750000000002,-1625.1000000000004,6490500
2025-12-01,2025,12,December,SKU01,Product D,Drink,Chocolate,Small,Box,Bandung,4327,21635000,4000,5000,-10%,-0.1,3894.3,19471500,0.9735750000000001,105.69999999999982,-2163500
2025-12-01,2025,12,December,SKU01,Product D,Drink,Chocolate,Small,Box,Bandung,4327,21635000,4000,5000,-20%,-0.2,3461.6000000000004,17308000,0.8654000000000001,538.3999999999996,-4327000
2025-12-01,2025,12,December,SKU01,Product D,Drink,Chocolate,Small,Box,Bandung,4327,21635000,4000,5000,-30%,-0.3,3028.8999999999996,15144499.999999998,0.7572249999999999,971.1000000000004,-6490500.000000002
2025-12-01,2025,12,December,SKU01,Product D,Drink,Chocolate,Small,Box,Bandung,4327,21635000,4000,5000,Base,0,4327,21635000,1.08175,-327,0
2025-12-01,2025,12,December,SKU02,Product D,Drink,Chocolate,Small,Box,Bandung,2157,32355000,6000,15000,+10%,0.1,2372.7000000000003,35590500.00000001,0.39545,3627.2999999999997,3235500.0000000075
2025-12-01,2025,12,December,SKU02,Product D,Drink,Chocolate,Small,Box,Bandung,2157,32355000,6000,15000,+20%,0.2,2588.4,38826000,0.4314,3411.6,6471000
2025-12-01,2025,12,December,SKU02,Product D,Drink,Chocolate,Small,Box,Bandung,2157,32355000,6000,15000,+30%,0.3,2804.1,42061500,0.46735,3195.9,9706500
2025-12-01,2025,12,December,SKU02,Product D,Drink,Chocolate,Small,Box,Bandung,2157,32355000,6000,15000,-10%,-0.1,1941.3,29119500,0.32355,4058.7,-3235500
2025-12-01,2025,12,December,SKU02,Product D,Drink,Chocolate,Small,Box,Bandung,2157,32355000,6000,15000,-20%,-0.2,1725.6000000000001,25884000.000000004,0.2876,4274.4,-6470999.999999996
2025-12-01,2025,12,December,SKU02,Product D,Drink,Chocolate,Small,Box,Bandung,2157,32355000,6000,15000,-30%,-0.3,1509.8999999999999,22648499.999999996,0.25165,4490.1,-9706500.000000004
2025-12-01,2025,12,December,SKU02,Product D,Drink,Chocolate,Small,Box,Bandung,2157,32355000,6000,15000,Base,0,2157,32355000,0.3595,3843,0
2025-12-01,2025,12,December,SKU03,Product D,Drink,Chocolate,Small,Bottle,Bandung,1457,21855000,5000,15000,+10%,0.1,1602.7,24040500,0.32054,3397.3,2185500
2025-12-01,2025,12,December,SKU03,Product D,Drink,Chocolate,Small,Bottle,Bandung,1457,21855000,5000,15000,+20%,0.2,1748.3999999999999,26225999.999999996,0.34968,3251.6000000000004,4370999.999999996
2025-12-01,2025,12,December,SKU03,Product D,Drink,Chocolate,Small,Bottle,Bandung,1457,21855000,5000,15000,+30%,0.3,1894.1000000000001,28411500.000000004,0.37882000000000005,3105.8999999999996,6556500.000000004
2025-12-01,2025,12,December,SKU03,Product D,Drink,Chocolate,Small,Bottle,Bandung,1457,21855000,5000,15000,-10%,-0.1,1311.3,19669500,0.26226,3688.7,-2185500
2025-12-01,2025,12,December,SKU03,Product D,Drink,Chocolate,Small,Bottle,Bandung,1457,21855000,5000,15000,-20%,-0.2,1165.6000000000001,17484000.000000004,0.23312000000000002,3834.3999999999996,-4370999.999999996
2025-12-01,2025,12,December,SKU03,Product D,Drink,Chocolate,Small,Bottle,Bandung,1457,21855000,5000,15000,-30%,-0.3,1019.9,15298500,0.20398,3980.1,-6556500
2025-12-01,2025,12,December,SKU03,Product D,Drink,Chocolate,Small,Bottle,Bandung,1457,21855000,5000,15000,Base,0,1457,21855000,0.2914,3543,0
2025-12-01,2025,12,December,SKU04,Product D,Drink,Vanilla,Large,Bottle,Jakarta,3213,48195000,6000,15000,+10%,0.1,3534.3,53014500,0.5890500000000001,2465.7,4819500
2025-12-01,2025,12,December,SKU04,Product D,Drink,Vanilla,Large,Bottle,Jakarta,3213,48195000,6000,15000,+20%,0.2,3855.6,57834000,0.6426,2144.4,9639000
2025-12-01,2025,12,December,SKU04,Product D,Drink,Vanilla,Large,Bottle,Jakarta,3213,48195000,6000,15000,+30%,0.3,4176.9000000000005,62653500.00000001,0.69615,1823.0999999999995,14458500.000000007
2025-12-01,2025,12,December,SKU04,Product D,Drink,Vanilla,Large,Bottle,Jakarta,3213,48195000,6000,15000,-10%,-0.1,2891.7000000000003,43375500.00000001,0.48195000000000005,3108.2999999999997,-4819499.999999993
2025-12-01,2025,12,December,SKU04,Product D,Drink,Vanilla,Large,Bottle,Jakarta,3213,48195000,6000,15000,-20%,-0.2,2570.4,38556000,0.4284,3429.6,-9639000
2025-12-01,2025,12,December,SKU04,Product D,Drink,Vanilla,Large,Bottle,Jakarta,3213,48195000,6000,15000,-30%,-0.3,2249.1,33736500,0.37484999999999996,3750.9,-14458500
2025-12-01,2025,12,December,SKU04,Product D,Drink,Vanilla,Large,Bottle,Jakarta,3213,48195000,6000,15000,Base,0,3213,48195000,0.5355,2787,0
2025-12-01,2025,12,December,SKU05,Product D,Drink,Vanilla,Small,Bottle,Jakarta,5237,39277500,6000,7500,+10%,0.1,5760.700000000001,43205250.00000001,0.9601166666666668,239.29999999999927,3927750.0000000075
2025-12-01,2025,12,December,SKU05,Product D,Drink,Vanilla,Small,Bottle,Jakarta,5237,39277500,6000,7500,+20%,0.2,6284.4,47133000,1.0473999999999999,-284.39999999999964,7855500
2025-12-01,2025,12,December,SKU05,Product D,Drink,Vanilla,Small,Bottle,Jakarta,5237,39277500,6000,7500,+30%,0.3,6808.1,51060750,1.1346833333333335,-808.1000000000004,11783250
2025-12-01,2025,12,December,SKU05,Product D,Drink,Vanilla,Small,Bottle,Jakarta,5237,39277500,6000,7500,-10%,-0.1,4713.3,35349750,0.7855500000000001,1286.6999999999998,-3927750
2025-12-01,2025,12,December,SKU05,Product D,Drink,Vanilla,Small,Bottle,Jakarta,5237,39277500,6000,7500,-20%,-0.2,4189.6,31422000.000000004,0.6982666666666667,1810.3999999999996,-7855499.999999996
2025-12-01,2025,12,December,SKU05,Product D,Drink,Vanilla,Small,Bottle,Jakarta,5237,39277500,6000,7500,-30%,-0.3,3665.8999999999996,27494249.999999996,0.6109833333333333,2334.1000000000004,-11783250.000000004
2025-12-01,2025,12,December,SKU05,Product D,Drink,Vanilla,Small,Bottle,Jakarta,5237,39277500,6000,7500,Base,0,5237,39277500,0.87283333333333335,763,0
2025-12-01,2025,12,December,SKU06,Product D,Drink,Chocolate,Small,Bottle,Jakarta,807,4035000,6000,5000,+10%,0.1,887.7,4438500,0.14795,5112.3,403500
2025-12-01,2025,12,December,SKU06,Product D,Drink,Chocolate,Small,Bottle,Jakarta,807,4035000,6000,5000,+20%,0.2,968.4,4842000,0.1614,5031.6,807000
2025-12-01,2025,12,December,SKU06,Product D,Drink,Chocolate,Small,Bottle,Jakarta,807,4035000,6000,5000,+30%,0.3,1049.1000000000001,5245500.000000001,0.17485000000000003,4950.9,1210500.000000001
2025-12-01,2025,12,December,SKU06,Product D,Drink,Chocolate,Small,Bottle,Jakarta,807,4035000,6000,5000,-10%,-0.1,726.3000000000001,3631500.0000000005,0.12105,5273.7,-403499.99999999953
2025-12-01,2025,12,December,SKU06,Product D,Drink,Chocolate,Small,Bottle,Jakarta,807,4035000,6000,5000,-20%,-0.2,645.6,3228000,0.1076,5354.4,-807000
2025-12-01,2025,12,December,SKU06,Product D,Drink,Chocolate,Small,Bottle,Jakarta,807,4035000,6000,5000,-30%,-0.3,564.9,2824500,0.09415,5435.1,-1210500
2025-12-01,2025,12,December,SKU06,Product D,Drink,Chocolate,Small,Bottle,Jakarta,807,4035000,6000,5000,Base,0,807,4035000,0.1345,5193,0
2025-12-01,2025,12,December,SKU07,Product D,Drink,Chocolate,Small,Box,Jakarta,6098,60980000,6000,10000,+10%,0.1,6707.8,67078000,1.1179666666666668,-707.8000000000002,6098000
2025-12-01,2025,12,December,SKU07,Product D,Drink,Chocolate,Small,Box,Jakarta,6098,60980000,6000,10000,+20%,0.2,7317.5999999999995,73176000,1.2196,-1317.5999999999995,12196000
2025-12-01,2025,12,December,SKU07,Product D,Drink,Chocolate,Small,Box,Jakarta,6098,60980000,6000,10000,+30%,0.3,7927.4000000000005,79274000,1.3212333333333335,-1927.4000000000005,18294000
2025-12-01,2025,12,December,SKU07,Product D,Drink,Chocolate,Small,Box,Jakarta,6098,60980000,6000,10000,-10%,-0.1,5488.2,54882000,0.9147,511.8000000000002,-6098000
2025-12-01,2025,12,December,SKU07,Product D,Drink,Chocolate,Small,Box,Jakarta,6098,60980000,6000,10000,-20%,-0.2,4878.4000000000005,48784000.00000001,0.8130666666666667,1121.5999999999995,-12195999.999999993
2025-12-01,2025,12,December,SKU07,Product D,Drink,Chocolate,Small,Box,Jakarta,6098,60980000,6000,10000,-30%,-0.3,4268.5999999999995,42685999.99999999,0.7114333333333333,1731.4000000000005,-18294000.000000007
2025-12-01,2025,12,December,SKU07,Product D,Drink,Chocolate,Small,Box,Jakarta,6098,60980000,6000,10000,Base,0,6098,60980000,1.0163333333333333,-98,0
2025-12-01,2025,12,December,SKU08,Product D,Drink,Berry,Large,Box,Jakarta,6480,64800000,6000,10000,+10%,0.1,7128.000000000001,71280000.00000001,1.1880000000000002,-1128.000000000001,6480000.000000015
2025-12-01,2025,12,December,SKU08,Product D,Drink,Berry,Large,Box,Jakarta,6480,64800000,6000,10000,+20%,0.2,7776,77760000,1.296,-1776,12960000
2025-12-01,2025,12,December,SKU08,Product D,Drink,Berry,Large,Box,Jakarta,6480,64800000,6000,10000,+30%,0.3,8424,84240000,1.404,-2424,19440000
2025-12-01,2025,12,December,SKU08,Product D,Drink,Berry,Large,Box,Jakarta,6480,64800000,6000,10000,-10%,-0.1,5832,58320000,0.972,168,-6480000
2025-12-01,2025,12,December,SKU08,Product D,Drink,Berry,Large,Box,Jakarta,6480,64800000,6000,10000,-20%,-0.2,5184,51840000,0.864,816,-12960000
2025-12-01,2025,12,December,SKU08,Product D,Drink,Berry,Large,Box,Jakarta,6480,64800000,6000,10000,-30%,-0.3,4536,45360000,0.756,1464,-19440000
2025-12-01,2025,12,December,SKU08,Product D,Drink,Berry,Large,Box,Jakarta,6480,64800000,6000,10000,Base,0,6480,64800000,1.08,-480,0
2025-12-01,2025,12,December,SKU09,Product D,Drink,Chocolate,Large,Box,Jakarta,4843,48430000,4000,10000,+10%,0.1,5327.3,53273000,1.331825,-1327.3000000000002,4843000
2025-12-01,2025,12,December,SKU09,Product D,Drink,Chocolate,Large,Box,Jakarta,4843,48430000,4000,10000,+20%,0.2,5811.5999999999995,58115999.99999999,1.4528999999999999,-1811.5999999999995,9685999.999999993
2025-12-01,2025,12,December,SKU09,Product D,Drink,Chocolate,Large,Box,Jakarta,4843,48430000,4000,10000,+30%,0.3,6295.9000000000005,62959000.00000001,1.5739750000000001,-2295.9000000000005,14529000.000000007
2025-12-01,2025,12,December,SKU09,Product D,Drink,Chocolate,Large,Box,Jakarta,4843,48430000,4000,10000,-10%,-0.1,4358.7,43587000,1.089675,-358.6999999999998,-4843000
2025-12-01,2025,12,December,SKU09,Product D,Drink,Chocolate,Large,Box,Jakarta,4843,48430000,4000,10000,-20%,-0.2,3874.4,38744000,0.9686,125.59999999999991,-9686000
2025-12-01,2025,12,December,SKU09,Product D,Drink,Chocolate,Large,Box,Jakarta,4843,48430000,4000,10000,-30%,-0.3,3390.1,33901000,0.847525,609.9000000000001,-14529000
2025-12-01,2025,12,December,SKU09,Product D,Drink,Chocolate,Large,Box,Jakarta,4843,48430000,4000,10000,Base,0,4843,48430000,1.21075,-843,0
2025-12-01,2025,12,December,SKU10,Product D,Drink,Chocolate,Large,Box,Jakarta,2086,31290000,6000,15000,+10%,0.1,2294.6000000000004,34419000.00000001,0.3824333333333334,3705.3999999999996,3129000.0000000075
2025-12-01,2025,12,December,SKU10,Product D,Drink,Chocolate,Large,Box,Jakarta,2086,31290000,6000,15000,+20%,0.2,2503.2,37548000,0.41719999999999996,3496.8,6258000
2025-12-01,2025,12,December,SKU10,Product D,Drink,Chocolate,Large,Box,Jakarta,2086,31290000,6000,15000,+30%,0.3,2711.8,40677000,0.4519666666666667,3288.2,9387000
2025-12-01,2025,12,December,SKU10,Product D,Drink,Chocolate,Large,Box,Jakarta,2086,31290000,6000,15000,-10%,-0.1,1877.4,28161000,0.3129,4122.6,-3129000
2025-12-01,2025,12,December,SKU10,Product D,Drink,Chocolate,Large,Box,Jakarta,2086,31290000,6000,15000,-20%,-0.2,1668.8000000000002,25032000.000000004,0.27813333333333334,4331.2,-6257999.999999996
2025-12-01,2025,12,December,SKU10,Product D,Drink,Chocolate,Large,Box,Jakarta,2086,31290000,6000,15000,-30%,-0.3,1460.1999999999998,21902999.999999996,0.24336666666666665,4539.8,-9387000.000000004
2025-12-01,2025,12,December,SKU10,Product D,Drink,Chocolate,Large,Box,Jakarta,2086,31290000,6000,15000,Base,0,2086,31290000,0.3476666666666667,3914,0
2025-12-01,2025,12,December,SKU11,Product D,Drink,Berry,Large,Box,Bandung,829,12435000,6000,15000,+10%,0.1,911.9000000000001,13678500.000000002,0.15198333333333336,5088.1,1243500.0000000019
2025-12-01,2025,12,December,SKU11,Product D,Drink,Berry,Large,Box,Bandung,829,12435000,6000,15000,+20%,0.2,994.8,14922000,0.1658,5005.2,2487000
2025-12-01,2025,12,December,SKU11,Product D,Drink,Berry,Large,Box,Bandung,829,12435000,6000,15000,+30%,0.3,1077.7,16165500,0.17961666666666667,4922.3,3730500
2025-12-01,2025,12,December,SKU11,Product D,Drink,Berry,Large,Box,Bandung,829,12435000,6000,15000,-10%,-0.1,746.1,11191500,0.12435,5253.9,-1243500
2025-12-01,2025,12,December,SKU11,Product D,Drink,Berry,Large,Box,Bandung,829,12435000,6000,15000,-20%,-0.2,663.2,9948000,0.11053333333333334,5336.8,-2487000
2025-12-01,2025,12,December,SKU11,Product D,Drink,Berry,Large,Box,Bandung,829,12435000,6000,15000,-30%,-0.3,580.3,8704500,0.09671666666666666,5419.7,-3730500
2025-12-01,2025,12,December,SKU11,Product D,Drink,Berry,Large,Box,Bandung,829,12435000,6000,15000,Base,0,829,12435000,0.13816666666666666,5171,0
2025-12-01,2025,12,December,SKU12,Product D,Drink,Vanilla,Large,Bottle,Bandung,2555,19162500,4000,7500,+10%,0.1,2810.5,21078750,0.702625,1189.5,1916250
2025-12-01,2025,12,December,SKU12,Product D,Drink,Vanilla,Large,Bottle,Bandung,2555,19162500,4000,7500,+20%,0.2,3066,22995000,0.7665,934,3832500
2025-12-01,2025,12,December,SKU12,Product D,Drink,Vanilla,Large,Bottle,Bandung,2555,19162500,4000,7500,+30%,0.3,3321.5,24911250,0.830375,678.5,5748750
2025-12-01,2025,12,December,SKU12,Product D,Drink,Vanilla,Large,Bottle,Bandung,2555,19162500,4000,7500,-10%,-0.1,2299.5,17246250,0.574875,1700.5,-1916250
2025-12-01,2025,12,December,SKU12,Product D,Drink,Vanilla,Large,Bottle,Bandung,2555,19162500,4000,7500,-20%,-0.2,2044,15330000,0.511,1956,-3832500
2025-12-01,2025,12,December,SKU12,Product D,Drink,Vanilla,Large,Bottle,Bandung,2555,19162500,4000,7500,-30%,-0.3,1788.5,13413750,0.447125,2211.5,-5748750
2025-12-01,2025,12,December,SKU12,Product D,Drink,Vanilla,Large,Bottle,Bandung,2555,19162500,4000,7500,Base,0,2555,19162500,0.63875,1445,0
2026-01-01,2026,1,January,SKU01,Product A,Food,Chocolate,Large,Bottle,Bandung,3299,16495000,4000,5000,+10%,0.1,3628.9,18144500,0.9072250000000001,371.0999999999999,1649500
2026-01-01,2026,1,January,SKU01,Product A,Food,Chocolate,Large,Bottle,Bandung,3299,16495000,4000,5000,+20%,0.2,3958.7999999999997,19794000,0.9896999999999999,41.20000000000027,3299000
2026-01-01,2026,1,January,SKU01,Product A,Food,Chocolate,Large,Bottle,Bandung,3299,16495000,4000,5000,+30%,0.3,4288.7,21443500,1.0721749999999999,-288.6999999999998,4948500
2026-01-01,2026,1,January,SKU01,Product A,Food,Chocolate,Large,Bottle,Bandung,3299,16495000,4000,5000,-10%,-0.1,2969.1,14845500,0.742275,1030.9,-1649500
2026-01-01,2026,1,January,SKU01,Product A,Food,Chocolate,Large,Bottle,Bandung,3299,16495000,4000,5000,-20%,-0.2,2639.2000000000003,13196000.000000002,0.6598,1360.7999999999997,-3298999.999999998
2026-01-01,2026,1,January,SKU01,Product A,Food,Chocolate,Large,Bottle,Bandung,3299,16495000,4000,5000,-30%,-0.3,2309.2999999999997,11546499.999999998,0.577325,1690.7000000000003,-4948500.000000002
2026-01-01,2026,1,January,SKU01,Product A,Food,Chocolate,Large,Bottle,Bandung,3299,16495000,4000,5000,Base,0,3299,16495000,0.82475,701,0
2026-01-01,2026,1,January,SKU02,Product A,Food,Chocolate,Large,Box,Bandung,1112,16680000,5000,15000,+10%,0.1,1223.2,18348000,0.24464,3776.8,1668000
2026-01-01,2026,1,January,SKU02,Product A,Food,Chocolate,Large,Box,Bandung,1112,16680000,5000,15000,+20%,0.2,1334.3999999999999,20015999.999999996,0.26687999999999995,3665.6000000000004,3335999.9999999963
2026-01-01,2026,1,January,SKU02,Product A,Food,Chocolate,Large,Box,Bandung,1112,16680000,5000,15000,+30%,0.3,1445.6000000000001,21684000.000000004,0.28912000000000004,3554.3999999999996,5004000.000000004
2026-01-01,2026,1,January,SKU02,Product A,Food,Chocolate,Large,Box,Bandung,1112,16680000,5000,15000,-10%,-0.1,1000.8000000000001,15012000.000000002,0.20016,3999.2,-1667999.9999999981
2026-01-01,2026,1,January,SKU02,Product A,Food,Chocolate,Large,Box,Bandung,1112,16680000,5000,15000,-20%,-0.2,889.6,13344000,0.17792,4110.4,-3336000
2026-01-01,2026,1,January,SKU02,Product A,Food,Chocolate,Large,Box,Bandung,1112,16680000,5000,15000,-30%,-0.3,778.4,11676000,0.15567999999999999,4221.6,-5004000
2026-01-01,2026,1,January,SKU02,Product A,Food,Chocolate,Large,Box,Bandung,1112,16680000,5000,15000,Base,0,1112,16680000,0.2224,3888,0
2026-01-01,2026,1,January,SKU03,Product A,Food,Chocolate,Medium,Box,Jakarta,2370,23700000,6000,10000,+10%,0.1,2607,26070000,0.4345,3393,2370000
2026-01-01,2026,1,January,SKU03,Product A,Food,Chocolate,Medium,Box,Jakarta,2370,23700000,6000,10000,+20%,0.2,2844,28440000,0.474,3156,4740000
2026-01-01,2026,1,January,SKU03,Product A,Food,Chocolate,Medium,Box,Jakarta,2370,23700000,6000,10000,+30%,0.3,3081,30810000,0.5135,2919,7110000
2026-01-01,2026,1,January,SKU03,Product A,Food,Chocolate,Medium,Box,Jakarta,2370,23700000,6000,10000,-10%,-0.1,2133,21330000,0.3555,3867,-2370000
2026-01-01,2026,1,January,SKU03,Product A,Food,Chocolate,Medium,Box,Jakarta,2370,23700000,6000,10000,-20%,-0.2,1896,18960000,0.316,4104,-4740000
2026-01-01,2026,1,January,SKU03,Product A,Food,Chocolate,Medium,Box,Jakarta,2370,23700000,6000,10000,-30%,-0.3,1659,16590000,0.2765,4341,-7110000
2026-01-01,2026,1,January,SKU03,Product A,Food,Chocolate,Medium,Box,Jakarta,2370,23700000,6000,10000,Base,0,2370,23700000,0.395,3630,0
2026-01-01,2026,1,January,SKU04,Product A,Food,Berry,Medium,Box,Jakarta,4990,49900000,5000,10000,+10%,0.1,5489,54890000,1.0978,-489,4990000
2026-01-01,2026,1,January,SKU04,Product A,Food,Berry,Medium,Box,Jakarta,4990,49900000,5000,10000,+20%,0.2,5988,59880000,1.1976,-988,9980000
2026-01-01,2026,1,January,SKU04,Product A,Food,Berry,Medium,Box,Jakarta,4990,49900000,5000,10000,+30%,0.3,6487,64870000,1.2974,-1487,14970000
2026-01-01,2026,1,January,SKU04,Product A,Food,Berry,Medium,Box,Jakarta,4990,49900000,5000,10000,-10%,-0.1,4491,44910000,0.8982,509,-4990000
2026-01-01,2026,1,January,SKU04,Product A,Food,Berry,Medium,Box,Jakarta,4990,49900000,5000,10000,-20%,-0.2,3992,39920000,0.7984,1008,-9980000
2026-01-01,2026,1,January,SKU04,Product A,Food,Berry,Medium,Box,Jakarta,4990,49900000,5000,10000,-30%,-0.3,3493,34930000,0.6986,1507,-14970000
2026-01-01,2026,1,January,SKU04,Product A,Food,Berry,Medium,Box,Jakarta,4990,49900000,5000,10000,Base,0,4990,49900000,0.998,10,0
2026-01-01,2026,1,January,SKU05,Product A,Food,Berry,Large,Box,Bandung,3941,39410000,6000,10000,+10%,0.1,4335.1,43351000,0.7225166666666667,1664.8999999999996,3941000
2026-01-01,2026,1,January,SKU05,Product A,Food,Berry,Large,Box,Bandung,3941,39410000,6000,10000,+20%,0.2,4729.2,47292000,0.7882,1270.8000000000002,7882000
2026-01-01,2026,1,January,SKU05,Product A,Food,Berry,Large,Box,Bandung,3941,39410000,6000,10000,+30%,0.3,5123.3,51233000,0.8538833333333333,876.6999999999998,11823000
2026-01-01,2026,1,January,SKU05,Product A,Food,Berry,Large,Box,Bandung,3941,39410000,6000,10000,-10%,-0.1,3546.9,35469000,0.5911500000000001,2453.1,-3941000
2026-01-01,2026,1,January,SKU05,Product A,Food,Berry,Large,Box,Bandung,3941,39410000,6000,10000,-20%,-0.2,3152.8,31528000,0.5254666666666667,2847.2,-7882000
2026-01-01,2026,1,January,SKU05,Product A,Food,Berry,Large,Box,Bandung,3941,39410000,6000,10000,-30%,-0.3,2758.7,27587000,0.4597833333333333,3241.3,-11823000
2026-01-01,2026,1,January,SKU05,Product A,Food,Berry,Large,Box,Bandung,3941,39410000,6000,10000,Base,0,3941,39410000,0.6568333333333334,2059,0
2026-01-01,2026,1,January,SKU06,Product A,Food,Original,Small,Bottle,Bandung,1897,28455000,4000,15000,+10%,0.1,2086.7000000000003,31300500.000000004,0.5216750000000001,1913.2999999999997,2845500.0000000037
2026-01-01,2026,1,January,SKU06,Product A,Food,Original,Small,Bottle,Bandung,1897,28455000,4000,15000,+20%,0.2,2276.4,34146000,0.5691,1723.6,5691000
2026-01-01,2026,1,January,SKU06,Product A,Food,Original,Small,Bottle,Bandung,1897,28455000,4000,15000,+30%,0.3,2466.1,36991500,0.616525,1533.9,8536500
2026-01-01,2026,1,January,SKU06,Product A,Food,Original,Small,Bottle,Bandung,1897,28455000,4000,15000,-10%,-0.1,1707.3,25609500,0.426825,2292.7,-2845500
2026-01-01,2026,1,January,SKU06,Product A,Food,Original,Small,Bottle,Bandung,1897,28455000,4000,15000,-20%,-0.2,1517.6000000000001,22764000.000000004,0.3794,2482.3999999999996,-5690999.999999996
2026-01-01,2026,1,January,SKU06,Product A,Food,Original,Small,Bottle,Bandung,1897,28455000,4000,15000,-30%,-0.3,1327.8999999999999,19918499.999999996,0.33197499999999996,2672.1000000000004,-8536500.000000004
2026-01-01,2026,1,January,SKU06,Product A,Food,Original,Small,Bottle,Bandung,1897,28455000,4000,15000,Base,0,1897,28455000,0.47425,2103,0
2026-01-01,2026,1,January,SKU07,Product A,Food,Chocolate,Small,Box,Bandung,1240,12400000,6000,10000,+10%,0.1,1364,13640000,0.22733333333333333,4636,1240000
2026-01-01,2026,1,January,SKU07,Product A,Food,Chocolate,Small,Box,Bandung,1240,12400000,6000,10000,+20%,0.2,1488,14880000,0.248,4512,2480000
2026-01-01,2026,1,January,SKU07,Product A,Food,Chocolate,Small,Box,Bandung,1240,12400000,6000,10000,+30%,0.3,1612,16120000,0.26866666666666666,4388,3720000
2026-01-01,2026,1,January,SKU07,Product A,Food,Chocolate,Small,Box,Bandung,1240,12400000,6000,10000,-10%,-0.1,1116,11160000,0.186,4884,-1240000
2026-01-01,2026,1,January,SKU07,Product A,Food,Chocolate,Small,Box,Bandung,1240,12400000,6000,10000,-20%,-0.2,992,9920000,0.16533333333333333,5008,-2480000
2026-01-01,2026,1,January,SKU07,Product A,Food,Chocolate,Small,Box,Bandung,1240,12400000,6000,10000,-30%,-0.3,868,8680000,0.14466666666666667,5132,-3720000
2026-01-01,2026,1,January,SKU07,Product A,Food,Chocolate,Small,Box,Bandung,1240,12400000,6000,10000,Base,0,1240,12400000,0.20666666666666667,4760,0
2026-01-01,2026,1,January,SKU08,Product A,Food,Chocolate,Large,Bottle,Jakarta,704,3520000,4000,5000,+10%,0.1,774.4000000000001,3872000.0000000005,0.19360000000000002,3225.6,352000.00000000047
2026-01-01,2026,1,January,SKU08,Product A,Food,Chocolate,Large,Bottle,Jakarta,704,3520000,4000,5000,+20%,0.2,844.8,4224000,0.2112,3155.2,704000
2026-01-01,2026,1,January,SKU08,Product A,Food,Chocolate,Large,Bottle,Jakarta,704,3520000,4000,5000,+30%,0.3,915.2,4576000,0.2288,3084.8,1056000
2026-01-01,2026,1,January,SKU08,Product A,Food,Chocolate,Large,Bottle,Jakarta,704,3520000,4000,5000,-10%,-0.1,633.6,3168000,0.1584,3366.4,-352000
2026-01-01,2026,1,January,SKU08,Product A,Food,Chocolate,Large,Bottle,Jakarta,704,3520000,4000,5000,-20%,-0.2,563.2,2816000,0.1408,3436.8,-704000
2026-01-01,2026,1,January,SKU08,Product A,Food,Chocolate,Large,Bottle,Jakarta,704,3520000,4000,5000,-30%,-0.3,492.79999999999995,2464000,0.12319999999999999,3507.2,-1056000
2026-01-01,2026,1,January,SKU08,Product A,Food,Chocolate,Large,Bottle,Jakarta,704,3520000,4000,5000,Base,0,704,3520000,0.176,3296,0
2026-01-01,2026,1,January,SKU09,Product A,Food,Berry,Small,Box,Bandung,4047,40470000,4000,10000,+10%,0.1,4451.700000000001,44517000.00000001,1.1129250000000002,-451.7000000000007,4047000.0000000075
2026-01-01,2026,1,January,SKU09,Product A,Food,Berry,Small,Box,Bandung,4047,40470000,4000,10000,+20%,0.2,4856.4,48564000,1.2141,-856.3999999999996,8094000
2026-01-01,2026,1,January,SKU09,Product A,Food,Berry,Small,Box,Bandung,4047,40470000,4000,10000,+30%,0.3,5261.1,52611000,1.3152750000000002,-1261.1000000000004,12141000
2026-01-01,2026,1,January,SKU09,Product A,Food,Berry,Small,Box,Bandung,4047,40470000,4000,10000,-10%,-0.1,3642.3,36423000,0.910575,357.6999999999998,-4047000
2026-01-01,2026,1,January,SKU09,Product A,Food,Berry,Small,Box,Bandung,4047,40470000,4000,10000,-20%,-0.2,3237.6000000000004,32376000.000000004,0.8094000000000001,762.3999999999996,-8093999.999999996
2026-01-01,2026,1,January,SKU09,Product A,Food,Berry,Small,Box,Bandung,4047,40470000,4000,10000,-30%,-0.3,2832.8999999999996,28328999.999999996,0.7082249999999999,1167.1000000000004,-12141000.000000004
2026-01-01,2026,1,January,SKU09,Product A,Food,Berry,Small,Box,Bandung,4047,40470000,4000,10000,Base,0,4047,40470000,1.01175,-47,0
2026-01-01,2026,1,January,SKU10,Product A,Food,Original,Small,Box,Bandung,601,9015000,4000,15000,+10%,0.1,661.1,9916500,0.165275,3338.9,901500
2026-01-01,2026,1,January,SKU10,Product A,Food,Original,Small,Box,Bandung,601,9015000,4000,15000,+20%,0.2,721.1999999999999,10817999.999999998,0.1803,3278.8,1802999.9999999981
2026-01-01,2026,1,January,SKU10,Product A,Food,Original,Small,Box,Bandung,601,9015000,4000,15000,+30%,0.3,781.3000000000001,11719500.000000002,0.19532500000000003,3218.7,2704500.000000002
2026-01-01,2026,1,January,SKU10,Product A,Food,Original,Small,Box,Bandung,601,9015000,4000,15000,-10%,-0.1,540.9,8113500,0.13522499999999998,3459.1,-901500
2026-01-01,2026,1,January,SKU10,Product A,Food,Original,Small,Box,Bandung,601,9015000,4000,15000,-20%,-0.2,480.8,7212000,0.1202,3519.2,-1803000
2026-01-01,2026,1,January,SKU10,Product A,Food,Original,Small,Box,Bandung,601,9015000,4000,15000,-30%,-0.3,420.7,6310500,0.10517499999999999,3579.3,-2704500
2026-01-01,2026,1,January,SKU10,Product A,Food,Original,Small,Box,Bandung,601,9015000,4000,15000,Base,0,601,9015000,0.15025,3399,0
2026-01-01,2026,1,January,SKU11,Product A,Food,Berry,Small,Bottle,Jakarta,4564,22820000,4000,5000,+10%,0.1,5020.4000000000005,25102000.000000004,1.2551,-1020.4000000000005,2282000.0000000037
2026-01-01,2026,1,January,SKU11,Product A,Food,Berry,Small,Bottle,Jakarta,4564,22820000,4000,5000,+20%,0.2,5476.8,27384000,1.3692,-1476.8000000000002,4564000
2026-01-01,2026,1,January,SKU11,Product A,Food,Berry,Small,Bottle,Jakarta,4564,22820000,4000,5000,+30%,0.3,5933.2,29666000,1.4833,-1933.1999999999998,6846000
2026-01-01,2026,1,January,SKU11,Product A,Food,Berry,Small,Bottle,Jakarta,4564,22820000,4000,5000,-10%,-0.1,4107.6,20538000,1.0269000000000001,-107.60000000000036,-2282000
2026-01-01,2026,1,January,SKU11,Product A,Food,Berry,Small,Bottle,Jakarta,4564,22820000,4000,5000,-20%,-0.2,3651.2000000000003,18256000,0.9128000000000001,348.7999999999997,-4564000
2026-01-01,2026,1,January,SKU11,Product A,Food,Berry,Small,Bottle,Jakarta,4564,22820000,4000,5000,-30%,-0.3,3194.7999999999997,15973999.999999998,0.7987,805.2000000000003,-6846000.000000002
2026-01-01,2026,1,January,SKU11,Product A,Food,Berry,Small,Bottle,Jakarta,4564,22820000,4000,5000,Base,0,4564,22820000,1.141,-564,0
2026-01-01,2026,1,January,SKU12,Product A,Food,Vanilla,Small,Box,Bandung,2960,14800000,4000,5000,+10%,0.1,3256.0000000000005,16280000.000000002,0.8140000000000002,743.9999999999995,1480000.0000000019
2026-01-01,2026,1,January,SKU12,Product A,Food,Vanilla,Small,Box,Bandung,2960,14800000,4000,5000,+20%,0.2,3552,17760000,0.888,448,2960000
2026-01-01,2026,1,January,SKU12,Product A,Food,Vanilla,Small,Box,Bandung,2960,14800000,4000,5000,+30%,0.3,3848,19240000,0.962,152,4440000
2026-01-01,2026,1,January,SKU12,Product A,Food,Vanilla,Small,Box,Bandung,2960,14800000,4000,5000,-10%,-0.1,2664,13320000,0.666,1336,-1480000
2026-01-01,2026,1,January,SKU12,Product A,Food,Vanilla,Small,Box,Bandung,2960,14800000,4000,5000,-20%,-0.2,2368,11840000,0.592,1632,-2960000
2026-01-01,2026,1,January,SKU12,Product A,Food,Vanilla,Small,Box,Bandung,2960,14800000,4000,5000,-30%,-0.3,2072,10360000,0.518,1928,-4440000
2026-01-01,2026,1,January,SKU12,Product A,Food,Vanilla,Small,Box,Bandung,2960,14800000,4000,5000,Base,0,2960,14800000,0.74,1040,0
2026-02-01,2026,2,February,SKU01,Product B,Food,Vanilla,Medium,Bottle,Jakarta,870,13050000,5000,15000,+10%,0.1,957.0000000000001,14355000.000000002,0.19140000000000001,4043,1305000.0000000019
2026-02-01,2026,2,February,SKU01,Product B,Food,Vanilla,Medium,Bottle,Jakarta,870,13050000,5000,15000,+20%,0.2,1044,15660000,0.2088,3956,2610000
2026-02-01,2026,2,February,SKU01,Product B,Food,Vanilla,Medium,Bottle,Jakarta,870,13050000,5000,15000,+30%,0.3,1131,16965000,0.2262,3869,3915000
2026-02-01,2026,2,February,SKU01,Product B,Food,Vanilla,Medium,Bottle,Jakarta,870,13050000,5000,15000,-10%,-0.1,783,11745000,0.1566,4217,-1305000
2026-02-01,2026,2,February,SKU01,Product B,Food,Vanilla,Medium,Bottle,Jakarta,870,13050000,5000,15000,-20%,-0.2,696,10440000,0.1392,4304,-2610000
2026-02-01,2026,2,February,SKU01,Product B,Food,Vanilla,Medium,Bottle,Jakarta,870,13050000,5000,15000,-30%,-0.3,609,9135000,0.1218,4391,-3915000
2026-02-01,2026,2,February,SKU01,Product B,Food,Vanilla,Medium,Bottle,Jakarta,870,13050000,5000,15000,Base,0,870,13050000,0.174,4130,0
2026-02-01,2026,2,February,SKU02,Product B,Food,Original,Small,Box,Bandung,3936,39360000,4000,10000,+10%,0.1,4329.6,43296000,1.0824,-329.60000000000036,3936000
2026-02-01,2026,2,February,SKU02,Product B,Food,Original,Small,Box,Bandung,3936,39360000,4000,10000,+20%,0.2,4723.2,47232000,1.1807999999999998,-723.1999999999998,7872000
2026-02-01,2026,2,February,SKU02,Product B,Food,Original,Small,Box,Bandung,3936,39360000,4000,10000,+30%,0.3,5116.8,51168000,1.2792000000000001,-1116.8000000000002,11808000
2026-02-01,2026,2,February,SKU02,Product B,Food,Original,Small,Box,Bandung,3936,39360000,4000,10000,-10%,-0.1,3542.4,35424000,0.8856,457.5999999999999,-3936000
2026-02-01,2026,2,February,SKU02,Product B,Food,Original,Small,Box,Bandung,3936,39360000,4000,10000,-20%,-0.2,3148.8,31488000,0.7872,851.1999999999998,-7872000
2026-02-01,2026,2,February,SKU02,Product B,Food,Original,Small,Box,Bandung,3936,39360000,4000,10000,-30%,-0.3,2755.2,27552000,0.6888,1244.8000000000002,-11808000
2026-02-01,2026,2,February,SKU02,Product B,Food,Original,Small,Box,Bandung,3936,39360000,4000,10000,Base,0,3936,39360000,0.984,64,0
2026-02-01,2026,2,February,SKU03,Product B,Food,Berry,Large,Box,Bandung,2531,37965000,6000,15000,+10%,0.1,2784.1000000000004,41761500.00000001,0.46401666666666674,3215.8999999999996,3796500.0000000075
2026-02-01,2026,2,February,SKU03,Product B,Food,Berry,Large,Box,Bandung,2531,37965000,6000,15000,+20%,0.2,3037.2,45558000,0.5062,2962.8,7593000
2026-02-01,2026,2,February,SKU03,Product B,Food,Berry,Large,Box,Bandung,2531,37965000,6000,15000,+30%,0.3,3290.3,49354500,0.5483833333333333,2709.7,11389500
2026-02-01,2026,2,February,SKU03,Product B,Food,Berry,Large,Box,Bandung,2531,37965000,6000,15000,-10%,-0.1,2277.9,34168500,0.37965,3722.1,-3796500
2026-02-01,2026,2,February,SKU03,Product B,Food,Berry,Large,Box,Bandung,2531,37965000,6000,15000,-20%,-0.2,2024.8000000000002,30372000.000000004,0.3374666666666667,3975.2,-7592999.999999996
2026-02-01,2026,2,February,SKU03,Product B,Food,Berry,Large,Box,Bandung,2531,37965000,6000,15000,-30%,-0.3,1771.6999999999998,26575499.999999996,0.2952833333333333,4228.3,-11389500.000000004
2026-02-01,2026,2,February,SKU03,Product B,Food,Berry,Large,Box,Bandung,2531,37965000,6000,15000,Base,0,2531,37965000,0.42183333333333334,3469,0
2026-02-01,2026,2,February,SKU04,Product B,Food,Berry,Medium,Box,Jakarta,1385,20775000,6000,15000,+10%,0.1,1523.5000000000002,22852500.000000004,0.2539166666666667,4476.5,2077500.0000000037
2026-02-01,2026,2,February,SKU04,Product B,Food,Berry,Medium,Box,Jakarta,1385,20775000,6000,15000,+20%,0.2,1662,24930000,0.277,4338,4155000
2026-02-01,2026,2,February,SKU04,Product B,Food,Berry,Medium,Box,Jakarta,1385,20775000,6000,15000,+30%,0.3,1800.5,27007500,0.3000833333333333,4199.5,6232500
2026-02-01,2026,2,February,SKU04,Product B,Food,Berry,Medium,Box,Jakarta,1385,20775000,6000,15000,-10%,-0.1,1246.5,18697500,0.20775,4753.5,-2077500
2026-02-01,2026,2,February,SKU04,Product B,Food,Berry,Medium,Box,Jakarta,1385,20775000,6000,15000,-20%,-0.2,1108,16620000,0.18466666666666667,4892,-4155000
2026-02-01,2026,2,February,SKU04,Product B,Food,Berry,Medium,Box,Jakarta,1385,20775000,6000,15000,-30%,-0.3,969.4999999999999,14542499.999999998,0.1615833333333333,5030.5,-6232500.000000002
2026-02-01,2026,2,February,SKU04,Product B,Food,Berry,Medium,Box,Jakarta,1385,20775000,6000,15000,Base,0,1385,20775000,0.23083333333333333,4615,0
2026-02-01,2026,2,February,SKU05,Product B,Food,Chocolate,Small,Box,Bandung,3527,26452500,4000,7500,+10%,0.1,3879.7000000000003,29097750.000000004,0.969925,120.29999999999973,2645250.0000000037
2026-02-01,2026,2,February,SKU05,Product B,Food,Chocolate,Small,Box,Bandung,3527,26452500,4000,7500,+20%,0.2,4232.4,31742999.999999996,1.0580999999999998,-232.39999999999964,5290499.999999996
2026-02-01,2026,2,February,SKU05,Product B,Food,Chocolate,Small,Box,Bandung,3527,26452500,4000,7500,+30%,0.3,4585.1,34388250,1.1462750000000002,-585.1000000000004,7935750
2026-02-01,2026,2,February,SKU05,Product B,Food,Chocolate,Small,Box,Bandung,3527,26452500,4000,7500,-10%,-0.1,3174.3,23807250,0.793575,825.6999999999998,-2645250
2026-02-01,2026,2,February,SKU05,Product B,Food,Chocolate,Small,Box,Bandung,3527,26452500,4000,7500,-20%,-0.2,2821.6000000000004,21162000.000000004,0.7054000000000001,1178.3999999999996,-5290499.999999996
2026-02-01,2026,2,February,SKU05,Product B,Food,Chocolate,Small,Box,Bandung,3527,26452500,4000,7500,-30%,-0.3,2468.8999999999996,18516749.999999996,0.6172249999999999,1531.1000000000004,-7935750.000000004
2026-02-01,2026,2,February,SKU05,Product B,Food,Chocolate,Small,Box,Bandung,3527,26452500,4000,7500,Base,0,3527,26452500,0.88175,473,0
2026-02-01,2026,2,February,SKU06,Product B,Food,Original,Medium,Box,Jakarta,3841,38410000,6000,10000,+10%,0.1,4225.1,42251000,0.7041833333333334,1774.8999999999996,3841000
2026-02-01,2026,2,February,SKU06,Product B,Food,Original,Medium,Box,Jakarta,3841,38410000,6000,10000,+20%,0.2,4609.2,46092000,0.7682,1390.8000000000002,7682000
2026-02-01,2026,2,February,SKU06,Product B,Food,Original,Medium,Box,Jakarta,3841,38410000,6000,10000,+30%,0.3,4993.3,49933000,0.8322166666666667,1006.6999999999998,11523000
2026-02-01,2026,2,February,SKU06,Product B,Food,Original,Medium,Box,Jakarta,3841,38410000,6000,10000,-10%,-0.1,3456.9,34569000,0.57615,2543.1,-3841000
2026-02-01,2026,2,February,SKU06,Product B,Food,Original,Medium,Box,Jakarta,3841,38410000,6000,10000,-20%,-0.2,3072.8,30728000,0.5121333333333333,2927.2,-7682000
2026-02-01,2026,2,February,SKU06,Product B,Food,Original,Medium,Box,Jakarta,3841,38410000,6000,10000,-30%,-0.3,2688.7,26887000,0.44811666666666666,3311.3,-11523000
2026-02-01,2026,2,February,SKU06,Product B,Food,Original,Medium,Box,Jakarta,3841,38410000,6000,10000,Base,0,3841,38410000,0.6401666666666667,2159,0
2026-02-01,2026,2,February,SKU07,Product B,Food,Berry,Medium,Box,Jakarta,2205,16537500,5000,7500,+10%,0.1,2425.5,18191250,0.4851,2574.5,1653750
2026-02-01,2026,2,February,SKU07,Product B,Food,Berry,Medium,Box,Jakarta,2205,16537500,5000,7500,+20%,0.2,2646,19845000,0.5292,2354,3307500
2026-02-01,2026,2,February,SKU07,Product B,Food,Berry,Medium,Box,Jakarta,2205,16537500,5000,7500,+30%,0.3,2866.5,21498750,0.5733,2133.5,4961250
2026-02-01,2026,2,February,SKU07,Product B,Food,Berry,Medium,Box,Jakarta,2205,16537500,5000,7500,-10%,-0.1,1984.5,14883750,0.3969,3015.5,-1653750
2026-02-01,2026,2,February,SKU07,Product B,Food,Berry,Medium,Box,Jakarta,2205,16537500,5000,7500,-20%,-0.2,1764,13230000,0.3528,3236,-3307500
2026-02-01,2026,2,February,SKU07,Product B,Food,Berry,Medium,Box,Jakarta,2205,16537500,5000,7500,-30%,-0.3,1543.5,11576250,0.3087,3456.5,-4961250
2026-02-01,2026,2,February,SKU07,Product B,Food,Berry,Medium,Box,Jakarta,2205,16537500,5000,7500,Base,0,2205,16537500,0.441,2795,0
2026-02-01,2026,2,February,SKU08,Product B,Food,Vanilla,Large,Bottle,Bandung,4955,74325000,6000,15000,+10%,0.1,5450.5,81757500,0.90841666666666665,549.5,7432500
2026-02-01,2026,2,February,SKU08,Product B,Food,Vanilla,Large,Bottle,Bandung,4955,74325000,6000,15000,+20%,0.2,5946,89190000,0.991,54,14865000
2026-02-01,2026,2,February,SKU08,Product B,Food,Vanilla,Large,Bottle,Bandung,4955,74325000,6000,15000,+30%,0.3,6441.5,96622500,1.0735833333333333,-441.5,22297500
2026-02-01,2026,2,February,SKU08,Product B,Food,Vanilla,Large,Bottle,Bandung,4955,74325000,6000,15000,-10%,-0.1,4459.5,66892500,0.74325,1540.5,-7432500
2026-02-01,2026,2,February,SKU08,Product B,Food,Vanilla,Large,Bottle,Bandung,4955,74325000,6000,15000,-20%,-0.2,3964,59460000,0.6606666666666666,2036,-14865000
2026-02-01,2026,2,February,SKU08,Product B,Food,Vanilla,Large,Bottle,Bandung,4955,74325000,6000,15000,-30%,-0.3,3468.5,52027500,0.5780833333333333,2531.5,-22297500
2026-02-01,2026,2,February,SKU08,Product B,Food,Vanilla,Large,Bottle,Bandung,4955,74325000,6000,15000,Base,0,4955,74325000,0.8258333333333333,1045,0
2026-02-01,2026,2,February,SKU09,Product B,Food,Chocolate,Small,Bottle,Jakarta,582,8730000,6000,15000,+10%,0.1,640.2,9603000,0.1067,5359.8,873000
2026-02-01,2026,2,February,SKU09,Product B,Food,Chocolate,Small,Bottle,Jakarta,582,8730000,6000,15000,+20%,0.2,698.4,10476000,0.11639999999999999,5301.6,1746000
2026-02-01,2026,2,February,SKU09,Product B,Food,Chocolate,Small,Bottle,Jakarta,582,8730000,6000,15000,+30%,0.3,756.6,11349000,0.12610000000000002,5243.4,2619000
2026-02-01,2026,2,February,SKU09,Product B,Food,Chocolate,Small,Bottle,Jakarta,582,8730000,6000,15000,-10%,-0.1,523.8000000000001,7857000.000000001,0.08730000000000002,5476.2,-872999.9999999991
2026-02-01,2026,2,February,SKU09,Product B,Food,Chocolate,Small,Bottle,Jakarta,582,8730000,6000,15000,-20%,-0.2,465.6,6984000,0.0776,5534.4,-1746000
2026-02-01,2026,2,February,SKU09,Product B,Food,Chocolate,Small,Bottle,Jakarta,582,8730000,6000,15000,-30%,-0.3,407.4,6111000,0.0679,5592.6,-2619000
2026-02-01,2026,2,February,SKU09,Product B,Food,Chocolate,Small,Bottle,Jakarta,582,8730000,6000,15000,Base,0,582,8730000,0.097,5418,0
2026-02-01,2026,2,February,SKU10,Product B,Food,Chocolate,Small,Box,Jakarta,4852,24260000,5000,5000,+10%,0.1,5337.200000000001,26686000.000000004,1.0674400000000002,-337.2000000000007,2426000.0000000037
2026-02-01,2026,2,February,SKU10,Product B,Food,Chocolate,Small,Box,Jakarta,4852,24260000,5000,5000,+20%,0.2,5822.4,29112000,1.16448,-822.3999999999996,4852000
2026-02-01,2026,2,February,SKU10,Product B,Food,Chocolate,Small,Box,Jakarta,4852,24260000,5000,5000,+30%,0.3,6307.6,31538000,1.26152,-1307.6000000000004,7278000
2026-02-01,2026,2,February,SKU10,Product B,Food,Chocolate,Small,Box,Jakarta,4852,24260000,5000,5000,-10%,-0.1,4366.8,21834000,0.87336,633.1999999999998,-2426000
2026-02-01,2026,2,February,SKU10,Product B,Food,Chocolate,Small,Box,Jakarta,4852,24260000,5000,5000,-20%,-0.2,3881.6000000000004,19408000,0.7763200000000001,1118.3999999999996,-4852000
2026-02-01,2026,2,February,SKU10,Product B,Food,Chocolate,Small,Box,Jakarta,4852,24260000,5000,5000,-30%,-0.3,3396.3999999999996,16982000,0.6792799999999999,1603.6000000000004,-7278000
2026-02-01,2026,2,February,SKU10,Product B,Food,Chocolate,Small,Box,Jakarta,4852,24260000,5000,5000,Base,0,4852,24260000,0.9704,148,0
2026-02-01,2026,2,February,SKU11,Product B,Food,Original,Large,Box,Bandung,4817,48170000,4000,10000,+10%,0.1,5298.700000000001,52987000.00000001,1.3246750000000003,-1298.7000000000007,4817000.000000007
2026-02-01,2026,2,February,SKU11,Product B,Food,Original,Large,Box,Bandung,4817,48170000,4000,10000,+20%,0.2,5780.4,57804000,1.4450999999999998,-1780.3999999999996,9634000
2026-02-01,2026,2,February,SKU11,Product B,Food,Original,Large,Box,Bandung,4817,48170000,4000,10000,+30%,0.3,6262.1,62621000,1.565525,-2262.1000000000004,14451000
2026-02-01,2026,2,February,SKU11,Product B,Food,Original,Large,Box,Bandung,4817,48170000,4000,10000,-10%,-0.1,4335.3,43353000,1.083825,-335.3000000000002,-4817000
2026-02-01,2026,2,February,SKU11,Product B,Food,Original,Large,Box,Bandung,4817,48170000,4000,10000,-20%,-0.2,3853.6000000000004,38536000,0.9634000000000001,146.39999999999964,-9634000
2026-02-01,2026,2,February,SKU11,Product B,Food,Original,Large,Box,Bandung,4817,48170000,4000,10000,-30%,-0.3,3371.8999999999996,33719000,0.8429749999999999,628.1000000000004,-14451000
2026-02-01,2026,2,February,SKU11,Product B,Food,Original,Large,Box,Bandung,4817,48170000,4000,10000,Base,0,4817,48170000,1.20425,-817,0
2026-02-01,2026,2,February,SKU12,Product B,Food,Chocolate,Medium,Box,Bandung,522,3915000,6000,7500,+10%,0.1,574.2,4306500,0.09570000000000001,5425.8,391500
2026-02-01,2026,2,February,SKU12,Product B,Food,Chocolate,Medium,Box,Bandung,522,3915000,6000,7500,+20%,0.2,626.4,4698000,0.10439999999999999,5373.6,783000
2026-02-01,2026,2,February,SKU12,Product B,Food,Chocolate,Medium,Box,Bandung,522,3915000,6000,7500,+30%,0.3,678.6,5089500,0.1131,5321.4,1174500
2026-02-01,2026,2,February,SKU12,Product B,Food,Chocolate,Medium,Box,Bandung,522,3915000,6000,7500,-10%,-0.1,469.8,3523500,0.07830000000000001,5530.2,-391500
2026-02-01,2026,2,February,SKU12,Product B,Food,Chocolate,Medium,Box,Bandung,522,3915000,6000,7500,-20%,-0.2,417.6,3132000,0.06960000000000001,5582.4,-783000
2026-02-01,2026,2,February,SKU12,Product B,Food,Chocolate,Medium,Box,Bandung,522,3915000,6000,7500,-30%,-0.3,365.4,2740500,0.060899999999999996,5634.6,-1174500
2026-02-01,2026,2,February,SKU12,Product B,Food,Chocolate,Medium,Box,Bandung,522,3915000,6000,7500,Base,0,522,3915000,0.087,5478,0
2026-03-01,2026,3,March,SKU01,Product C,Drink,Original,Large,Bottle,Bandung,849,6367500,4000,7500,+10%,0.1,933.9000000000001,7004250.000000001,0.23347500000000002,3066.1,636750.0000000009
2026-03-01,2026,3,March,SKU01,Product C,Drink,Original,Large,Bottle,Bandung,849,6367500,4000,7500,+20%,0.2,1018.8,7641000,0.2547,2981.2,1273500
2026-03-01,2026,3,March,SKU01,Product C,Drink,Original,Large,Bottle,Bandung,849,6367500,4000,7500,+30%,0.3,1103.7,8277750,0.27592500000000003,2896.3,1910250
2026-03-01,2026,3,March,SKU01,Product C,Drink,Original,Large,Bottle,Bandung,849,6367500,4000,7500,-10%,-0.1,764.1,5730750,0.191025,3235.9,-636750
2026-03-01,2026,3,March,SKU01,Product C,Drink,Original,Large,Bottle,Bandung,849,6367500,4000,7500,-20%,-0.2,679.2,5094000,0.1698,3320.8,-1273500
2026-03-01,2026,3,March,SKU01,Product C,Drink,Original,Large,Bottle,Bandung,849,6367500,4000,7500,-30%,-0.3,594.3,4457250,0.14857499999999998,3405.7,-1910250
2026-03-01,2026,3,March,SKU01,Product C,Drink,Original,Large,Bottle,Bandung,849,6367500,4000,7500,Base,0,849,6367500,0.21225,3151,0
2026-03-01,2026,3,March,SKU02,Product C,Drink,Original,Medium,Box,Jakarta,1454,10905000,6000,7500,+10%,0.1,1599.4,11995500,0.2665666666666667,4400.6,1090500
2026-03-01,2026,3,March,SKU02,Product C,Drink,Original,Medium,Box,Jakarta,1454,10905000,6000,7500,+20%,0.2,1744.8,13086000,0.2908,4255.2,2181000
2026-03-01,2026,3,March,SKU02,Product C,Drink,Original,Medium,Box,Jakarta,1454,10905000,6000,7500,+30%,0.3,1890.2,14176500,0.31503333333333333,4109.8,3271500
2026-03-01,2026,3,March,SKU02,Product C,Drink,Original,Medium,Box,Jakarta,1454,10905000,6000,7500,-10%,-0.1,1308.6000000000001,9814500.000000002,0.21810000000000002,4691.4,-1090499.9999999981
2026-03-01,2026,3,March,SKU02,Product C,Drink,Original,Medium,Box,Jakarta,1454,10905000,6000,7500,-20%,-0.2,1163.2,8724000,0.1938666666666667,4836.8,-2181000
2026-03-01,2026,3,March,SKU02,Product C,Drink,Original,Medium,Box,Jakarta,1454,10905000,6000,7500,-30%,-0.3,1017.8,7633500,0.16963333333333333,4982.2,-3271500
2026-03-01,2026,3,March,SKU02,Product C,Drink,Original,Medium,Box,Jakarta,1454,10905000,6000,7500,Base,0,1454,10905000,0.24233333333333335,4546,0
2026-03-01,2026,3,March,SKU03,Product C,Drink,Vanilla,Small,Bottle,Bandung,3303,24772500,6000,7500,+10%,0.1,3633.3,27249750,0.60555,2366.7,2477250
2026-03-01,2026,3,March,SKU03,Product C,Drink,Vanilla,Small,Bottle,Bandung,3303,24772500,6000,7500,+20%,0.2,3963.6,29727000,0.6606,2036.4,4954500
2026-03-01,2026,3,March,SKU03,Product C,Drink,Vanilla,Small,Bottle,Bandung,3303,24772500,6000,7500,+30%,0.3,4293.9000000000005,32204250.000000004,0.7156500000000001,1706.0999999999995,7431750.000000004
2026-03-01,2026,3,March,SKU03,Product C,Drink,Vanilla,Small,Bottle,Bandung,3303,24772500,6000,7500,-10%,-0.1,2972.7000000000003,22295250.000000004,0.49545000000000006,3027.2999999999997,-2477249.9999999963
2026-03-01,2026,3,March,SKU03,Product C,Drink,Vanilla,Small,Bottle,Bandung,3303,24772500,6000,7500,-20%,-0.2,2642.4,19818000,0.4404,3357.6,-4954500
2026-03-01,2026,3,March,SKU03,Product C,Drink,Vanilla,Small,Bottle,Bandung,3303,24772500,6000,7500,-30%,-0.3,2312.1,17340750,0.38534999999999997,3687.9,-7431750
2026-03-01,2026,3,March,SKU03,Product C,Drink,Vanilla,Small,Bottle,Bandung,3303,24772500,6000,7500,Base,0,3303,24772500,0.5505,2697,0
2026-03-01,2026,3,March,SKU04,Product C,Drink,Berry,Medium,Bottle,Jakarta,1002,10020000,5000,10000,+10%,0.1,1102.2,11022000,0.22044,3897.8,1002000
2026-03-01,2026,3,March,SKU04,Product C,Drink,Berry,Medium,Bottle,Jakarta,1002,10020000,5000,10000,+20%,0.2,1202.3999999999999,12023999.999999998,0.24047999999999997,3797.6000000000004,2003999.9999999981
2026-03-01,2026,3,March,SKU04,Product C,Drink,Berry,Medium,Bottle,Jakarta,1002,10020000,5000,10000,+30%,0.3,1302.6000000000001,13026000.000000002,0.26052000000000003,3697.3999999999996,3006000.000000002
2026-03-01,2026,3,March,SKU04,Product C,Drink,Berry,Medium,Bottle,Jakarta,1002,10020000,5000,10000,-10%,-0.1,901.8000000000001,9018000,0.18036000000000002,4098.2,-1002000
2026-03-01,2026,3,March,SKU04,Product C,Drink,Berry,Medium,Bottle,Jakarta,1002,10020000,5000,10000,-20%,-0.2,801.6,8016000,0.16032000000000002,4198.4,-2004000
2026-03-01,2026,3,March,SKU04,Product C,Drink,Berry,Medium,Bottle,Jakarta,1002,10020000,5000,10000,-30%,-0.3,701.4,7014000,0.14028,4298.6,-3006000
2026-03-01,2026,3,March,SKU04,Product C,Drink,Berry,Medium,Bottle,Jakarta,1002,10020000,5000,10000,Base,0,1002,10020000,0.2004,3998,0
2026-03-01,2026,3,March,SKU05,Product C,Drink,Berry,Medium,Box,Bandung,1020,15300000,6000,15000,+10%,0.1,1122,16830000,0.187,4878,1530000
2026-03-01,2026,3,March,SKU05,Product C,Drink,Berry,Medium,Box,Bandung,1020,15300000,6000,15000,+20%,0.2,1224,18360000,0.204,4776,3060000
2026-03-01,2026,3,March,SKU05,Product C,Drink,Berry,Medium,Box,Bandung,1020,15300000,6000,15000,+30%,0.3,1326,19890000,0.221,4674,4590000
2026-03-01,2026,3,March,SKU05,Product C,Drink,Berry,Medium,Box,Bandung,1020,15300000,6000,15000,-10%,-0.1,918,13770000,0.153,5082,-1530000
2026-03-01,2026,3,March,SKU05,Product C,Drink,Berry,Medium,Box,Bandung,1020,15300000,6000,15000,-20%,-0.2,816,12240000,0.136,5184,-3060000
2026-03-01,2026,3,March,SKU05,Product C,Drink,Berry,Medium,Box,Bandung,1020,15300000,6000,15000,-30%,-0.3,714,10710000,0.119,5286,-4590000
2026-03-01,2026,3,March,SKU05,Product C,Drink,Berry,Medium,Box,Bandung,1020,15300000,6000,15000,Base,0,1020,15300000,0.17,4980,0
2026-03-01,2026,3,March,SKU06,Product C,Drink,Berry,Small,Box,Jakarta,4820,48200000,6000,10000,+10%,0.1,5302,53020000,0.8836666666666667,698,4820000
2026-03-01,2026,3,March,SKU06,Product C,Drink,Berry,Small,Box,Jakarta,4820,48200000,6000,10000,+20%,0.2,5784,57840000,0.964,216,9640000
2026-03-01,2026,3,March,SKU06,Product C,Drink,Berry,Small,Box,Jakarta,4820,48200000,6000,10000,+30%,0.3,6266,62660000,1.0443333333333333,-266,14460000
2026-03-01,2026,3,March,SKU06,Product C,Drink,Berry,Small,Box,Jakarta,4820,48200000,6000,10000,-10%,-0.1,4338,43380000,0.723,1662,-4820000
2026-03-01,2026,3,March,SKU06,Product C,Drink,Berry,Small,Box,Jakarta,4820,48200000,6000,10000,-20%,-0.2,3856,38560000,0.6426666666666667,2144,-9640000
2026-03-01,2026,3,March,SKU06,Product C,Drink,Berry,Small,Box,Jakarta,4820,48200000,6000,10000,-30%,-0.3,3374,33740000,0.5623333333333334,2626,-14460000
2026-03-01,2026,3,March,SKU06,Product C,Drink,Berry,Small,Box,Jakarta,4820,48200000,6000,10000,Base,0,4820,48200000,0.8033333333333333,1180,0
2026-03-01,2026,3,March,SKU07,Product C,Drink,Chocolate,Medium,Box,Bandung,1121,16815000,6000,15000,+10%,0.1,1233.1000000000001,18496500.000000004,0.20551666666666668,4766.9,1681500.0000000037
2026-03-01,2026,3,March,SKU07,Product C,Drink,Chocolate,Medium,Box,Bandung,1121,16815000,6000,15000,+20%,0.2,1345.2,20178000,0.2242,4654.8,3363000
2026-03-01,2026,3,March,SKU07,Product C,Drink,Chocolate,Medium,Box,Bandung,1121,16815000,6000,15000,+30%,0.3,1457.3,21859500,0.2428833333333333,4542.7,5044500
2026-03-01,2026,3,March,SKU07,Product C,Drink,Chocolate,Medium,Box,Bandung,1121,16815000,6000,15000,-10%,-0.1,1008.9,15133500,0.16815,4991.1,-1681500
2026-03-01,2026,3,March,SKU07,Product C,Drink,Chocolate,Medium,Box,Bandung,1121,16815000,6000,15000,-20%,-0.2,896.8000000000001,13452000.000000002,0.14946666666666666,5103.2,-3362999.999999998
2026-03-01,2026,3,March,SKU07,Product C,Drink,Chocolate,Medium,Box,Bandung,1121,16815000,6000,15000,-30%,-0.3,784.6999999999999,11770499.999999998,0.13078333333333333,5215.3,-5044500.000000002
2026-03-01,2026,3,March,SKU07,Product C,Drink,Chocolate,Medium,Box,Bandung,1121,16815000,6000,15000,Base,0,1121,16815000,0.18683333333333332,4879,0
2026-03-01,2026,3,March,SKU08,Product C,Drink,Vanilla,Medium,Bottle,Jakarta,3854,28905000,4000,7500,+10%,0.1,4239.4000000000005,31795500.000000004,1.0598500000000002,-239.40000000000055,2890500.0000000037
2026-03-01,2026,3,March,SKU08,Product C,Drink,Vanilla,Medium,Bottle,Jakarta,3854,28905000,4000,7500,+20%,0.2,4624.8,34686000,1.1562000000000001,-624.8000000000002,5781000
2026-03-01,2026,3,March,SKU08,Product C,Drink,Vanilla,Medium,Bottle,Jakarta,3854,28905000,4000,7500,+30%,0.3,5010.2,37576500,1.25255,-1010.1999999999998,8671500
2026-03-01,2026,3,March,SKU08,Product C,Drink,Vanilla,Medium,Bottle,Jakarta,3854,28905000,4000,7500,-10%,-0.1,3468.6,26014500,0.86715,531.4000000000001,-2890500
2026-03-01,2026,3,March,SKU08,Product C,Drink,Vanilla,Medium,Bottle,Jakarta,3854,28905000,4000,7500,-20%,-0.2,3083.2000000000003,23124000.000000004,0.7708,916.7999999999997,-5780999.999999996
2026-03-01,2026,3,March,SKU08,Product C,Drink,Vanilla,Medium,Bottle,Jakarta,3854,28905000,4000,7500,-30%,-0.3,2697.7999999999997,20233499.999999996,0.6744499999999999,1302.2000000000003,-8671500.000000004
2026-03-01,2026,3,March,SKU08,Product C,Drink,Vanilla,Medium,Bottle,Jakarta,3854,28905000,4000,7500,Base,0,3854,28905000,0.9635,146,0
2026-03-01,2026,3,March,SKU09,Product C,Drink,Original,Large,Bottle,Jakarta,1285,19275000,4000,15000,+10%,0.1,1413.5000000000002,21202500.000000004,0.35337500000000005,2586.5,1927500.0000000037
2026-03-01,2026,3,March,SKU09,Product C,Drink,Original,Large,Bottle,Jakarta,1285,19275000,4000,15000,+20%,0.2,1542,23130000,0.3855,2458,3855000
2026-03-01,2026,3,March,SKU09,Product C,Drink,Original,Large,Bottle,Jakarta,1285,19275000,4000,15000,+30%,0.3,1670.5,25057500,0.417625,2329.5,5782500
2026-03-01,2026,3,March,SKU09,Product C,Drink,Original,Large,Bottle,Jakarta,1285,19275000,4000,15000,-10%,-0.1,1156.5,17347500,0.289125,2843.5,-1927500
2026-03-01,2026,3,March,SKU09,Product C,Drink,Original,Large,Bottle,Jakarta,1285,19275000,4000,15000,-20%,-0.2,1028,15420000,0.257,2972,-3855000
2026-03-01,2026,3,March,SKU09,Product C,Drink,Original,Large,Bottle,Jakarta,1285,19275000,4000,15000,-30%,-0.3,899.4999999999999,13492499.999999998,0.22487499999999996,3100.5,-5782500.000000002
2026-03-01,2026,3,March,SKU09,Product C,Drink,Original,Large,Bottle,Jakarta,1285,19275000,4000,15000,Base,0,1285,19275000,0.32125,2715,0
2026-03-01,2026,3,March,SKU10,Product C,Drink,Chocolate,Large,Bottle,Bandung,1670,25050000,5000,15000,+10%,0.1,1837.0000000000002,27555000.000000004,0.36740000000000006,3163,2505000.0000000037
2026-03-01,2026,3,March,SKU10,Product C,Drink,Chocolate,Large,Bottle,Bandung,1670,25050000,5000,15000,+20%,0.2,2004,30060000,0.4008,2996,5010000
2026-03-01,2026,3,March,SKU10,Product C,Drink,Chocolate,Large,Bottle,Bandung,1670,25050000,5000,15000,+30%,0.3,2171,32565000,0.4342,2829,7515000
2026-03-01,2026,3,March,SKU10,Product C,Drink,Chocolate,Large,Bottle,Bandung,1670,25050000,5000,15000,-10%,-0.1,1503,22545000,0.3006,3497,-2505000
2026-03-01,2026,3,March,SKU10,Product C,Drink,Chocolate,Large,Bottle,Bandung,1670,25050000,5000,15000,-20%,-0.2,1336,20040000,0.2672,3664,-5010000
2026-03-01,2026,3,March,SKU10,Product C,Drink,Chocolate,Large,Bottle,Bandung,1670,25050000,5000,15000,-30%,-0.3,1169,17535000,0.2338,3831,-7515000
2026-03-01,2026,3,March,SKU10,Product C,Drink,Chocolate,Large,Bottle,Bandung,1670,25050000,5000,15000,Base,0,1670,25050000,0.334,3330,0
2026-03-01,2026,3,March,SKU11,Product C,Drink,Original,Medium,Box,Jakarta,4743,71145000,6000,15000,+10%,0.1,5217.3,78259500,0.86955,782.6999999999998,7114500
2026-03-01,2026,3,March,SKU11,Product C,Drink,Original,Medium,Box,Jakarta,4743,71145000,6000,15000,+20%,0.2,5691.5999999999995,85373999.99999999,0.9485999999999999,308.40000000000055,14228999.999999985
2026-03-01,2026,3,March,SKU11,Product C,Drink,Original,Medium,Box,Jakarta,4743,71145000,6000,15000,+30%,0.3,6165.9000000000005,92488500.00000001,1.0276500000000002,-165.90000000000055,21343500.000000015
2026-03-01,2026,3,March,SKU11,Product C,Drink,Original,Medium,Box,Jakarta,4743,71145000,6000,15000,-10%,-0.1,4268.7,64030500,0.7114499999999999,1731.3000000000002,-7114500
2026-03-01,2026,3,March,SKU11,Product C,Drink,Original,Medium,Box,Jakarta,4743,71145000,6000,15000,-20%,-0.2,3794.4,56916000,0.6324,2205.6,-14229000
2026-03-01,2026,3,March,SKU11,Product C,Drink,Original,Medium,Box,Jakarta,4743,71145000,6000,15000,-30%,-0.3,3320.1,49801500,0.55335,2679.9,-21343500
2026-03-01,2026,3,March,SKU11,Product C,Drink,Original,Medium,Box,Jakarta,4743,71145000,6000,15000,Base,0,4743,71145000,0.7905,1257,0
2026-03-01,2026,3,March,SKU12,Product C,Drink,Chocolate,Large,Box,Bandung,2166,10830000,4000,5000,+10%,0.1,2382.6000000000004,11913000.000000002,0.5956500000000001,1617.3999999999996,1083000.0000000019
2026-03-01,2026,3,March,SKU12,Product C,Drink,Chocolate,Large,Box,Bandung,2166,10830000,4000,5000,+20%,0.2,2599.2,12996000,0.6497999999999999,1400.8000000000002,2166000
2026-03-01,2026,3,March,SKU12,Product C,Drink,Chocolate,Large,Box,Bandung,2166,10830000,4000,5000,+30%,0.3,2815.8,14079000,0.7039500000000001,1184.1999999999998,3249000
2026-03-01,2026,3,March,SKU12,Product C,Drink,Chocolate,Large,Box,Bandung,2166,10830000,4000,5000,-10%,-0.1,1949.4,9747000,0.48735,2050.6,-1083000
2026-03-01,2026,3,March,SKU12,Product C,Drink,Chocolate,Large,Box,Bandung,2166,10830000,4000,5000,-20%,-0.2,1732.8000000000002,8664000,0.43320000000000003,2267.2,-2166000
2026-03-01,2026,3,March,SKU12,Product C,Drink,Chocolate,Large,Box,Bandung,2166,10830000,4000,5000,-30%,-0.3,1516.1999999999998,7580999.999999999,0.37904999999999994,2483.8,-3249000.000000001
2026-03-01,2026,3,March,SKU12,Product C,Drink,Chocolate,Large,Box,Bandung,2166,10830000,4000,5000,Base,0,2166,10830000,0.5415,1834,0
2026-04-01,2026,4,April,SKU01,Product D,Drink,Berry,Medium,Box,Jakarta,3592,17960000,4000,5000,+10%,0.1,3951.2000000000003,19756000,0.9878000000000001,48.79999999999973,1796000
2026-04-01,2026,4,April,SKU01,Product D,Drink,Berry,Medium,Box,Jakarta,3592,17960000,4000,5000,+20%,0.2,4310.4,21552000,1.0776,-310.39999999999964,3592000
2026-04-01,2026,4,April,SKU01,Product D,Drink,Berry,Medium,Box,Jakarta,3592,17960000,4000,5000,+30%,0.3,4669.6,23348000,1.1674,-669.6000000000004,5388000
2026-04-01,2026,4,April,SKU01,Product D,Drink,Berry,Medium,Box,Jakarta,3592,17960000,4000,5000,-10%,-0.1,3232.8,16164000,0.8082,767.1999999999998,-1796000
2026-04-01,2026,4,April,SKU01,Product D,Drink,Berry,Medium,Box,Jakarta,3592,17960000,4000,5000,-20%,-0.2,2873.6000000000004,14368000.000000002,0.7184,1126.3999999999996,-3591999.999999998
2026-04-01,2026,4,April,SKU01,Product D,Drink,Berry,Medium,Box,Jakarta,3592,17960000,4000,5000,-30%,-0.3,2514.3999999999996,12571999.999999998,0.6285999999999999,1485.6000000000004,-5388000.000000002
2026-04-01,2026,4,April,SKU01,Product D,Drink,Berry,Medium,Box,Jakarta,3592,17960000,4000,5000,Base,0,3592,17960000,0.898,408,0
2026-04-01,2026,4,April,SKU02,Product D,Drink,Vanilla,Medium,Bottle,Jakarta,1706,12795000,5000,7500,+10%,0.1,1876.6000000000001,14074500.000000002,0.37532000000000004,3123.3999999999996,1279500.0000000019
2026-04-01,2026,4,April,SKU02,Product D,Drink,Vanilla,Medium,Bottle,Jakarta,1706,12795000,5000,7500,+20%,0.2,2047.1999999999998,15353999.999999998,0.40943999999999997,2952.8,2558999.999999998
2026-04-01,2026,4,April,SKU02,Product D,Drink,Vanilla,Medium,Bottle,Jakarta,1706,12795000,5000,7500,+30%,0.3,2217.8,16633500.000000002,0.44356,2782.2,3838500.000000002
2026-04-01,2026,4,April,SKU02,Product D,Drink,Vanilla,Medium,Bottle,Jakarta,1706,12795000,5000,7500,-10%,-0.1,1535.4,11515500,0.30708,3464.6,-1279500
2026-04-01,2026,4,April,SKU02,Product D,Drink,Vanilla,Medium,Bottle,Jakarta,1706,12795000,5000,7500,-20%,-0.2,1364.8000000000002,10236000.000000002,0.27296000000000004,3635.2,-2558999.999999998
2026-04-01,2026,4,April,SKU02,Product D,Drink,Vanilla,Medium,Bottle,Jakarta,1706,12795000,5000,7500,-30%,-0.3,1194.1999999999998,8956499.999999998,0.23883999999999997,3805.8,-3838500.000000002
2026-04-01,2026,4,April,SKU02,Product D,Drink,Vanilla,Medium,Bottle,Jakarta,1706,12795000,5000,7500,Base,0,1706,12795000,0.3412,3294,0
2026-04-01,2026,4,April,SKU03,Product D,Drink,Vanilla,Small,Bottle,Jakarta,1630,12225000,4000,7500,+10%,0.1,1793.0000000000002,13447500.000000002,0.44825000000000004,2207,1222500.0000000019
2026-04-01,2026,4,April,SKU03,Product D,Drink,Vanilla,Small,Bottle,Jakarta,1630,12225000,4000,7500,+20%,0.2,1956,14670000,0.489,2044,2445000
2026-04-01,2026,4,April,SKU03,Product D,Drink,Vanilla,Small,Bottle,Jakarta,1630,12225000,4000,7500,+30%,0.3,2119,15892500,0.52975,1881,3667500
2026-04-01,2026,4,April,SKU03,Product D,Drink,Vanilla,Small,Bottle,Jakarta,1630,12225000,4000,7500,-10%,-0.1,1467,11002500,0.36675,2533,-1222500
2026-04-01,2026,4,April,SKU03,Product D,Drink,Vanilla,Small,Bottle,Jakarta,1630,12225000,4000,7500,-20%,-0.2,1304,9780000,0.326,2696,-2445000
2026-04-01,2026,4,April,SKU03,Product D,Drink,Vanilla,Small,Bottle,Jakarta,1630,12225000,4000,7500,-30%,-0.3,1141,8557500,0.28525,2859,-3667500
2026-04-01,2026,4,April,SKU03,Product D,Drink,Vanilla,Small,Bottle,Jakarta,1630,12225000,4000,7500,Base,0,1630,12225000,0.4075,2370,0
2026-04-01,2026,4,April,SKU04,Product D,Drink,Original,Medium,Bottle,Bandung,1628,24420000,4000,15000,+10%,0.1,1790.8000000000002,26862000.000000004,0.44770000000000004,2209.2,2442000.0000000037
2026-04-01,2026,4,April,SKU04,Product D,Drink,Original,Medium,Bottle,Bandung,1628,24420000,4000,15000,+20%,0.2,1953.6,29304000,0.4884,2046.4,4884000
2026-04-01,2026,4,April,SKU04,Product D,Drink,Original,Medium,Bottle,Bandung,1628,24420000,4000,15000,+30%,0.3,2116.4,31746000,0.5291,1883.6,7326000
2026-04-01,2026,4,April,SKU04,Product D,Drink,Original,Medium,Bottle,Bandung,1628,24420000,4000,15000,-10%,-0.1,1465.2,21978000,0.3663,2534.8,-2442000
2026-04-01,2026,4,April,SKU04,Product D,Drink,Original,Medium,Bottle,Bandung,1628,24420000,4000,15000,-20%,-0.2,1302.4,19536000,0.3256,2697.6,-4884000
2026-04-01,2026,4,April,SKU04,Product D,Drink,Original,Medium,Bottle,Bandung,1628,24420000,4000,15000,-30%,-0.3,1139.6,17094000,0.2849,2860.4,-7326000
2026-04-01,2026,4,April,SKU04,Product D,Drink,Original,Medium,Bottle,Bandung,1628,24420000,4000,15000,Base,0,1628,24420000,0.407,2372,0
2026-04-01,2026,4,April,SKU05,Product D,Drink,Original,Small,Bottle,Jakarta,4331,64965000,4000,15000,+10%,0.1,4764.1,71461500,1.191025,-764.1000000000004,6496500
2026-04-01,2026,4,April,SKU05,Product D,Drink,Original,Small,Bottle,Jakarta,4331,64965000,4000,15000,+20%,0.2,5197.2,77958000,1.2993,-1197.1999999999998,12993000
2026-04-01,2026,4,April,SKU05,Product D,Drink,Original,Small,Bottle,Jakarta,4331,64965000,4000,15000,+30%,0.3,5630.3,84454500,1.407575,-1630.3000000000002,19489500
2026-04-01,2026,4,April,SKU05,Product D,Drink,Original,Small,Bottle,Jakarta,4331,64965000,4000,15000,-10%,-0.1,3897.9,58468500,0.974475,102.09999999999991,-6496500
2026-04-01,2026,4,April,SKU05,Product D,Drink,Original,Small,Bottle,Jakarta,4331,64965000,4000,15000,-20%,-0.2,3464.8,51972000,0.8662000000000001,535.1999999999998,-12993000
2026-04-01,2026,4,April,SKU05,Product D,Drink,Original,Small,Bottle,Jakarta,4331,64965000,4000,15000,-30%,-0.3,3031.7,45475500,0.757925,968.3000000000002,-19489500
2026-04-01,2026,4,April,SKU05,Product D,Drink,Original,Small,Bottle,Jakarta,4331,64965000,4000,15000,Base,0,4331,64965000,1.08275,-331,0
2026-04-01,2026,4,April,SKU06,Product D,Drink,Vanilla,Large,Bottle,Jakarta,2371,17782500,6000,7500,+10%,0.1,2608.1000000000004,19560750.000000004,0.4346833333333334,3391.8999999999996,1778250.0000000037
2026-04-01,2026,4,April,SKU06,Product D,Drink,Vanilla,Large,Bottle,Jakarta,2371,17782500,6000,7500,+20%,0.2,2845.2,21339000,0.47419999999999995,3154.8,3556500
2026-04-01,2026,4,April,SKU06,Product D,Drink,Vanilla,Large,Bottle,Jakarta,2371,17782500,6000,7500,+30%,0.3,3082.3,23117250,0.5137166666666667,2917.7,5334750
2026-04-01,2026,4,April,SKU06,Product D,Drink,Vanilla,Large,Bottle,Jakarta,2371,17782500,6000,7500,-10%,-0.1,2133.9,16004250,0.35565,3866.1,-1778250
2026-04-01,2026,4,April,SKU06,Product D,Drink,Vanilla,Large,Bottle,Jakarta,2371,17782500,6000,7500,-20%,-0.2,1896.8000000000002,14226000.000000002,0.3161333333333334,4103.2,-3556499.999999998
2026-04-01,2026,4,April,SKU06,Product D,Drink,Vanilla,Large,Bottle,Jakarta,2371,17782500,6000,7500,-30%,-0.3,1659.6999999999998,12447749.999999998,0.2766166666666666,4340.3,-5334750.000000002
2026-04-01,2026,4,April,SKU06,Product D,Drink,Vanilla,Large,Bottle,Jakarta,2371,17782500,6000,7500,Base,0,2371,17782500,0.39516666666666667,3629,0
2026-04-01,2026,4,April,SKU07,Product D,Drink,Original,Medium,Bottle,Bandung,1174,8805000,6000,7500,+10%,0.1,1291.4,9685500,0.21523333333333336,4708.6,880500
2026-04-01,2026,4,April,SKU07,Product D,Drink,Original,Medium,Bottle,Bandung,1174,8805000,6000,7500,+20%,0.2,1408.8,10566000,0.23479999999999998,4591.2,1761000
2026-04-01,2026,4,April,SKU07,Product D,Drink,Original,Medium,Bottle,Bandung,1174,8805000,6000,7500,+30%,0.3,1526.2,11446500,0.2543666666666667,4473.8,2641500
2026-04-01,2026,4,April,SKU07,Product D,Drink,Original,Medium,Bottle,Bandung,1174,8805000,6000,7500,-10%,-0.1,1056.6000000000001,7924500.000000001,0.17610000000000003,4943.4,-880499.9999999991
2026-04-01,2026,4,April,SKU07,Product D,Drink,Original,Medium,Bottle,Bandung,1174,8805000,6000,7500,-20%,-0.2,939.2,7044000,0.15653333333333333,5060.8,-1761000
2026-04-01,2026,4,April,SKU07,Product D,Drink,Original,Medium,Bottle,Bandung,1174,8805000,6000,7500,-30%,-0.3,821.8,6163500,0.13696666666666665,5178.2,-2641500
2026-04-01,2026,4,April,SKU07,Product D,Drink,Original,Medium,Bottle,Bandung,1174,8805000,6000,7500,Base,0,1174,8805000,0.19566666666666666,4826,0
2026-04-01,2026,4,April,SKU08,Product D,Drink,Chocolate,Large,Bottle,Bandung,2465,36975000,6000,15000,+10%,0.1,2711.5,40672500,0.4519166666666667,3288.5,3697500
2026-04-01,2026,4,April,SKU08,Product D,Drink,Chocolate,Large,Bottle,Bandung,2465,36975000,6000,15000,+20%,0.2,2958,44370000,0.493,3042,7395000
2026-04-01,2026,4,April,SKU08,Product D,Drink,Chocolate,Large,Bottle,Bandung,2465,36975000,6000,15000,+30%,0.3,3204.5,48067500,0.5340833333333334,2795.5,11092500
2026-04-01,2026,4,April,SKU08,Product D,Drink,Chocolate,Large,Bottle,Bandung,2465,36975000,6000,15000,-10%,-0.1,2218.5,33277500,0.36975,3781.5,-3697500
2026-04-01,2026,4,April,SKU08,Product D,Drink,Chocolate,Large,Bottle,Bandung,2465,36975000,6000,15000,-20%,-0.2,1972,29580000,0.32866666666666666,4028,-7395000
2026-04-01,2026,4,April,SKU08,Product D,Drink,Chocolate,Large,Bottle,Bandung,2465,36975000,6000,15000,-30%,-0.3,1725.5,25882500,0.28758333333333336,4274.5,-11092500
2026-04-01,2026,4,April,SKU08,Product D,Drink,Chocolate,Large,Bottle,Bandung,2465,36975000,6000,15000,Base,0,2465,36975000,0.41083333333333333,3535,0
2026-04-01,2026,4,April,SKU09,Product D,Drink,Berry,Small,Box,Bandung,3194,31940000,5000,10000,+10%,0.1,3513.4,35134000,0.70268,1486.6,3194000
2026-04-01,2026,4,April,SKU09,Product D,Drink,Berry,Small,Box,Bandung,3194,31940000,5000,10000,+20%,0.2,3832.7999999999997,38328000,0.7665599999999999,1167.2000000000003,6388000
2026-04-01,2026,4,April,SKU09,Product D,Drink,Berry,Small,Box,Bandung,3194,31940000,5000,10000,+30%,0.3,4152.2,41522000,0.83044,847.8000000000002,9582000
2026-04-01,2026,4,April,SKU09,Product D,Drink,Berry,Small,Box,Bandung,3194,31940000,5000,10000,-10%,-0.1,2874.6,28746000,0.57492,2125.4,-3194000
2026-04-01,2026,4,April,SKU09,Product D,Drink,Berry,Small,Box,Bandung,3194,31940000,5000,10000,-20%,-0.2,2555.2000000000003,25552000.000000004,0.51104,2444.7999999999997,-6387999.999999996
2026-04-01,2026,4,April,SKU09,Product D,Drink,Berry,Small,Box,Bandung,3194,31940000,5000,10000,-30%,-0.3,2235.7999999999997,22357999.999999996,0.44715999999999995,2764.2000000000003,-9582000.000000004
2026-04-01,2026,4,April,SKU09,Product D,Drink,Berry,Small,Box,Bandung,3194,31940000,5000,10000,Base,0,3194,31940000,0.6388,1806,0
2026-04-01,2026,4,April,SKU10,Product D,Drink,Chocolate,Medium,Bottle,Jakarta,3443,51645000,5000,15000,+10%,0.1,3787.3,56809500,0.75746,1212.6999999999998,5164500
2026-04-01,2026,4,April,SKU10,Product D,Drink,Chocolate,Medium,Bottle,Jakarta,3443,51645000,5000,15000,+20%,0.2,4131.5999999999995,61973999.99999999,0.8263199999999999,868.4000000000005,10328999.999999993
2026-04-01,2026,4,April,SKU10,Product D,Drink,Chocolate,Medium,Bottle,Jakarta,3443,51645000,5000,15000,+30%,0.3,4475.9000000000005,67138500.00000001,0.8951800000000001,524.0999999999995,15493500.000000015
2026-04-01,2026,4,April,SKU10,Product D,Drink,Chocolate,Medium,Bottle,Jakarta,3443,51645000,5000,15000,-10%,-0.1,3098.7000000000003,46480500.00000001,0.6197400000000001,1901.2999999999997,-5164499.999999993
2026-04-01,2026,4,April,SKU10,Product D,Drink,Chocolate,Medium,Bottle,Jakarta,3443,51645000,5000,15000,-20%,-0.2,2754.4,41316000,0.55088,2245.6,-10329000
2026-04-01,2026,4,April,SKU10,Product D,Drink,Chocolate,Medium,Bottle,Jakarta,3443,51645000,5000,15000,-30%,-0.3,2410.1,36151500,0.48202,2589.9,-15493500
2026-04-01,2026,4,April,SKU10,Product D,Drink,Chocolate,Medium,Bottle,Jakarta,3443,51645000,5000,15000,Base,0,3443,51645000,0.6886,1557,0
2026-04-01,2026,4,April,SKU11,Product D,Drink,Original,Small,Bottle,Jakarta,2540,38100000,5000,15000,+10%,0.1,2794,41910000,0.5588,2206,3810000
2026-04-01,2026,4,April,SKU11,Product D,Drink,Original,Small,Bottle,Jakarta,2540,38100000,5000,15000,+20%,0.2,3048,45720000,0.6096,1952,7620000
2026-04-01,2026,4,April,SKU11,Product D,Drink,Original,Small,Bottle,Jakarta,2540,38100000,5000,15000,+30%,0.3,3302,49530000,0.6604,1698,11430000
2026-04-01,2026,4,April,SKU11,Product D,Drink,Original,Small,Bottle,Jakarta,2540,38100000,5000,15000,-10%,-0.1,2286,34290000,0.4572,2714,-3810000
2026-04-01,2026,4,April,SKU11,Product D,Drink,Original,Small,Bottle,Jakarta,2540,38100000,5000,15000,-20%,-0.2,2032,30480000,0.4064,2968,-7620000
2026-04-01,2026,4,April,SKU11,Product D,Drink,Original,Small,Bottle,Jakarta,2540,38100000,5000,15000,-30%,-0.3,1778,26670000,0.3556,3222,-11430000
2026-04-01,2026,4,April,SKU11,Product D,Drink,Original,Small,Bottle,Jakarta,2540,38100000,5000,15000,Base,0,2540,38100000,0.508,2460,0
2026-04-01,2026,4,April,SKU12,Product D,Drink,Vanilla,Medium,Box,Bandung,3369,33690000,6000,10000,+10%,0.1,3705.9,37059000,0.61765,2294.1,3369000
2026-04-01,2026,4,April,SKU12,Product D,Drink,Vanilla,Medium,Box,Bandung,3369,33690000,6000,10000,+20%,0.2,4042.7999999999997,40428000,0.6738,1957.2000000000003,6738000
2026-04-01,2026,4,April,SKU12,Product D,Drink,Vanilla,Medium,Box,Bandung,3369,33690000,6000,10000,+30%,0.3,4379.7,43797000,0.72995,1620.3000000000002,10107000
2026-04-01,2026,4,April,SKU12,Product D,Drink,Vanilla,Medium,Box,Bandung,3369,33690000,6000,10000,-10%,-0.1,3032.1,30321000,0.50535,2967.9,-3369000
2026-04-01,2026,4,April,SKU12,Product D,Drink,Vanilla,Medium,Box,Bandung,3369,33690000,6000,10000,-20%,-0.2,2695.2000000000003,26952000.000000004,0.44920000000000004,3304.7999999999997,-6737999.999999996
2026-04-01,2026,4,April,SKU12,Product D,Drink,Vanilla,Medium,Box,Bandung,3369,33690000,6000,10000,-30%,-0.3,2358.2999999999997,23582999.999999996,0.39304999999999995,3641.7000000000003,-10107000.000000004
2026-04-01,2026,4,April,SKU12,Product D,Drink,Vanilla,Medium,Box,Bandung,3369,33690000,6000,10000,Base,0,3369,33690000,0.5615,2631,0
2026-05-01,2026,5,May,SKU01,Product A,Food,Vanilla,Large,Bottle,Bandung,4236,42360000,5000,10000,+10%,0.1,4659.6,46596000,0.9319200000000001,340.39999999999964,4236000
2026-05-01,2026,5,May,SKU01,Product A,Food,Vanilla,Large,Bottle,Bandung,4236,42360000,5000,10000,+20%,0.2,5083.2,50832000,1.01664,-83.19999999999982,8472000
2026-05-01,2026,5,May,SKU01,Product A,Food,Vanilla,Large,Bottle,Bandung,4236,42360000,5000,10000,+30%,0.3,5506.8,55068000,1.1013600000000001,-506.8000000000002,12708000
2026-05-01,2026,5,May,SKU01,Product A,Food,Vanilla,Large,Bottle,Bandung,4236,42360000,5000,10000,-10%,-0.1,3812.4,38124000,0.76248,1187.6,-4236000
2026-05-01,2026,5,May,SKU01,Product A,Food,Vanilla,Large,Bottle,Bandung,4236,42360000,5000,10000,-20%,-0.2,3388.8,33888000,0.67776,1611.1999999999998,-8472000
2026-05-01,2026,5,May,SKU01,Product A,Food,Vanilla,Large,Bottle,Bandung,4236,42360000,5000,10000,-30%,-0.3,2965.2,29652000,0.59304,2034.8000000000002,-12708000
2026-05-01,2026,5,May,SKU01,Product A,Food,Vanilla,Large,Bottle,Bandung,4236,42360000,5000,10000,Base,0,4236,42360000,0.8472,764,0
2026-05-01,2026,5,May,SKU02,Product A,Food,Chocolate,Large,Box,Jakarta,2893,21697500,5000,7500,+10%,0.1,3182.3,23867250,0.63646,1817.6999999999998,2169750
2026-05-01,2026,5,May,SKU02,Product A,Food,Chocolate,Large,Box,Jakarta,2893,21697500,5000,7500,+20%,0.2,3471.6,26037000,0.6943199999999999,1528.4,4339500
2026-05-01,2026,5,May,SKU02,Product A,Food,Chocolate,Large,Box,Jakarta,2893,21697500,5000,7500,+30%,0.3,3760.9,28206750,0.7521800000000001,1239.1,6509250
2026-05-01,2026,5,May,SKU02,Product A,Food,Chocolate,Large,Box,Jakarta,2893,21697500,5000,7500,-10%,-0.1,2603.7000000000003,19527750.000000004,0.5207400000000001,2396.2999999999997,-2169749.9999999963
2026-05-01,2026,5,May,SKU02,Product A,Food,Chocolate,Large,Box,Jakarta,2893,21697500,5000,7500,-20%,-0.2,2314.4,17358000,0.46288,2685.6,-4339500
2026-05-01,2026,5,May,SKU02,Product A,Food,Chocolate,Large,Box,Jakarta,2893,21697500,5000,7500,-30%,-0.3,2025.1,15188250,0.40502,2974.9,-6509250
2026-05-01,2026,5,May,SKU02,Product A,Food,Chocolate,Large,Box,Jakarta,2893,21697500,5000,7500,Base,0,2893,21697500,0.5786,2107,0
2026-05-01,2026,5,May,SKU03,Product A,Food,Chocolate,Large,Box,Bandung,2589,19417500,4000,7500,+10%,0.1,2847.9,21359250,0.711975,1152.1,1941750
2026-05-01,2026,5,May,SKU03,Product A,Food,Chocolate,Large,Box,Bandung,2589,19417500,4000,7500,+20%,0.2,3106.7999999999997,23300999.999999996,0.7767,893.2000000000003,3883499.9999999963
2026-05-01,2026,5,May,SKU03,Product A,Food,Chocolate,Large,Box,Bandung,2589,19417500,4000,7500,+30%,0.3,3365.7000000000003,25242750.000000004,0.8414250000000001,634.2999999999997,5825250.000000004
2026-05-01,2026,5,May,SKU03,Product A,Food,Chocolate,Large,Box,Bandung,2589,19417500,4000,7500,-10%,-0.1,2330.1,17475750,0.582525,1669.9,-1941750
2026-05-01,2026,5,May,SKU03,Product A,Food,Chocolate,Large,Box,Bandung,2589,19417500,4000,7500,-20%,-0.2,2071.2000000000003,15534000.000000002,0.5178,1928.7999999999997,-3883499.999999998
2026-05-01,2026,5,May,SKU03,Product A,Food,Chocolate,Large,Box,Bandung,2589,19417500,4000,7500,-30%,-0.3,1812.3,13592250,0.453075,2187.7,-5825250
2026-05-01,2026,5,May,SKU03,Product A,Food,Chocolate,Large,Box,Bandung,2589,19417500,4000,7500,Base,0,2589,19417500,0.64725,1411,0
2026-05-01,2026,5,May,SKU04,Product A,Food,Berry,Medium,Box,Jakarta,3562,35620000,4000,10000,+10%,0.1,3918.2000000000003,39182000,0.97955,81.79999999999973,3562000
2026-05-01,2026,5,May,SKU04,Product A,Food,Berry,Medium,Box,Jakarta,3562,35620000,4000,10000,+20%,0.2,4274.4,42744000,1.0686,-274.39999999999964,7124000
2026-05-01,2026,5,May,SKU04,Product A,Food,Berry,Medium,Box,Jakarta,3562,35620000,4000,10000,+30%,0.3,4630.6,46306000,1.15765,-630.6000000000004,10686000
2026-05-01,2026,5,May,SKU04,Product A,Food,Berry,Medium,Box,Jakarta,3562,35620000,4000,10000,-10%,-0.1,3205.8,32058000,0.80145,794.1999999999998,-3562000
2026-05-01,2026,5,May,SKU04,Product A,Food,Berry,Medium,Box,Jakarta,3562,35620000,4000,10000,-20%,-0.2,2849.6000000000004,28496000.000000004,0.7124000000000001,1150.3999999999996,-7123999.999999996
2026-05-01,2026,5,May,SKU04,Product A,Food,Berry,Medium,Box,Jakarta,3562,35620000,4000,10000,-30%,-0.3,2493.3999999999996,24933999.999999996,0.62335,1506.6000000000004,-10686000.000000004
2026-05-01,2026,5,May,SKU04,Product A,Food,Berry,Medium,Box,Jakarta,3562,35620000,4000,10000,Base,0,3562,35620000,0.8905,438,0
2026-05-01,2026,5,May,SKU05,Product A,Food,Original,Large,Box,Jakarta,3281,49215000,6000,15000,+10%,0.1,3609.1000000000004,54136500.00000001,0.6015166666666667,2390.8999999999996,4921500.000000007
2026-05-01,2026,5,May,SKU05,Product A,Food,Original,Large,Box,Jakarta,3281,49215000,6000,15000,+20%,0.2,3937.2,59058000,0.6562,2062.8,9843000
2026-05-01,2026,5,May,SKU05,Product A,Food,Original,Large,Box,Jakarta,3281,49215000,6000,15000,+30%,0.3,4265.3,63979500,0.7108833333333333,1734.6999999999998,14764500
2026-05-01,2026,5,May,SKU05,Product A,Food,Original,Large,Box,Jakarta,3281,49215000,6000,15000,-10%,-0.1,2952.9,44293500,0.49215000000000003,3047.1,-4921500
2026-05-01,2026,5,May,SKU05,Product A,Food,Original,Large,Box,Jakarta,3281,49215000,6000,15000,-20%,-0.2,2624.8,39372000,0.43746666666666667,3375.2,-9843000
2026-05-01,2026,5,May,SKU05,Product A,Food,Original,Large,Box,Jakarta,3281,49215000,6000,15000,-30%,-0.3,2296.7,34450500,0.3827833333333333,3703.3,-14764500
2026-05-01,2026,5,May,SKU05,Product A,Food,Original,Large,Box,Jakarta,3281,49215000,6000,15000,Base,0,3281,49215000,0.5468333333333333,2719,0
2026-05-01,2026,5,May,SKU06,Product A,Food,Original,Medium,Bottle,Bandung,2850,28500000,4000,10000,+10%,0.1,3135.0000000000005,31350000.000000004,0.7837500000000002,864.9999999999995,2850000.0000000037
2026-05-01,2026,5,May,SKU06,Product A,Food,Original,Medium,Bottle,Bandung,2850,28500000,4000,10000,+20%,0.2,3420,34200000,0.855,580,5700000
2026-05-01,2026,5,May,SKU06,Product A,Food,Original,Medium,Bottle,Bandung,2850,28500000,4000,10000,+30%,0.3,3705,37050000,0.92625,295,8550000
2026-05-01,2026,5,May,SKU06,Product A,Food,Original,Medium,Bottle,Bandung,2850,28500000,4000,10000,-10%,-0.1,2565,25650000,0.64125,1435,-2850000
2026-05-01,2026,5,May,SKU06,Product A,Food,Original,Medium,Bottle,Bandung,2850,28500000,4000,10000,-20%,-0.2,2280,22800000,0.57,1720,-5700000
2026-05-01,2026,5,May,SKU06,Product A,Food,Original,Medium,Bottle,Bandung,2850,28500000,4000,10000,-30%,-0.3,1994.9999999999998,19949999.999999996,0.4987499999999999,2005.0000000000002,-8550000.000000004
2026-05-01,2026,5,May,SKU06,Product A,Food,Original,Medium,Bottle,Bandung,2850,28500000,4000,10000,Base,0,2850,28500000,0.7125,1150,0
2026-05-01,2026,5,May,SKU07,Product A,Food,Vanilla,Medium,Box,Bandung,3544,26580000,6000,7500,+10%,0.1,3898.4,29238000,0.6497333333333334,2101.6,2658000
2026-05-01,2026,5,May,SKU07,Product A,Food,Vanilla,Medium,Box,Bandung,3544,26580000,6000,7500,+20%,0.2,4252.8,31896000,0.7088,1747.1999999999998,5316000
2026-05-01,2026,5,May,SKU07,Product A,Food,Vanilla,Medium,Box,Bandung,3544,26580000,6000,7500,+30%,0.3,4607.2,34554000,0.7678666666666666,1392.8000000000002,7974000
2026-05-01,2026,5,May,SKU07,Product A,Food,Vanilla,Medium,Box,Bandung,3544,26580000,6000,7500,-10%,-0.1,3189.6,23922000,0.5316,2810.4,-2658000
2026-05-01,2026,5,May,SKU07,Product A,Food,Vanilla,Medium,Box,Bandung,3544,26580000,6000,7500,-20%,-0.2,2835.2000000000003,21264000.000000004,0.47253333333333336,3164.7999999999997,-5315999.999999996
2026-05-01,2026,5,May,SKU07,Product A,Food,Vanilla,Medium,Box,Bandung,3544,26580000,6000,7500,-30%,-0.3,2480.7999999999997,18605999.999999996,0.4134666666666666,3519.2000000000003,-7974000.000000004
2026-05-01,2026,5,May,SKU07,Product A,Food,Vanilla,Medium,Box,Bandung,3544,26580000,6000,7500,Base,0,3544,26580000,0.5906666666666667,2456,0
2026-05-01,2026,5,May,SKU08,Product A,Food,Original,Medium,Bottle,Bandung,1189,11890000,6000,10000,+10%,0.1,1307.9,13079000,0.21798333333333336,4692.1,1189000
2026-05-01,2026,5,May,SKU08,Product A,Food,Original,Medium,Bottle,Bandung,1189,11890000,6000,10000,+20%,0.2,1426.8,14268000,0.23779999999999998,4573.2,2378000
2026-05-01,2026,5,May,SKU08,Product A,Food,Original,Medium,Bottle,Bandung,1189,11890000,6000,10000,+30%,0.3,1545.7,15457000,0.25761666666666666,4454.3,3567000
2026-05-01,2026,5,May,SKU08,Product A,Food,Original,Medium,Bottle,Bandung,1189,11890000,6000,10000,-10%,-0.1,1070.1000000000001,10701000.000000002,0.17835000000000004,4929.9,-1188999.9999999981
2026-05-01,2026,5,May,SKU08,Product A,Food,Original,Medium,Bottle,Bandung,1189,11890000,6000,10000,-20%,-0.2,951.2,9512000,0.15853333333333333,5048.8,-2378000
2026-05-01,2026,5,May,SKU08,Product A,Food,Original,Medium,Bottle,Bandung,1189,11890000,6000,10000,-30%,-0.3,832.3,8323000,0.13871666666666665,5167.7,-3567000
2026-05-01,2026,5,May,SKU08,Product A,Food,Original,Medium,Bottle,Bandung,1189,11890000,6000,10000,Base,0,1189,11890000,0.19816666666666666,4811,0
2026-05-01,2026,5,May,SKU09,Product A,Food,Berry,Small,Box,Bandung,863,6472500,4000,7500,+10%,0.1,949.3000000000001,7119750.000000001,0.237325,3050.7,647250.0000000009
2026-05-01,2026,5,May,SKU09,Product A,Food,Berry,Small,Box,Bandung,863,6472500,4000,7500,+20%,0.2,1035.6,7766999.999999999,0.25889999999999996,2964.4,1294499.999999999
2026-05-01,2026,5,May,SKU09,Product A,Food,Berry,Small,Box,Bandung,863,6472500,4000,7500,+30%,0.3,1121.9,8414250,0.28047500000000003,2878.1,1941750
2026-05-01,2026,5,May,SKU09,Product A,Food,Berry,Small,Box,Bandung,863,6472500,4000,7500,-10%,-0.1,776.7,5825250,0.19417500000000001,3223.3,-647250
2026-05-01,2026,5,May,SKU09,Product A,Food,Berry,Small,Box,Bandung,863,6472500,4000,7500,-20%,-0.2,690.4000000000001,5178000.000000001,0.17260000000000003,3309.6,-1294499.999999999
2026-05-01,2026,5,May,SKU09,Product A,Food,Berry,Small,Box,Bandung,863,6472500,4000,7500,-30%,-0.3,604.0999999999999,4530749.999999999,0.15102499999999996,3395.9,-1941750.000000001
2026-05-01,2026,5,May,SKU09,Product A,Food,Berry,Small,Box,Bandung,863,6472500,4000,7500,Base,0,863,6472500,0.21575,3137,0
2026-05-01,2026,5,May,SKU10,Product A,Food,Original,Large,Box,Jakarta,839,8390000,6000,10000,+10%,0.1,922.9000000000001,9229000,0.15381666666666668,5077.1,839000
2026-05-01,2026,5,May,SKU10,Product A,Food,Original,Large,Box,Jakarta,839,8390000,6000,10000,+20%,0.2,1006.8,10068000,0.1678,4993.2,1678000
2026-05-01,2026,5,May,SKU10,Product A,Food,Original,Large,Box,Jakarta,839,8390000,6000,10000,+30%,0.3,1090.7,10907000,0.18178333333333335,4909.3,2517000
2026-05-01,2026,5,May,SKU10,Product A,Food,Original,Large,Box,Jakarta,839,8390000,6000,10000,-10%,-0.1,755.1,7551000,0.12585000000000002,5244.9,-839000
2026-05-01,2026,5,May,SKU10,Product A,Food,Original,Large,Box,Jakarta,839,8390000,6000,10000,-20%,-0.2,671.2,6712000,0.11186666666666667,5328.8,-1678000
2026-05-01,2026,5,May,SKU10,Product A,Food,Original,Large,Box,Jakarta,839,8390000,6000,10000,-30%,-0.3,587.3,5873000,0.09788333333333332,5412.7,-2517000
2026-05-01,2026,5,May,SKU10,Product A,Food,Original,Large,Box,Jakarta,839,8390000,6000,10000,Base,0,839,8390000,0.13983333333333334,5161,0
2026-05-01,2026,5,May,SKU11,Product A,Food,Original,Small,Bottle,Bandung,2469,12345000,4000,5000,+10%,0.1,2715.9,13579500,0.678975,1284.1,1234500
2026-05-01,2026,5,May,SKU11,Product A,Food,Original,Small,Bottle,Bandung,2469,12345000,4000,5000,+20%,0.2,2962.7999999999997,14813999.999999998,0.7406999999999999,1037.2000000000003,2468999.999999998
2026-05-01,2026,5,May,SKU11,Product A,Food,Original,Small,Bottle,Bandung,2469,12345000,4000,5000,+30%,0.3,3209.7000000000003,16048500.000000002,0.802425,790.2999999999997,3703500.000000002
2026-05-01,2026,5,May,SKU11,Product A,Food,Original,Small,Bottle,Bandung,2469,12345000,4000,5000,-10%,-0.1,2222.1,11110500,0.5555249999999999,1777.9,-1234500
2026-05-01,2026,5,May,SKU11,Product A,Food,Original,Small,Bottle,Bandung,2469,12345000,4000,5000,-20%,-0.2,1975.2,9876000,0.4938,2024.8,-2469000
2026-05-01,2026,5,May,SKU11,Product A,Food,Original,Small,Bottle,Bandung,2469,12345000,4000,5000,-30%,-0.3,1728.3,8641500,0.432075,2271.7,-3703500
2026-05-01,2026,5,May,SKU11,Product A,Food,Original,Small,Bottle,Bandung,2469,12345000,4000,5000,Base,0,2469,12345000,0.61725,1531,0
2026-05-01,2026,5,May,SKU12,Product A,Food,Chocolate,Small,Bottle,Bandung,3243,16215000,4000,5000,+10%,0.1,3567.3,17836500,0.8918250000000001,432.6999999999998,1621500
2026-05-01,2026,5,May,SKU12,Product A,Food,Chocolate,Small,Bottle,Bandung,3243,16215000,4000,5000,+20%,0.2,3891.6,19458000,0.9729,108.40000000000009,3243000
2026-05-01,2026,5,May,SKU12,Product A,Food,Chocolate,Small,Bottle,Bandung,3243,16215000,4000,5000,+30%,0.3,4215.9000000000005,21079500.000000004,1.053975,-215.90000000000055,4864500.000000004
2026-05-01,2026,5,May,SKU12,Product A,Food,Chocolate,Small,Bottle,Bandung,3243,16215000,4000,5000,-10%,-0.1,2918.7000000000003,14593500.000000002,0.7296750000000001,1081.2999999999997,-1621499.9999999981
2026-05-01,2026,5,May,SKU12,Product A,Food,Chocolate,Small,Bottle,Bandung,3243,16215000,4000,5000,-20%,-0.2,2594.4,12972000,0.6486000000000001,1405.6,-3243000
2026-05-01,2026,5,May,SKU12,Product A,Food,Chocolate,Small,Bottle,Bandung,3243,16215000,4000,5000,-30%,-0.3,2270.1,11350500,0.567525,1729.9,-4864500
2026-05-01,2026,5,May,SKU12,Product A,Food,Chocolate,Small,Bottle,Bandung,3243,16215000,4000,5000,Base,0,3243,16215000,0.81075,757,0
2026-06-01,2026,6,June,SKU01,Product B,Food,Berry,Large,Box,Jakarta,1330,19950000,4000,15000,+10%,0.1,1463.0000000000002,21945000.000000004,0.3657500000000001,2537,1995000.0000000037
2026-06-01,2026,6,June,SKU01,Product B,Food,Berry,Large,Box,Jakarta,1330,19950000,4000,15000,+20%,0.2,1596,23940000,0.399,2404,3990000
2026-06-01,2026,6,June,SKU01,Product B,Food,Berry,Large,Box,Jakarta,1330,19950000,4000,15000,+30%,0.3,1729,25935000,0.43225,2271,5985000
2026-06-01,2026,6,June,SKU01,Product B,Food,Berry,Large,Box,Jakarta,1330,19950000,4000,15000,-10%,-0.1,1197,17955000,0.29925,2803,-1995000
2026-06-01,2026,6,June,SKU01,Product B,Food,Berry,Large,Box,Jakarta,1330,19950000,4000,15000,-20%,-0.2,1064,15960000,0.266,2936,-3990000
2026-06-01,2026,6,June,SKU01,Product B,Food,Berry,Large,Box,Jakarta,1330,19950000,4000,15000,-30%,-0.3,930.9999999999999,13964999.999999998,0.23274999999999998,3069,-5985000.000000002
2026-06-01,2026,6,June,SKU01,Product B,Food,Berry,Large,Box,Jakarta,1330,19950000,4000,15000,Base,0,1330,19950000,0.3325,2670,0
2026-06-01,2026,6,June,SKU02,Product B,Food,Berry,Medium,Bottle,Bandung,3029,45435000,6000,15000,+10%,0.1,3331.9,49978500,0.5553166666666667,2668.1,4543500
2026-06-01,2026,6,June,SKU02,Product B,Food,Berry,Medium,Bottle,Bandung,3029,45435000,6000,15000,+20%,0.2,3634.7999999999997,54521999.99999999,0.6058,2365.2000000000003,9086999.999999993
2026-06-01,2026,6,June,SKU02,Product B,Food,Berry,Medium,Bottle,Bandung,3029,45435000,6000,15000,+30%,0.3,3937.7000000000003,59065500.00000001,0.6562833333333333,2062.2999999999997,13630500.000000007
2026-06-01,2026,6,June,SKU02,Product B,Food,Berry,Medium,Bottle,Bandung,3029,45435000,6000,15000,-10%,-0.1,2726.1,40891500,0.45435,3273.9,-4543500
2026-06-01,2026,6,June,SKU02,Product B,Food,Berry,Medium,Bottle,Bandung,3029,45435000,6000,15000,-20%,-0.2,2423.2000000000003,36348000.00000001,0.4038666666666667,3576.7999999999997,-9086999.999999993
2026-06-01,2026,6,June,SKU02,Product B,Food,Berry,Medium,Bottle,Bandung,3029,45435000,6000,15000,-30%,-0.3,2120.2999999999997,31804499.999999996,0.35338333333333327,3879.7000000000003,-13630500.000000004
2026-06-01,2026,6,June,SKU02,Product B,Food,Berry,Medium,Bottle,Bandung,3029,45435000,6000,15000,Base,0,3029,45435000,0.5048333333333334,2971,0
2026-06-01,2026,6,June,SKU03,Product B,Food,Original,Medium,Box,Bandung,1432,21480000,5000,15000,+10%,0.1,1575.2,23628000,0.31504,3424.8,2148000
2026-06-01,2026,6,June,SKU03,Product B,Food,Original,Medium,Box,Bandung,1432,21480000,5000,15000,+20%,0.2,1718.3999999999999,25775999.999999996,0.34368,3281.6000000000004,4295999.999999996
2026-06-01,2026,6,June,SKU03,Product B,Food,Original,Medium,Box,Bandung,1432,21480000,5000,15000,+30%,0.3,1861.6000000000001,27924000.000000004,0.37232000000000004,3138.3999999999996,6444000.000000004
2026-06-01,2026,6,June,SKU03,Product B,Food,Original,Medium,Box,Bandung,1432,21480000,5000,15000,-10%,-0.1,1288.8,19332000,0.25776,3711.2,-2148000
2026-06-01,2026,6,June,SKU03,Product B,Food,Original,Medium,Box,Bandung,1432,21480000,5000,15000,-20%,-0.2,1145.6000000000001,17184000.000000004,0.22912000000000002,3854.3999999999996,-4295999.999999996
2026-06-01,2026,6,June,SKU03,Product B,Food,Original,Medium,Box,Bandung,1432,21480000,5000,15000,-30%,-0.3,1002.4,15036000,0.20048,3997.6,-6444000
2026-06-01,2026,6,June,SKU03,Product B,Food,Original,Medium,Box,Bandung,1432,21480000,5000,15000,Base,0,1432,21480000,0.2864,3568,0
2026-06-01,2026,6,June,SKU04,Product B,Food,Berry,Large,Bottle,Jakarta,3562,53430000,6000,15000,+10%,0.1,3918.2000000000003,58773000.00000001,0.6530333333333334,2081.7999999999997,5343000.000000007
2026-06-01,2026,6,June,SKU04,Product B,Food,Berry,Large,Bottle,Jakarta,3562,53430000,6000,15000,+20%,0.2,4274.4,64115999.99999999,0.7123999999999999,1725.6000000000004,10685999.999999993
2026-06-01,2026,6,June,SKU04,Product B,Food,Berry,Large,Bottle,Jakarta,3562,53430000,6000,15000,+30%,0.3,4630.6,69459000,0.7717666666666667,1369.3999999999996,16029000
2026-06-01,2026,6,June,SKU04,Product B,Food,Berry,Large,Bottle,Jakarta,3562,53430000,6000,15000,-10%,-0.1,3205.8,48087000,0.5343,2794.2,-5343000
2026-06-01,2026,6,June,SKU04,Product B,Food,Berry,Large,Bottle,Jakarta,3562,53430000,6000,15000,-20%,-0.2,2849.6000000000004,42744000.00000001,0.4749333333333334,3150.3999999999996,-10685999.999999993
2026-06-01,2026,6,June,SKU04,Product B,Food,Berry,Large,Bottle,Jakarta,3562,53430000,6000,15000,-30%,-0.3,2493.3999999999996,37400999.99999999,0.4155666666666666,3506.6000000000004,-16029000.000000007
2026-06-01,2026,6,June,SKU04,Product B,Food,Berry,Large,Bottle,Jakarta,3562,53430000,6000,15000,Base,0,3562,53430000,0.5936666666666667,2438,0
2026-06-01,2026,6,June,SKU05,Product B,Food,Original,Large,Box,Jakarta,4903,73545000,5000,15000,+10%,0.1,5393.3,80899500,1.07866,-393.3000000000002,7354500
2026-06-01,2026,6,June,SKU05,Product B,Food,Original,Large,Box,Jakarta,4903,73545000,5000,15000,+20%,0.2,5883.5999999999995,88253999.99999999,1.17672,-883.5999999999995,14708999.999999985
2026-06-01,2026,6,June,SKU05,Product B,Food,Original,Large,Box,Jakarta,4903,73545000,5000,15000,+30%,0.3,6373.9000000000005,95608500.00000001,1.27478,-1373.9000000000005,22063500.000000015
2026-06-01,2026,6,June,SKU05,Product B,Food,Original,Large,Box,Jakarta,4903,73545000,5000,15000,-10%,-0.1,4412.7,66190500,0.88254,587.3000000000002,-7354500
2026-06-01,2026,6,June,SKU05,Product B,Food,Original,Large,Box,Jakarta,4903,73545000,5000,15000,-20%,-0.2,3922.4,58836000,0.7844800000000001,1077.6,-14709000
2026-06-01,2026,6,June,SKU05,Product B,Food,Original,Large,Box,Jakarta,4903,73545000,5000,15000,-30%,-0.3,3432.1,51481500,0.68642,1567.9,-22063500
2026-06-01,2026,6,June,SKU05,Product B,Food,Original,Large,Box,Jakarta,4903,73545000,5000,15000,Base,0,4903,73545000,0.9806,97,0
2026-06-01,2026,6,June,SKU06,Product B,Food,Original,Medium,Bottle,Jakarta,924,13860000,4000,15000,+10%,0.1,1016.4000000000001,15246000.000000002,0.25410000000000005,2983.6,1386000.0000000019
2026-06-01,2026,6,June,SKU06,Product B,Food,Original,Medium,Bottle,Jakarta,924,13860000,4000,15000,+20%,0.2,1108.8,16632000,0.2772,2891.2,2772000
2026-06-01,2026,6,June,SKU06,Product B,Food,Original,Medium,Bottle,Jakarta,924,13860000,4000,15000,+30%,0.3,1201.2,18018000,0.3003,2798.8,4158000
2026-06-01,2026,6,June,SKU06,Product B,Food,Original,Medium,Bottle,Jakarta,924,13860000,4000,15000,-10%,-0.1,831.6,12474000,0.2079,3168.4,-1386000
2026-06-01,2026,6,June,SKU06,Product B,Food,Original,Medium,Bottle,Jakarta,924,13860000,4000,15000,-20%,-0.2,739.2,11088000,0.18480000000000002,3260.8,-2772000
2026-06-01,2026,6,June,SKU06,Product B,Food,Original,Medium,Bottle,Jakarta,924,13860000,4000,15000,-30%,-0.3,646.8,9702000,0.16169999999999998,3353.2,-4158000
2026-06-01,2026,6,June,SKU06,Product B,Food,Original,Medium,Bottle,Jakarta,924,13860000,4000,15000,Base,0,924,13860000,0.231,3076,0
2026-06-01,2026,6,June,SKU07,Product B,Food,Chocolate,Large,Box,Bandung,3484,52260000,4000,15000,+10%,0.1,3832.4,57486000,0.9581000000000001,167.5999999999999,5226000
2026-06-01,2026,6,June,SKU07,Product B,Food,Chocolate,Large,Box,Bandung,3484,52260000,4000,15000,+20%,0.2,4180.8,62712000,1.0452000000000001,-180.80000000000018,10452000
2026-06-01,2026,6,June,SKU07,Product B,Food,Chocolate,Large,Box,Bandung,3484,52260000,4000,15000,+30%,0.3,4529.2,67938000,1.1322999999999999,-529.1999999999998,15678000
2026-06-01,2026,6,June,SKU07,Product B,Food,Chocolate,Large,Box,Bandung,3484,52260000,4000,15000,-10%,-0.1,3135.6,47034000,0.7838999999999999,864.4000000000001,-5226000
2026-06-01,2026,6,June,SKU07,Product B,Food,Chocolate,Large,Box,Bandung,3484,52260000,4000,15000,-20%,-0.2,2787.2000000000003,41808000.00000001,0.6968000000000001,1212.7999999999997,-10451999.999999993
2026-06-01,2026,6,June,SKU07,Product B,Food,Chocolate,Large,Box,Bandung,3484,52260000,4000,15000,-30%,-0.3,2438.7999999999997,36581999.99999999,0.6096999999999999,1561.2000000000003,-15678000.000000007
2026-06-01,2026,6,June,SKU07,Product B,Food,Chocolate,Large,Box,Bandung,3484,52260000,4000,15000,Base,0,3484,52260000,0.871,516,0
2026-06-01,2026,6,June,SKU08,Product B,Food,Berry,Large,Bottle,Jakarta,2898,43470000,6000,15000,+10%,0.1,3187.8,47817000,0.5313,2812.2,4347000
2026-06-01,2026,6,June,SKU08,Product B,Food,Berry,Large,Bottle,Jakarta,2898,43470000,6000,15000,+20%,0.2,3477.6,52164000,0.5796,2522.4,8694000
2026-06-01,2026,6,June,SKU08,Product B,Food,Berry,Large,Bottle,Jakarta,2898,43470000,6000,15000,+30%,0.3,3767.4,56511000,0.6279,2232.6,13041000
2026-06-01,2026,6,June,SKU08,Product B,Food,Berry,Large,Bottle,Jakarta,2898,43470000,6000,15000,-10%,-0.1,2608.2000000000003,39123000.00000001,0.43470000000000003,3391.7999999999997,-4346999.999999993
2026-06-01,2026,6,June,SKU08,Product B,Food,Berry,Large,Bottle,Jakarta,2898,43470000,6000,15000,-20%,-0.2,2318.4,34776000,0.3864,3681.6,-8694000
2026-06-01,2026,6,June,SKU08,Product B,Food,Berry,Large,Bottle,Jakarta,2898,43470000,6000,15000,-30%,-0.3,2028.6,30429000,0.3381,3971.4,-13041000
2026-06-01,2026,6,June,SKU08,Product B,Food,Berry,Large,Bottle,Jakarta,2898,43470000,6000,15000,Base,0,2898,43470000,0.483,3102,0
2026-06-01,2026,6,June,SKU09,Product B,Food,Berry,Small,Bottle,Bandung,4235,21175000,6000,5000,+10%,0.1,4658.5,23292500,0.7764166666666666,1341.5,2117500
2026-06-01,2026,6,June,SKU09,Product B,Food,Berry,Small,Bottle,Bandung,4235,21175000,6000,5000,+20%,0.2,5082,25410000,0.847,918,4235000
2026-06-01,2026,6,June,SKU09,Product B,Food,Berry,Small,Bottle,Bandung,4235,21175000,6000,5000,+30%,0.3,5505.5,27527500,0.9175833333333333,494.5,6352500
2026-06-01,2026,6,June,SKU09,Product B,Food,Berry,Small,Bottle,Bandung,4235,21175000,6000,5000,-10%,-0.1,3811.5,19057500,0.63525,2188.5,-2117500
2026-06-01,2026,6,June,SKU09,Product B,Food,Berry,Small,Bottle,Bandung,4235,21175000,6000,5000,-20%,-0.2,3388,16940000,0.56466666666666665,2612,-4235000
2026-06-01,2026,6,June,SKU09,Product B,Food,Berry,Small,Bottle,Bandung,4235,21175000,6000,5000,-30%,-0.3,2964.5,14822500,0.4940833333333333,3035.5,-6352500
2026-06-01,2026,6,June,SKU09,Product B,Food,Berry,Small,Bottle,Bandung,4235,21175000,6000,5000,Base,0,4235,21175000,0.7058333333333333,1765,0
2026-06-01,2026,6,June,SKU10,Product B,Food,Vanilla,Large,Box,Bandung,5591,27955000,4000,5000,+10%,0.1,6150.1,30750500,1.537525,-2150.1000000000004,2795500
2026-06-01,2026,6,June,SKU10,Product B,Food,Vanilla,Large,Box,Bandung,5591,27955000,4000,5000,+20%,0.2,6709.2,33546000,1.6773,-2709.2,5591000
2026-06-01,2026,6,June,SKU10,Product B,Food,Vanilla,Large,Box,Bandung,5591,27955000,4000,5000,+30%,0.3,7268.3,36341500,1.817075,-3268.3,8386500
2026-06-01,2026,6,June,SKU10,Product B,Food,Vanilla,Large,Box,Bandung,5591,27955000,4000,5000,-10%,-0.1,5031.9000000000005,25159500.000000004,1.257975,-1031.9000000000005,-2795499.9999999963
2026-06-01,2026,6,June,SKU10,Product B,Food,Vanilla,Large,Box,Bandung,5591,27955000,4000,5000,-20%,-0.2,4472.8,22364000,1.1182,-472.8000000000002,-5591000
2026-06-01,2026,6,June,SKU10,Product B,Food,Vanilla,Large,Box,Bandung,5591,27955000,4000,5000,-30%,-0.3,3913.7,19568500,0.978425,86.30000000000018,-8386500
2026-06-01,2026,6,June,SKU10,Product B,Food,Vanilla,Large,Box,Bandung,5591,27955000,4000,5000,Base,0,5591,27955000,1.39775,-1591,0
2026-06-01,2026,6,June,SKU11,Product B,Food,Vanilla,Small,Bottle,Bandung,835,8350000,6000,10000,+10%,0.1,918.5000000000001,9185000.000000002,0.15308333333333335,5081.5,835000.0000000019
2026-06-01,2026,6,June,SKU11,Product B,Food,Vanilla,Small,Bottle,Bandung,835,8350000,6000,10000,+20%,0.2,1002,10020000,0.167,4998,1670000
2026-06-01,2026,6,June,SKU11,Product B,Food,Vanilla,Small,Bottle,Bandung,835,8350000,6000,10000,+30%,0.3,1085.5,10855000,0.18091666666666667,4914.5,2505000
2026-06-01,2026,6,June,SKU11,Product B,Food,Vanilla,Small,Bottle,Bandung,835,8350000,6000,10000,-10%,-0.1,751.5,7515000,0.12525,5248.5,-835000
2026-06-01,2026,6,June,SKU11,Product B,Food,Vanilla,Small,Bottle,Bandung,835,8350000,6000,10000,-20%,-0.2,668,6680000,0.11133333333333334,5332,-1670000
2026-06-01,2026,6,June,SKU11,Product B,Food,Vanilla,Small,Bottle,Bandung,835,8350000,6000,10000,-30%,-0.3,584.5,5845000,0.09741666666666667,5415.5,-2505000
2026-06-01,2026,6,June,SKU11,Product B,Food,Vanilla,Small,Bottle,Bandung,835,8350000,6000,10000,Base,0,835,8350000,0.13916666666666666,5165,0
2026-06-01,2026,6,June,SKU12,Product B,Food,Vanilla,Large,Bottle,Bandung,4810,72150000,4000,15000,+10%,0.1,5291,79365000,1.32275,-1291,7215000
2026-06-01,2026,6,June,SKU12,Product B,Food,Vanilla,Large,Bottle,Bandung,4810,72150000,4000,15000,+20%,0.2,5772,86580000,1.443,-1772,14430000
2026-06-01,2026,6,June,SKU12,Product B,Food,Vanilla,Large,Bottle,Bandung,4810,72150000,4000,15000,+30%,0.3,6253,93795000,1.56325,-2253,21645000
2026-06-01,2026,6,June,SKU12,Product B,Food,Vanilla,Large,Bottle,Bandung,4810,72150000,4000,15000,-10%,-0.1,4329,64935000,1.08225,-329,-7215000
2026-06-01,2026,6,June,SKU12,Product B,Food,Vanilla,Large,Bottle,Bandung,4810,72150000,4000,15000,-20%,-0.2,3848,57720000,0.962,152,-14430000
2026-06-01,2026,6,June,SKU12,Product B,Food,Vanilla,Large,Bottle,Bandung,4810,72150000,4000,15000,-30%,-0.3,3367,50505000,0.84175,633,-21645000
2026-06-01,2026,6,June,SKU12,Product B,Food,Vanilla,Large,Bottle,Bandung,4810,72150000,4000,15000,Base,0,4810,72150000,1.2025,-810,0
2026-07-01,2026,7,July,SKU01,Product C,Drink,Chocolate,Small,Bottle,Bandung,4630,23150000,6000,5000,+10%,0.1,5093,25465000,0.8488333333333333,907,2315000
2026-07-01,2026,7,July,SKU01,Product C,Drink,Chocolate,Small,Bottle,Bandung,4630,23150000,6000,5000,+20%,0.2,5556,27780000,0.926,444,4630000
2026-07-01,2026,7,July,SKU01,Product C,Drink,Chocolate,Small,Bottle,Bandung,4630,23150000,6000,5000,+30%,0.3,6019,30095000,1.0031666666666668,-19,6945000
2026-07-01,2026,7,July,SKU01,Product C,Drink,Chocolate,Small,Bottle,Bandung,4630,23150000,6000,5000,-10%,-0.1,4167,20835000,0.6945,1833,-2315000
2026-07-01,2026,7,July,SKU01,Product C,Drink,Chocolate,Small,Bottle,Bandung,4630,23150000,6000,5000,-20%,-0.2,3704,18520000,0.6173333333333333,2296,-4630000
2026-07-01,2026,7,July,SKU01,Product C,Drink,Chocolate,Small,Bottle,Bandung,4630,23150000,6000,5000,-30%,-0.3,3241,16205000,0.5401666666666667,2759,-6945000
2026-07-01,2026,7,July,SKU01,Product C,Drink,Chocolate,Small,Bottle,Bandung,4630,23150000,6000,5000,Base,0,4630,23150000,0.7716666666666666,1370,0
2026-07-01,2026,7,July,SKU02,Product C,Drink,Chocolate,Small,Box,Jakarta,2508,37620000,5000,15000,+10%,0.1,2758.8,41382000,0.55176,2241.2,3762000
2026-07-01,2026,7,July,SKU02,Product C,Drink,Chocolate,Small,Box,Jakarta,2508,37620000,5000,15000,+20%,0.2,3009.6,45144000,0.60192,1990.4,7524000
2026-07-01,2026,7,July,SKU02,Product C,Drink,Chocolate,Small,Box,Jakarta,2508,37620000,5000,15000,+30%,0.3,3260.4,48906000,0.65208,1739.6,11286000
2026-07-01,2026,7,July,SKU02,Product C,Drink,Chocolate,Small,Box,Jakarta,2508,37620000,5000,15000,-10%,-0.1,2257.2000000000003,33858000.00000001,0.45144000000000006,2742.7999999999997,-3761999.9999999925
2026-07-01,2026,7,July,SKU02,Product C,Drink,Chocolate,Small,Box,Jakarta,2508,37620000,5000,15000,-20%,-0.2,2006.4,30096000,0.40128,2993.6,-7524000
2026-07-01,2026,7,July,SKU02,Product C,Drink,Chocolate,Small,Box,Jakarta,2508,37620000,5000,15000,-30%,-0.3,1755.6,26334000,0.35112,3244.4,-11286000
2026-07-01,2026,7,July,SKU02,Product C,Drink,Chocolate,Small,Box,Jakarta,2508,37620000,5000,15000,Base,0,2508,37620000,0.5016,2492,0
2026-07-01,2026,7,July,SKU03,Product C,Drink,Berry,Small,Box,Jakarta,5014,50140000,4000,10000,+10%,0.1,5515.4000000000005,55154000.00000001,1.3788500000000001,-1515.4000000000005,5014000.000000007
2026-07-01,2026,7,July,SKU03,Product C,Drink,Berry,Small,Box,Jakarta,5014,50140000,4000,10000,+20%,0.2,6016.8,60168000,1.5042,-2016.8000000000002,10028000
2026-07-01,2026,7,July,SKU03,Product C,Drink,Berry,Small,Box,Jakarta,5014,50140000,4000,10000,+30%,0.3,6518.2,65182000,1.62955,-2518.2,15042000
2026-07-01,2026,7,July,SKU03,Product C,Drink,Berry,Small,Box,Jakarta,5014,50140000,4000,10000,-10%,-0.1,4512.6,45126000,1.12815,-512.6000000000004,-5014000
2026-07-01,2026,7,July,SKU03,Product C,Drink,Berry,Small,Box,Jakarta,5014,50140000,4000,10000,-20%,-0.2,4011.2000000000003,40112000,1.0028000000000001,-11.200000000000273,-10028000
2026-07-01,2026,7,July,SKU03,Product C,Drink,Berry,Small,Box,Jakarta,5014,50140000,4000,10000,-30%,-0.3,3509.7999999999997,35098000,0.87745,490.2000000000003,-15042000
2026-07-01,2026,7,July,SKU03,Product C,Drink,Berry,Small,Box,Jakarta,5014,50140000,4000,10000,Base,0,5014,50140000,1.2535,-1014,0
2026-07-01,2026,7,July,SKU04,Product C,Drink,Berry,Small,Box,Bandung,2730,13650000,5000,5000,+10%,0.1,3003.0000000000005,15015000.000000002,0.6006000000000001,1996.9999999999995,1365000.0000000019
2026-07-01,2026,7,July,SKU04,Product C,Drink,Berry,Small,Box,Bandung,2730,13650000,5000,5000,+20%,0.2,3276,16380000,0.6552,1724,2730000
2026-07-01,2026,7,July,SKU04,Product C,Drink,Berry,Small,Box,Bandung,2730,13650000,5000,5000,+30%,0.3,3549,17745000,0.7098,1451,4095000
2026-07-01,2026,7,July,SKU04,Product C,Drink,Berry,Small,Box,Bandung,2730,13650000,5000,5000,-10%,-0.1,2457,12285000,0.4914,2543,-1365000
2026-07-01,2026,7,July,SKU04,Product C,Drink,Berry,Small,Box,Bandung,2730,13650000,5000,5000,-20%,-0.2,2184,10920000,0.4368,2816,-2730000
2026-07-01,2026,7,July,SKU04,Product C,Drink,Berry,Small,Box,Bandung,2730,13650000,5000,5000,-30%,-0.3,1910.9999999999998,9554999.999999998,0.38219999999999993,3089,-4095000.000000002
2026-07-01,2026,7,July,SKU04,Product C,Drink,Berry,Small,Box,Bandung,2730,13650000,5000,5000,Base,0,2730,13650000,0.546,2270,0
2026-07-01,2026,7,July,SKU05,Product C,Drink,Chocolate,Medium,Box,Bandung,1454,10905000,5000,7500,+10%,0.1,1599.4,11995500,0.31988,3400.6,1090500
2026-07-01,2026,7,July,SKU05,Product C,Drink,Chocolate,Medium,Box,Bandung,1454,10905000,5000,7500,+20%,0.2,1744.8,13086000,0.34896,3255.2,2181000
2026-07-01,2026,7,July,SKU05,Product C,Drink,Chocolate,Medium,Box,Bandung,1454,10905000,5000,7500,+30%,0.3,1890.2,14176500,0.37804,3109.8,3271500
2026-07-01,2026,7,July,SKU05,Product C,Drink,Chocolate,Medium,Box,Bandung,1454,10905000,5000,7500,-10%,-0.1,1308.6000000000001,9814500.000000002,0.26172,3691.3999999999996,-1090499.9999999981
2026-07-01,2026,7,July,SKU05,Product C,Drink,Chocolate,Medium,Box,Bandung,1454,10905000,5000,7500,-20%,-0.2,1163.2,8724000,0.23264,3836.8,-2181000
2026-07-01,2026,7,July,SKU05,Product C,Drink,Chocolate,Medium,Box,Bandung,1454,10905000,5000,7500,-30%,-0.3,1017.8,7633500,0.20356,3982.2,-3271500
2026-07-01,2026,7,July,SKU05,Product C,Drink,Chocolate,Medium,Box,Bandung,1454,10905000,5000,7500,Base,0,1454,10905000,0.2908,3546,0
2026-07-01,2026,7,July,SKU06,Product C,Drink,Original,Large,Bottle,Jakarta,3834,38340000,6000,10000,+10%,0.1,4217.4000000000005,42174000.00000001,0.7029000000000001,1782.5999999999995,3834000.0000000075
2026-07-01,2026,7,July,SKU06,Product C,Drink,Original,Large,Bottle,Jakarta,3834,38340000,6000,10000,+20%,0.2,4600.8,46008000,0.7668,1399.1999999999998,7668000
2026-07-01,2026,7,July,SKU06,Product C,Drink,Original,Large,Bottle,Jakarta,3834,38340000,6000,10000,+30%,0.3,4984.2,49842000,0.8307,1015.8000000000002,11502000
2026-07-01,2026,7,July,SKU06,Product C,Drink,Original,Large,Bottle,Jakarta,3834,38340000,6000,10000,-10%,-0.1,3450.6,34506000,0.5751,2549.4,-3834000
2026-07-01,2026,7,July,SKU06,Product C,Drink,Original,Large,Bottle,Jakarta,3834,38340000,6000,10000,-20%,-0.2,3067.2000000000003,30672000.000000004,0.5112000000000001,2932.7999999999997,-7667999.999999996
2026-07-01,2026,7,July,SKU06,Product C,Drink,Original,Large,Bottle,Jakarta,3834,38340000,6000,10000,-30%,-0.3,2683.7999999999997,26837999.999999996,0.4473,3316.2000000000003,-11502000.000000004
2026-07-01,2026,7,July,SKU06,Product C,Drink,Original,Large,Bottle,Jakarta,3834,38340000,6000,10000,Base,0,3834,38340000,0.639,2166,0
2026-07-01,2026,7,July,SKU07,Product C,Drink,Chocolate,Small,Box,Bandung,3016,30160000,5000,10000,+10%,0.1,3317.6000000000004,33176000.000000004,0.6635200000000001,1682.3999999999996,3016000.0000000037
2026-07-01,2026,7,July,SKU07,Product C,Drink,Chocolate,Small,Box,Bandung,3016,30160000,5000,10000,+20%,0.2,3619.2,36192000,0.7238399999999999,1380.8000000000002,6032000
2026-07-01,2026,7,July,SKU07,Product C,Drink,Chocolate,Small,Box,Bandung,3016,30160000,5000,10000,+30%,0.3,3920.8,39208000,0.7841600000000001,1079.1999999999998,9048000
2026-07-01,2026,7,July,SKU07,Product C,Drink,Chocolate,Small,Box,Bandung,3016,30160000,5000,10000,-10%,-0.1,2714.4,27144000,0.54288,2285.6,-3016000
2026-07-01,2026,7,July,SKU07,Product C,Drink,Chocolate,Small,Box,Bandung,3016,30160000,5000,10000,-20%,-0.2,2412.8,24128000,0.48256000000000004,2587.2,-6032000
2026-07-01,2026,7,July,SKU07,Product C,Drink,Chocolate,Small,Box,Bandung,3016,30160000,5000,10000,-30%,-0.3,2111.2,21112000,0.42223999999999995,2888.8,-9048000
2026-07-01,2026,7,July,SKU07,Product C,Drink,Chocolate,Small,Box,Bandung,3016,30160000,5000,10000,Base,0,3016,30160000,0.6032,1984,0
2026-07-01,2026,7,July,SKU08,Product C,Drink,Vanilla,Medium,Box,Bandung,1539,15390000,4000,10000,+10%,0.1,1692.9,16929000,0.423225,2307.1,1539000
2026-07-01,2026,7,July,SKU08,Product C,Drink,Vanilla,Medium,Box,Bandung,1539,15390000,4000,10000,+20%,0.2,1846.8,18468000,0.4617,2153.2,3078000
2026-07-01,2026,7,July,SKU08,Product C,Drink,Vanilla,Medium,Box,Bandung,1539,15390000,4000,10000,+30%,0.3,2000.7,20007000,0.500175,1999.3,4617000
2026-07-01,2026,7,July,SKU08,Product C,Drink,Vanilla,Medium,Box,Bandung,1539,15390000,4000,10000,-10%,-0.1,1385.1000000000001,13851000.000000002,0.34627500000000005,2614.8999999999996,-1538999.9999999981
2026-07-01,2026,7,July,SKU08,Product C,Drink,Vanilla,Medium,Box,Bandung,1539,15390000,4000,10000,-20%,-0.2,1231.2,12312000,0.3078,2768.8,-3078000
2026-07-01,2026,7,July,SKU08,Product C,Drink,Vanilla,Medium,Box,Bandung,1539,15390000,4000,10000,-30%,-0.3,1077.3,10773000,0.269325,2922.7,-4617000
2026-07-01,2026,7,July,SKU08,Product C,Drink,Vanilla,Medium,Box,Bandung,1539,15390000,4000,10000,Base,0,1539,15390000,0.38475,2461,0
2026-07-01,2026,7,July,SKU09,Product C,Drink,Vanilla,Medium,Bottle,Bandung,3492,17460000,6000,5000,+10%,0.1,3841.2000000000003,19206000,0.6402,2158.7999999999997,1746000
2026-07-01,2026,7,July,SKU09,Product C,Drink,Vanilla,Medium,Bottle,Bandung,3492,17460000,6000,5000,+20%,0.2,4190.4,20952000,0.6983999999999999,1809.6000000000004,3492000
2026-07-01,2026,7,July,SKU09,Product C,Drink,Vanilla,Medium,Bottle,Bandung,3492,17460000,6000,5000,+30%,0.3,4539.6,22698000,0.7566,1460.3999999999996,5238000
2026-07-01,2026,7,July,SKU09,Product C,Drink,Vanilla,Medium,Bottle,Bandung,3492,17460000,6000,5000,-10%,-0.1,3142.8,15714000,0.5238,2857.2,-1746000
2026-07-01,2026,7,July,SKU09,Product C,Drink,Vanilla,Medium,Bottle,Bandung,3492,17460000,6000,5000,-20%,-0.2,2793.6000000000004,13968000.000000002,0.46560000000000007,3206.3999999999996,-3491999.999999998
2026-07-01,2026,7,July,SKU09,Product C,Drink,Vanilla,Medium,Bottle,Bandung,3492,17460000,6000,5000,-30%,-0.3,2444.3999999999996,12221999.999999998,0.40739999999999993,3555.6000000000004,-5238000.000000002
2026-07-01,2026,7,July,SKU09,Product C,Drink,Vanilla,Medium,Bottle,Bandung,3492,17460000,6000,5000,Base,0,3492,17460000,0.582,2508,0
2026-07-01,2026,7,July,SKU10,Product C,Drink,Chocolate,Large,Box,Jakarta,5328,53280000,4000,10000,+10%,0.1,5860.8,58608000,1.4652,-1860.8000000000002,5328000
2026-07-01,2026,7,July,SKU10,Product C,Drink,Chocolate,Large,Box,Jakarta,5328,53280000,4000,10000,+20%,0.2,6393.5999999999995,63935999.99999999,1.5983999999999998,-2393.5999999999995,10655999.999999993
2026-07-01,2026,7,July,SKU10,Product C,Drink,Chocolate,Large,Box,Jakarta,5328,53280000,4000,10000,+30%,0.3,6926.4000000000005,69264000,1.7316,-2926.4000000000005,15984000
2026-07-01,2026,7,July,SKU10,Product C,Drink,Chocolate,Large,Box,Jakarta,5328,53280000,4000,10000,-10%,-0.1,4795.2,47952000,1.1987999999999999,-795.1999999999998,-5328000
2026-07-01,2026,7,July,SKU10,Product C,Drink,Chocolate,Large,Box,Jakarta,5328,53280000,4000,10000,-20%,-0.2,4262.4000000000005,42624000.00000001,1.0656,-262.40000000000055,-10655999.999999993
2026-07-01,2026,7,July,SKU10,Product C,Drink,Chocolate,Large,Box,Jakarta,5328,53280000,4000,10000,-30%,-0.3,3729.6,37296000,0.9324,270.4000000000001,-15984000
2026-07-01,2026,7,July,SKU10,Product C,Drink,Chocolate,Large,Box,Jakarta,5328,53280000,4000,10000,Base,0,5328,53280000,1.332,-1328,0
2026-07-01,2026,7,July,SKU11,Product C,Drink,Original,Large,Bottle,Bandung,2437,24370000,5000,10000,+10%,0.1,2680.7000000000003,26807000.000000004,0.5361400000000001,2319.2999999999997,2437000.0000000037
2026-07-01,2026,7,July,SKU11,Product C,Drink,Original,Large,Bottle,Bandung,2437,24370000,5000,10000,+20%,0.2,2924.4,29244000,0.5848800000000001,2075.6,4874000
2026-07-01,2026,7,July,SKU11,Product C,Drink,Original,Large,Bottle,Bandung,2437,24370000,5000,10000,+30%,0.3,3168.1,31681000,0.63362,1831.9,7311000
2026-07-01,2026,7,July,SKU11,Product C,Drink,Original,Large,Bottle,Bandung,2437,24370000,5000,10000,-10%,-0.1,2193.3,21933000,0.43866000000000005,2806.7,-2437000
2026-07-01,2026,7,July,SKU11,Product C,Drink,Original,Large,Bottle,Bandung,2437,24370000,5000,10000,-20%,-0.2,1949.6000000000001,19496000,0.38992000000000004,3050.3999999999996,-4874000
2026-07-01,2026,7,July,SKU11,Product C,Drink,Original,Large,Bottle,Bandung,2437,24370000,5000,10000,-30%,-0.3,1705.8999999999999,17059000,0.34118,3294.1000000000004,-7311000
2026-07-01,2026,7,July,SKU11,Product C,Drink,Original,Large,Bottle,Bandung,2437,24370000,5000,10000,Base,0,2437,24370000,0.4874,2563,0
2026-07-01,2026,7,July,SKU12,Product C,Drink,Original,Large,Bottle,Jakarta,1185,5925000,4000,5000,+10%,0.1,1303.5,6517500,0.325875,2696.5,592500
2026-07-01,2026,7,July,SKU12,Product C,Drink,Original,Large,Bottle,Jakarta,1185,5925000,4000,5000,+20%,0.2,1422,7110000,0.3555,2578,1185000
2026-07-01,2026,7,July,SKU12,Product C,Drink,Original,Large,Bottle,Jakarta,1185,5925000,4000,5000,+30%,0.3,1540.5,7702500,0.385125,2459.5,1777500
2026-07-01,2026,7,July,SKU12,Product C,Drink,Original,Large,Bottle,Jakarta,1185,5925000,4000,5000,-10%,-0.1,1066.5,5332500,0.266625,2933.5,-592500
2026-07-01,2026,7,July,SKU12,Product C,Drink,Original,Large,Bottle,Jakarta,1185,5925000,4000,5000,-20%,-0.2,948,4740000,0.237,3052,-1185000
2026-07-01,2026,7,July,SKU12,Product C,Drink,Original,Large,Bottle,Jakarta,1185,5925000,4000,5000,-30%,-0.3,829.5,4147500,0.207375,3170.5,-1777500
2026-07-01,2026,7,July,SKU12,Product C,Drink,Original,Large,Bottle,Jakarta,1185,5925000,4000,5000,Base,0,1185,5925000,0.29625,2815,0
2026-08-01,2026,8,August,SKU01,Product D,Drink,Berry,Medium,Bottle,Jakarta,2689,40335000,5000,15000,+10%,0.1,2957.9,44368500,0.59158,2042.1,4033500
2026-08-01,2026,8,August,SKU01,Product D,Drink,Berry,Medium,Bottle,Jakarta,2689,40335000,5000,15000,+20%,0.2,3226.7999999999997,48401999.99999999,0.6453599999999999,1773.2000000000003,8066999.999999993
2026-08-01,2026,8,August,SKU01,Product D,Drink,Berry,Medium,Bottle,Jakarta,2689,40335000,5000,15000,+30%,0.3,3495.7000000000003,52435500.00000001,0.6991400000000001,1504.2999999999997,12100500.000000007
2026-08-01,2026,8,August,SKU01,Product D,Drink,Berry,Medium,Bottle,Jakarta,2689,40335000,5000,15000,-10%,-0.1,2420.1,36301500,0.48402,2579.9,-4033500
2026-08-01,2026,8,August,SKU01,Product D,Drink,Berry,Medium,Bottle,Jakarta,2689,40335000,5000,15000,-20%,-0.2,2151.2000000000003,32268000.000000004,0.43024000000000007,2848.7999999999997,-8066999.999999996
2026-08-01,2026,8,August,SKU01,Product D,Drink,Berry,Medium,Bottle,Jakarta,2689,40335000,5000,15000,-30%,-0.3,1882.3,28234500,0.37646,3117.7,-12100500
2026-08-01,2026,8,August,SKU01,Product D,Drink,Berry,Medium,Bottle,Jakarta,2689,40335000,5000,15000,Base,0,2689,40335000,0.5378,2311,0
2026-08-01,2026,8,August,SKU02,Product D,Drink,Chocolate,Large,Bottle,Bandung,3989,19945000,4000,5000,+10%,0.1,4387.9000000000005,21939500.000000004,1.096975,-387.90000000000055,1994500.0000000037
2026-08-01,2026,8,August,SKU02,Product D,Drink,Chocolate,Large,Bottle,Bandung,3989,19945000,4000,5000,+20%,0.2,4786.8,23934000,1.1967,-786.8000000000002,3989000
2026-08-01,2026,8,August,SKU02,Product D,Drink,Chocolate,Large,Bottle,Bandung,3989,19945000,4000,5000,+30%,0.3,5185.7,25928500,1.296425,-1185.6999999999998,5983500
2026-08-01,2026,8,August,SKU02,Product D,Drink,Chocolate,Large,Bottle,Bandung,3989,19945000,4000,5000,-10%,-0.1,3590.1,17950500,0.897525,409.9000000000001,-1994500
2026-08-01,2026,8,August,SKU02,Product D,Drink,Chocolate,Large,Bottle,Bandung,3989,19945000,4000,5000,-20%,-0.2,3191.2000000000003,15956000.000000002,0.7978000000000001,808.7999999999997,-3988999.999999998
2026-08-01,2026,8,August,SKU02,Product D,Drink,Chocolate,Large,Bottle,Bandung,3989,19945000,4000,5000,-30%,-0.3,2792.2999999999997,13961499.999999998,0.6980749999999999,1207.7000000000003,-5983500.000000002
2026-08-01,2026,8,August,SKU02,Product D,Drink,Chocolate,Large,Bottle,Bandung,3989,19945000,4000,5000,Base,0,3989,19945000,0.99725,11,0
2026-08-01,2026,8,August,SKU03,Product D,Drink,Chocolate,Small,Box,Bandung,1204,6020000,5000,5000,+10%,0.1,1324.4,6622000,0.26488,3675.6,602000
2026-08-01,2026,8,August,SKU03,Product D,Drink,Chocolate,Small,Box,Bandung,1204,6020000,5000,5000,+20%,0.2,1444.8,7224000,0.28896,3555.2,1204000
2026-08-01,2026,8,August,SKU03,Product D,Drink,Chocolate,Small,Box,Bandung,1204,6020000,5000,5000,+30%,0.3,1565.2,7826000,0.31304,3434.8,1806000
2026-08-01,2026,8,August,SKU03,Product D,Drink,Chocolate,Small,Box,Bandung,1204,6020000,5000,5000,-10%,-0.1,1083.6000000000001,5418000.000000001,0.21672000000000002,3916.3999999999996,-601999.9999999991
2026-08-01,2026,8,August,SKU03,Product D,Drink,Chocolate,Small,Box,Bandung,1204,6020000,5000,5000,-20%,-0.2,963.2,4816000,0.19264,4036.8,-1204000
2026-08-01,2026,8,August,SKU03,Product D,Drink,Chocolate,Small,Box,Bandung,1204,6020000,5000,5000,-30%,-0.3,842.8,4214000,0.16856,4157.2,-1806000
2026-08-01,2026,8,August,SKU03,Product D,Drink,Chocolate,Small,Box,Bandung,1204,6020000,5000,5000,Base,0,1204,6020000,0.2408,3796,0
2026-08-01,2026,8,August,SKU04,Product D,Drink,Vanilla,Small,Bottle,Bandung,3781,56715000,5000,15000,+10%,0.1,4159.1,62386500.00000001,0.8318200000000001,840.8999999999996,5671500.000000007
2026-08-01,2026,8,August,SKU04,Product D,Drink,Vanilla,Small,Bottle,Bandung,3781,56715000,5000,15000,+20%,0.2,4537.2,68058000,0.9074399999999999,462.8000000000002,11343000
2026-08-01,2026,8,August,SKU04,Product D,Drink,Vanilla,Small,Bottle,Bandung,3781,56715000,5000,15000,+30%,0.3,4915.3,73729500,0.98306,84.69999999999982,17014500
2026-08-01,2026,8,August,SKU04,Product D,Drink,Vanilla,Small,Bottle,Bandung,3781,56715000,5000,15000,-10%,-0.1,3402.9,51043500,0.68058,1597.1,-5671500
2026-08-01,2026,8,August,SKU04,Product D,Drink,Vanilla,Small,Bottle,Bandung,3781,56715000,5000,15000,-20%,-0.2,3024.8,45372000,0.60496,1975.1999999999998,-11343000
2026-08-01,2026,8,August,SKU04,Product D,Drink,Vanilla,Small,Bottle,Bandung,3781,56715000,5000,15000,-30%,-0.3,2646.7,39700500,0.5293399999999999,2353.3,-17014500
2026-08-01,2026,8,August,SKU04,Product D,Drink,Vanilla,Small,Bottle,Bandung,3781,56715000,5000,15000,Base,0,3781,56715000,0.7562,1219,0
2026-08-01,2026,8,August,SKU05,Product D,Drink,Vanilla,Medium,Bottle,Bandung,546,4095000,6000,7500,+10%,0.1,600.6,4504500,0.10010000000000001,5399.4,409500
2026-08-01,2026,8,August,SKU05,Product D,Drink,Vanilla,Medium,Bottle,Bandung,546,4095000,6000,7500,+20%,0.2,655.1999999999999,4913999.999999999,0.10919999999999999,5344.8,818999.9999999991
2026-08-01,2026,8,August,SKU05,Product D,Drink,Vanilla,Medium,Bottle,Bandung,546,4095000,6000,7500,+30%,0.3,709.8000000000001,5323500.000000001,0.11830000000000002,5290.2,1228500.000000001
2026-08-01,2026,8,August,SKU05,Product D,Drink,Vanilla,Medium,Bottle,Bandung,546,4095000,6000,7500,-10%,-0.1,491.40000000000003,3685500.0000000005,0.0819,5508.6,-409499.99999999953
2026-08-01,2026,8,August,SKU05,Product D,Drink,Vanilla,Medium,Bottle,Bandung,546,4095000,6000,7500,-20%,-0.2,436.8,3276000,0.0728,5563.2,-819000
2026-08-01,2026,8,August,SKU05,Product D,Drink,Vanilla,Medium,Bottle,Bandung,546,4095000,6000,7500,-30%,-0.3,382.2,2866500,0.06369999999999999,5617.8,-1228500
2026-08-01,2026,8,August,SKU05,Product D,Drink,Vanilla,Medium,Bottle,Bandung,546,4095000,6000,7500,Base,0,546,4095000,0.091,5454,0
2026-08-01,2026,8,August,SKU06,Product D,Drink,Vanilla,Small,Bottle,Jakarta,2090,15675000,5000,7500,+10%,0.1,2299,17242500,0.4598,2701,1567500
2026-08-01,2026,8,August,SKU06,Product D,Drink,Vanilla,Small,Bottle,Jakarta,2090,15675000,5000,7500,+20%,0.2,2508,18810000,0.5016,2492,3135000
2026-08-01,2026,8,August,SKU06,Product D,Drink,Vanilla,Small,Bottle,Jakarta,2090,15675000,5000,7500,+30%,0.3,2717,20377500,0.5434,2283,4702500
2026-08-01,2026,8,August,SKU06,Product D,Drink,Vanilla,Small,Bottle,Jakarta,2090,15675000,5000,7500,-10%,-0.1,1881,14107500,0.3762,3119,-1567500
2026-08-01,2026,8,August,SKU06,Product D,Drink,Vanilla,Small,Bottle,Jakarta,2090,15675000,5000,7500,-20%,-0.2,1672,12540000,0.3344,3328,-3135000
2026-08-01,2026,8,August,SKU06,Product D,Drink,Vanilla,Small,Bottle,Jakarta,2090,15675000,5000,7500,-30%,-0.3,1463,10972500,0.2926,3537,-4702500
2026-08-01,2026,8,August,SKU06,Product D,Drink,Vanilla,Small,Bottle,Jakarta,2090,15675000,5000,7500,Base,0,2090,15675000,0.418,2910,0
2026-08-01,2026,8,August,SKU07,Product D,Drink,Original,Small,Bottle,Jakarta,4150,20750000,6000,5000,+10%,0.1,4565,22825000,0.7608333333333334,1435,2075000
2026-08-01,2026,8,August,SKU07,Product D,Drink,Original,Small,Bottle,Jakarta,4150,20750000,6000,5000,+20%,0.2,4980,24900000,0.83,1020,4150000
2026-08-01,2026,8,August,SKU07,Product D,Drink,Original,Small,Bottle,Jakarta,4150,20750000,6000,5000,+30%,0.3,5395,26975000,0.8991666666666667,605,6225000
2026-08-01,2026,8,August,SKU07,Product D,Drink,Original,Small,Bottle,Jakarta,4150,20750000,6000,5000,-10%,-0.1,3735,18675000,0.6225,2265,-2075000
2026-08-01,2026,8,August,SKU07,Product D,Drink,Original,Small,Bottle,Jakarta,4150,20750000,6000,5000,-20%,-0.2,3320,16600000,0.5533333333333333,2680,-4150000
2026-08-01,2026,8,August,SKU07,Product D,Drink,Original,Small,Bottle,Jakarta,4150,20750000,6000,5000,-30%,-0.3,2905,14525000,0.4841666666666667,3095,-6225000
2026-08-01,2026,8,August,SKU07,Product D,Drink,Original,Small,Bottle,Jakarta,4150,20750000,6000,5000,Base,0,4150,20750000,0.6916666666666667,1850,0
2026-08-01,2026,8,August,SKU08,Product D,Drink,Chocolate,Small,Box,Jakarta,2419,24190000,4000,10000,+10%,0.1,2660.9,26609000,0.6652250000000001,1339.1,2419000
2026-08-01,2026,8,August,SKU08,Product D,Drink,Chocolate,Small,Box,Jakarta,2419,24190000,4000,10000,+20%,0.2,2902.7999999999997,29027999.999999996,0.7256999999999999,1097.2000000000003,4837999.999999996
2026-08-01,2026,8,August,SKU08,Product D,Drink,Chocolate,Small,Box,Jakarta,2419,24190000,4000,10000,+30%,0.3,3144.7000000000003,31447000.000000004,0.7861750000000001,855.2999999999997,7257000.000000004
2026-08-01,2026,8,August,SKU08,Product D,Drink,Chocolate,Small,Box,Jakarta,2419,24190000,4000,10000,-10%,-0.1,2177.1,21771000,0.544275,1822.9,-2419000
2026-08-01,2026,8,August,SKU08,Product D,Drink,Chocolate,Small,Box,Jakarta,2419,24190000,4000,10000,-20%,-0.2,1935.2,19352000,0.4838,2064.8,-4838000
2026-08-01,2026,8,August,SKU08,Product D,Drink,Chocolate,Small,Box,Jakarta,2419,24190000,4000,10000,-30%,-0.3,1693.3,16933000,0.423325,2306.7,-7257000
2026-08-01,2026,8,August,SKU08,Product D,Drink,Chocolate,Small,Box,Jakarta,2419,24190000,4000,10000,Base,0,2419,24190000,0.60475,1581,0
2026-08-01,2026,8,August,SKU09,Product D,Drink,Chocolate,Medium,Box,Jakarta,1773,8865000,6000,5000,+10%,0.1,1950.3000000000002,9751500,0.32505,4049.7,886500
2026-08-01,2026,8,August,SKU09,Product D,Drink,Chocolate,Medium,Box,Jakarta,1773,8865000,6000,5000,+20%,0.2,2127.6,10638000,0.35459999999999997,3872.4,1773000
2026-08-01,2026,8,August,SKU09,Product D,Drink,Chocolate,Medium,Box,Jakarta,1773,8865000,6000,5000,+30%,0.3,2304.9,11524500,0.38415,3695.1,2659500
2026-08-01,2026,8,August,SKU09,Product D,Drink,Chocolate,Medium,Box,Jakarta,1773,8865000,6000,5000,-10%,-0.1,1595.7,7978500,0.26595,4404.3,-886500
2026-08-01,2026,8,August,SKU09,Product D,Drink,Chocolate,Medium,Box,Jakarta,1773,8865000,6000,5000,-20%,-0.2,1418.4,7092000,0.23640000000000003,4581.6,-1773000
2026-08-01,2026,8,August,SKU09,Product D,Drink,Chocolate,Medium,Box,Jakarta,1773,8865000,6000,5000,-30%,-0.3,1241.1,6205500,0.20684999999999998,4758.9,-2659500
2026-08-01,2026,8,August,SKU09,Product D,Drink,Chocolate,Medium,Box,Jakarta,1773,8865000,6000,5000,Base,0,1773,8865000,0.2955,4227,0
2026-08-01,2026,8,August,SKU10,Product D,Drink,Original,Medium,Bottle,Bandung,4407,33052500,6000,7500,+10%,0.1,4847.700000000001,36357750.00000001,0.8079500000000002,1152.2999999999993,3305250.0000000075
2026-08-01,2026,8,August,SKU10,Product D,Drink,Original,Medium,Bottle,Bandung,4407,33052500,6000,7500,+20%,0.2,5288.4,39663000,0.8814,711.6000000000004,6610500
2026-08-01,2026,8,August,SKU10,Product D,Drink,Original,Medium,Bottle,Bandung,4407,33052500,6000,7500,+30%,0.3,5729.1,42968250,0.9548500000000001,270.89999999999964,9915750
2026-08-01,2026,8,August,SKU10,Product D,Drink,Original,Medium,Bottle,Bandung,4407,33052500,6000,7500,-10%,-0.1,3966.3,29747250,0.66105,2033.6999999999998,-3305250
2026-08-01,2026,8,August,SKU10,Product D,Drink,Original,Medium,Bottle,Bandung,4407,33052500,6000,7500,-20%,-0.2,3525.6000000000004,26442000.000000004,0.5876,2474.3999999999996,-6610499.999999996
2026-08-01,2026,8,August,SKU10,Product D,Drink,Original,Medium,Bottle,Bandung,4407,33052500,6000,7500,-30%,-0.3,3084.8999999999996,23136749.999999996,0.5141499999999999,2915.1000000000004,-9915750.000000004
2026-08-01,2026,8,August,SKU10,Product D,Drink,Original,Medium,Bottle,Bandung,4407,33052500,6000,7500,Base,0,4407,33052500,0.7345,1593,0
2026-08-01,2026,8,August,SKU11,Product D,Drink,Vanilla,Small,Box,Jakarta,4535,34012500,6000,7500,+10%,0.1,4988.5,37413750,0.8314166666666667,1011.5,3401250
2026-08-01,2026,8,August,SKU11,Product D,Drink,Vanilla,Small,Box,Jakarta,4535,34012500,6000,7500,+20%,0.2,5442,40815000,0.907,558,6802500
2026-08-01,2026,8,August,SKU11,Product D,Drink,Vanilla,Small,Box,Jakarta,4535,34012500,6000,7500,+30%,0.3,5895.5,44216250,0.9825833333333334,104.5,10203750
2026-08-01,2026,8,August,SKU11,Product D,Drink,Vanilla,Small,Box,Jakarta,4535,34012500,6000,7500,-10%,-0.1,4081.5,30611250,0.68025,1918.5,-3401250
2026-08-01,2026,8,August,SKU11,Product D,Drink,Vanilla,Small,Box,Jakarta,4535,34012500,6000,7500,-20%,-0.2,3628,27210000,0.6046666666666667,2372,-6802500
2026-08-01,2026,8,August,SKU11,Product D,Drink,Vanilla,Small,Box,Jakarta,4535,34012500,6000,7500,-30%,-0.3,3174.5,23808750,0.52908333333333335,2825.5,-10203750
2026-08-01,2026,8,August,SKU11,Product D,Drink,Vanilla,Small,Box,Jakarta,4535,34012500,6000,7500,Base,0,4535,34012500,0.7558333333333334,1465,0
2026-08-01,2026,8,August,SKU12,Product D,Drink,Berry,Large,Box,Jakarta,3485,52275000,4000,15000,+10%,0.1,3833.5000000000005,57502500.00000001,0.9583750000000001,166.49999999999955,5227500.000000007
2026-08-01,2026,8,August,SKU12,Product D,Drink,Berry,Large,Box,Jakarta,3485,52275000,4000,15000,+20%,0.2,4182,62730000,1.0455,-182,10455000
2026-08-01,2026,8,August,SKU12,Product D,Drink,Berry,Large,Box,Jakarta,3485,52275000,4000,15000,+30%,0.3,4530.5,67957500,1.132625,-530.5,15682500
2026-08-01,2026,8,August,SKU12,Product D,Drink,Berry,Large,Box,Jakarta,3485,52275000,4000,15000,-10%,-0.1,3136.5,47047500,0.784125,863.5,-5227500
2026-08-01,2026,8,August,SKU12,Product D,Drink,Berry,Large,Box,Jakarta,3485,52275000,4000,15000,-20%,-0.2,2788,41820000,0.697,1212,-10455000
2026-08-01,2026,8,August,SKU12,Product D,Drink,Berry,Large,Box,Jakarta,3485,52275000,4000,15000,-30%,-0.3,2439.5,36592500,0.609875,1560.5,-15682500
2026-08-01,2026,8,August,SKU12,Product D,Drink,Berry,Large,Box,Jakarta,3485,52275000,4000,15000,Base,0,3485,52275000,0.87125,515,0
2026-09-01,2026,9,September,SKU01,Product A,Food,Vanilla,Large,Bottle,Jakarta,4952,24760000,5000,5000,+10%,0.1,5447.200000000001,27236000.000000004,1.0894400000000002,-447.2000000000007,2476000.0000000037
2026-09-01,2026,9,September,SKU01,Product A,Food,Vanilla,Large,Bottle,Jakarta,4952,24760000,5000,5000,+20%,0.2,5942.4,29712000,1.18848,-942.3999999999996,4952000
2026-09-01,2026,9,September,SKU01,Product A,Food,Vanilla,Large,Bottle,Jakarta,4952,24760000,5000,5000,+30%,0.3,6437.6,32188000,1.28752,-1437.6000000000004,7428000
2026-09-01,2026,9,September,SKU01,Product A,Food,Vanilla,Large,Bottle,Jakarta,4952,24760000,5000,5000,-10%,-0.1,4456.8,22284000,0.89136,543.1999999999998,-2476000
2026-09-01,2026,9,September,SKU01,Product A,Food,Vanilla,Large,Bottle,Jakarta,4952,24760000,5000,5000,-20%,-0.2,3961.6000000000004,19808000,0.79232,1038.3999999999996,-4952000
2026-09-01,2026,9,September,SKU01,Product A,Food,Vanilla,Large,Bottle,Jakarta,4952,24760000,5000,5000,-30%,-0.3,3466.3999999999996,17332000,0.6932799999999999,1533.6000000000004,-7428000
2026-09-01,2026,9,September,SKU01,Product A,Food,Vanilla,Large,Bottle,Jakarta,4952,24760000,5000,5000,Base,0,4952,24760000,0.9904,48,0
2026-09-01,2026,9,September,SKU02,Product A,Food,Vanilla,Small,Box,Bandung,3012,30120000,4000,10000,+10%,0.1,3313.2000000000003,33132000.000000004,0.8283,686.7999999999997,3012000.0000000037
2026-09-01,2026,9,September,SKU02,Product A,Food,Vanilla,Small,Box,Bandung,3012,30120000,4000,10000,+20%,0.2,3614.4,36144000,0.9036000000000001,385.5999999999999,6024000
2026-09-01,2026,9,September,SKU02,Product A,Food,Vanilla,Small,Box,Bandung,3012,30120000,4000,10000,+30%,0.3,3915.6,39156000,0.9789,84.40000000000009,9036000
2026-09-01,2026,9,September,SKU02,Product A,Food,Vanilla,Small,Box,Bandung,3012,30120000,4000,10000,-10%,-0.1,2710.8,27108000,0.6777000000000001,1289.1999999999998,-3012000
2026-09-01,2026,9,September,SKU02,Product A,Food,Vanilla,Small,Box,Bandung,3012,30120000,4000,10000,-20%,-0.2,2409.6,24096000,0.6023999999999999,1590.4,-6024000
2026-09-01,2026,9,September,SKU02,Product A,Food,Vanilla,Small,Box,Bandung,3012,30120000,4000,10000,-30%,-0.3,2108.4,21084000,0.5271,1891.6,-9036000
2026-09-01,2026,9,September,SKU02,Product A,Food,Vanilla,Small,Box,Bandung,3012,30120000,4000,10000,Base,0,3012,30120000,0.753,988,0
2026-09-01,2026,9,September,SKU03,Product A,Food,Original,Large,Box,Jakarta,897,4485000,4000,5000,+10%,0.1,986.7,4933500,0.246675,3013.3,448500
2026-09-01,2026,9,September,SKU03,Product A,Food,Original,Large,Box,Jakarta,897,4485000,4000,5000,+20%,0.2,1076.3999999999999,5381999.999999999,0.26909999999999995,2923.6000000000004,896999.9999999991
2026-09-01,2026,9,September,SKU03,Product A,Food,Original,Large,Box,Jakarta,897,4485000,4000,5000,+30%,0.3,1166.1000000000001,5830500.000000001,0.29152500000000003,2833.8999999999996,1345500.000000001
2026-09-01,2026,9,September,SKU03,Product A,Food,Original,Large,Box,Jakarta,897,4485000,4000,5000,-10%,-0.1,807.3000000000001,4036500.0000000005,0.201825,3192.7,-448499.99999999953
2026-09-01,2026,9,September,SKU03,Product A,Food,Original,Large,Box,Jakarta,897,4485000,4000,5000,-20%,-0.2,717.6,3588000,0.1794,3282.4,-897000
2026-09-01,2026,9,September,SKU03,Product A,Food,Original,Large,Box,Jakarta,897,4485000,4000,5000,-30%,-0.3,627.9,3139500,0.156975,3372.1,-1345500
2026-09-01,2026,9,September,SKU03,Product A,Food,Original,Large,Box,Jakarta,897,4485000,4000,5000,Base,0,897,4485000,0.22425,3103,0
2026-09-01,2026,9,September,SKU04,Product A,Food,Original,Large,Box,Bandung,3084,23130000,6000,7500,+10%,0.1,3392.4,25443000,0.5654,2607.6,2313000
2026-09-01,2026,9,September,SKU04,Product A,Food,Original,Large,Box,Bandung,3084,23130000,6000,7500,+20%,0.2,3700.7999999999997,27755999.999999996,0.6167999999999999,2299.2000000000003,4625999.999999996
2026-09-01,2026,9,September,SKU04,Product A,Food,Original,Large,Box,Bandung,3084,23130000,6000,7500,+30%,0.3,4009.2000000000003,30069000.000000004,0.6682,1990.7999999999997,6939000.000000004
2026-09-01,2026,9,September,SKU04,Product A,Food,Original,Large,Box,Bandung,3084,23130000,6000,7500,-10%,-0.1,2775.6,20817000,0.4626,3224.4,-2313000
2026-09-01,2026,9,September,SKU04,Product A,Food,Original,Large,Box,Bandung,3084,23130000,6000,7500,-20%,-0.2,2467.2000000000003,18504000.000000004,0.41120000000000007,3532.7999999999997,-4625999.999999996
2026-09-01,2026,9,September,SKU04,Product A,Food,Original,Large,Box,Bandung,3084,23130000,6000,7500,-30%,-0.3,2158.7999999999997,16190999.999999998,0.35979999999999995,3841.2000000000003,-6939000.000000002
2026-09-01,2026,9,September,SKU04,Product A,Food,Original,Large,Box,Bandung,3084,23130000,6000,7500,Base,0,3084,23130000,0.514,2916,0
2026-09-01,2026,9,September,SKU05,Product A,Food,Vanilla,Small,Bottle,Jakarta,1956,14670000,4000,7500,+10%,0.1,2151.6000000000004,16137000.000000002,0.5379,1848.3999999999996,1467000.0000000019
2026-09-01,2026,9,September,SKU05,Product A,Food,Vanilla,Small,Bottle,Jakarta,1956,14670000,4000,7500,+20%,0.2,2347.2,17604000,0.5868,1652.8000000000002,2934000
2026-09-01,2026,9,September,SKU05,Product A,Food,Vanilla,Small,Bottle,Jakarta,1956,14670000,4000,7500,+30%,0.3,2542.8,19071000,0.6357,1457.1999999999998,4401000
2026-09-01,2026,9,September,SKU05,Product A,Food,Vanilla,Small,Bottle,Jakarta,1956,14670000,4000,7500,-10%,-0.1,1760.4,13203000,0.44010000000000005,2239.6,-1467000
2026-09-01,2026,9,September,SKU05,Product A,Food,Vanilla,Small,Bottle,Jakarta,1956,14670000,4000,7500,-20%,-0.2,1564.8000000000002,11736000.000000002,0.39120000000000005,2435.2,-2933999.999999998
2026-09-01,2026,9,September,SKU05,Product A,Food,Vanilla,Small,Bottle,Jakarta,1956,14670000,4000,7500,-30%,-0.3,1369.1999999999998,10268999.999999998,0.34229999999999994,2630.8,-4401000.000000002
2026-09-01,2026,9,September,SKU05,Product A,Food,Vanilla,Small,Bottle,Jakarta,1956,14670000,4000,7500,Base,0,1956,14670000,0.489,2044,0
2026-09-01,2026,9,September,SKU06,Product A,Food,Chocolate,Small,Bottle,Bandung,2411,36165000,6000,15000,+10%,0.1,2652.1000000000004,39781500.00000001,0.4420166666666667,3347.8999999999996,3616500.0000000075
2026-09-01,2026,9,September,SKU06,Product A,Food,Chocolate,Small,Bottle,Bandung,2411,36165000,6000,15000,+20%,0.2,2893.2,43398000,0.48219999999999996,3106.8,7233000
2026-09-01,2026,9,September,SKU06,Product A,Food,Chocolate,Small,Bottle,Bandung,2411,36165000,6000,15000,+30%,0.3,3134.3,47014500,0.5223833333333333,2865.7,10849500
2026-09-01,2026,9,September,SKU06,Product A,Food,Chocolate,Small,Bottle,Bandung,2411,36165000,6000,15000,-10%,-0.1,2169.9,32548500,0.36165,3830.1,-3616500
2026-09-01,2026,9,September,SKU06,Product A,Food,Chocolate,Small,Bottle,Bandung,2411,36165000,6000,15000,-20%,-0.2,1928.8000000000002,28932000.000000004,0.3214666666666667,4071.2,-7232999.999999996
2026-09-01,2026,9,September,SKU06,Product A,Food,Chocolate,Small,Bottle,Bandung,2411,36165000,6000,15000,-30%,-0.3,1687.6999999999998,25315499.999999996,0.28128333333333333,4312.3,-10849500.000000004
2026-09-01,2026,9,September,SKU06,Product A,Food,Chocolate,Small,Bottle,Bandung,2411,36165000,6000,15000,Base,0,2411,36165000,0.4018333333333333,3589,0
2026-09-01,2026,9,September,SKU07,Product A,Food,Original,Small,Bottle,Bandung,4831,48310000,6000,10000,+10%,0.1,5314.1,53141000,0.8856833333333334,685.8999999999996,4831000
2026-09-01,2026,9,September,SKU07,Product A,Food,Original,Small,Bottle,Bandung,4831,48310000,6000,10000,+20%,0.2,5797.2,57972000,0.9662,202.80000000000018,9662000
2026-09-01,2026,9,September,SKU07,Product A,Food,Original,Small,Bottle,Bandung,4831,48310000,6000,10000,+30%,0.3,6280.3,62803000,1.0467166666666667,-280.3000000000002,14493000
2026-09-01,2026,9,September,SKU07,Product A,Food,Original,Small,Bottle,Bandung,4831,48310000,6000,10000,-10%,-0.1,4347.9000000000005,43479000.00000001,0.7246500000000001,1652.0999999999995,-4830999.999999993
2026-09-01,2026,9,September,SKU07,Product A,Food,Original,Small,Bottle,Bandung,4831,48310000,6000,10000,-20%,-0.2,3864.8,38648000,0.6441333333333333,2135.2,-9662000
2026-09-01,2026,9,September,SKU07,Product A,Food,Original,Small,Bottle,Bandung,4831,48310000,6000,10000,-30%,-0.3,3381.7,33817000,0.5636166666666667,2618.3,-14493000
2026-09-01,2026,9,September,SKU07,Product A,Food,Original,Small,Bottle,Bandung,4831,48310000,6000,10000,Base,0,4831,48310000,0.8051666666666667,1169,0
2026-09-01,2026,9,September,SKU08,Product A,Food,Vanilla,Small,Bottle,Jakarta,4194,41940000,6000,10000,+10%,0.1,4613.4000000000005,46134000.00000001,0.7689000000000001,1386.5999999999995,4194000.0000000075
2026-09-01,2026,9,September,SKU08,Product A,Food,Vanilla,Small,Bottle,Jakarta,4194,41940000,6000,10000,+20%,0.2,5032.8,50328000,0.8388,967.1999999999998,8388000
2026-09-01,2026,9,September,SKU08,Product A,Food,Vanilla,Small,Bottle,Jakarta,4194,41940000,6000,10000,+30%,0.3,5452.2,54522000,0.9087,547.8000000000002,12582000
2026-09-01,2026,9,September,SKU08,Product A,Food,Vanilla,Small,Bottle,Jakarta,4194,41940000,6000,10000,-10%,-0.1,3774.6,37746000,0.6291,2225.4,-4194000
2026-09-01,2026,9,September,SKU08,Product A,Food,Vanilla,Small,Bottle,Jakarta,4194,41940000,6000,10000,-20%,-0.2,3355.2000000000003,33552000.000000004,0.5592,2644.7999999999997,-8387999.999999996
2026-09-01,2026,9,September,SKU08,Product A,Food,Vanilla,Small,Bottle,Jakarta,4194,41940000,6000,10000,-30%,-0.3,2935.7999999999997,29357999.999999996,0.48929999999999996,3064.2000000000003,-12582000.000000004
2026-09-01,2026,9,September,SKU08,Product A,Food,Vanilla,Small,Bottle,Jakarta,4194,41940000,6000,10000,Base,0,4194,41940000,0.699,1806,0
2026-09-01,2026,9,September,SKU09,Product A,Food,Chocolate,Medium,Box,Jakarta,2264,11320000,6000,5000,+10%,0.1,2490.4,12452000,0.4150666666666667,3509.6,1132000
2026-09-01,2026,9,September,SKU09,Product A,Food,Chocolate,Medium,Box,Jakarta,2264,11320000,6000,5000,+20%,0.2,2716.7999999999997,13583999.999999998,0.4528,3283.2000000000003,2263999.999999998
2026-09-01,2026,9,September,SKU09,Product A,Food,Chocolate,Medium,Box,Jakarta,2264,11320000,6000,5000,+30%,0.3,2943.2000000000003,14716000.000000002,0.4905333333333334,3056.7999999999997,3396000.000000002
2026-09-01,2026,9,September,SKU09,Product A,Food,Chocolate,Medium,Box,Jakarta,2264,11320000,6000,5000,-10%,-0.1,2037.6000000000001,10188000,0.3396,3962.3999999999996,-1132000
2026-09-01,2026,9,September,SKU09,Product A,Food,Chocolate,Medium,Box,Jakarta,2264,11320000,6000,5000,-20%,-0.2,1811.2,9056000,0.30186666666666667,4188.8,-2264000
2026-09-01,2026,9,September,SKU09,Product A,Food,Chocolate,Medium,Box,Jakarta,2264,11320000,6000,5000,-30%,-0.3,1584.8,7924000,0.26413333333333333,4415.2,-3396000
2026-09-01,2026,9,September,SKU09,Product A,Food,Chocolate,Medium,Box,Jakarta,2264,11320000,6000,5000,Base,0,2264,11320000,0.37733333333333335,3736,0
2026-09-01,2026,9,September,SKU10,Product A,Food,Chocolate,Small,Box,Jakarta,2410,24100000,4000,10000,+10%,0.1,2651,26510000,0.66275,1349,2410000
2026-09-01,2026,9,September,SKU10,Product A,Food,Chocolate,Small,Box,Jakarta,2410,24100000,4000,10000,+20%,0.2,2892,28920000,0.723,1108,4820000
2026-09-01,2026,9,September,SKU10,Product A,Food,Chocolate,Small,Box,Jakarta,2410,24100000,4000,10000,+30%,0.3,3133,31330000,0.78325,867,7230000
2026-09-01,2026,9,September,SKU10,Product A,Food,Chocolate,Small,Box,Jakarta,2410,24100000,4000,10000,-10%,-0.1,2169,21690000,0.54225,1831,-2410000
2026-09-01,2026,9,September,SKU10,Product A,Food,Chocolate,Small,Box,Jakarta,2410,24100000,4000,10000,-20%,-0.2,1928,19280000,0.482,2072,-4820000
2026-09-01,2026,9,September,SKU10,Product A,Food,Chocolate,Small,Box,Jakarta,2410,24100000,4000,10000,-30%,-0.3,1687,16870000,0.42175,2313,-7230000
2026-09-01,2026,9,September,SKU10,Product A,Food,Chocolate,Small,Box,Jakarta,2410,24100000,4000,10000,Base,0,2410,24100000,0.6025,1590,0
2026-09-01,2026,9,September,SKU11,Product A,Food,Vanilla,Medium,Bottle,Bandung,2170,16275000,4000,7500,+10%,0.1,2387,17902500,0.59675,1613,1627500
2026-09-01,2026,9,September,SKU11,Product A,Food,Vanilla,Medium,Bottle,Bandung,2170,16275000,4000,7500,+20%,0.2,2604,19530000,0.651,1396,3255000
2026-09-01,2026,9,September,SKU11,Product A,Food,Vanilla,Medium,Bottle,Bandung,2170,16275000,4000,7500,+30%,0.3,2821,21157500,0.70525,1179,4882500
2026-09-01,2026,9,September,SKU11,Product A,Food,Vanilla,Medium,Bottle,Bandung,2170,16275000,4000,7500,-10%,-0.1,1953,14647500,0.48825,2047,-1627500
2026-09-01,2026,9,September,SKU11,Product A,Food,Vanilla,Medium,Bottle,Bandung,2170,16275000,4000,7500,-20%,-0.2,1736,13020000,0.434,2264,-3255000
2026-09-01,2026,9,September,SKU11,Product A,Food,Vanilla,Medium,Bottle,Bandung,2170,16275000,4000,7500,-30%,-0.3,1519,11392500,0.37975,2481,-4882500
2026-09-01,2026,9,September,SKU11,Product A,Food,Vanilla,Medium,Bottle,Bandung,2170,16275000,4000,7500,Base,0,2170,16275000,0.5425,1830,0
2026-09-01,2026,9,September,SKU12,Product A,Food,Chocolate,Small,Bottle,Jakarta,1407,10552500,5000,7500,+10%,0.1,1547.7,11607750,0.30954,3452.3,1055250
2026-09-01,2026,9,September,SKU12,Product A,Food,Chocolate,Small,Bottle,Jakarta,1407,10552500,5000,7500,+20%,0.2,1688.3999999999999,12662999.999999998,0.33768,3311.6000000000004,2110499.999999998
2026-09-01,2026,9,September,SKU12,Product A,Food,Chocolate,Small,Bottle,Jakarta,1407,10552500,5000,7500,+30%,0.3,1829.1000000000001,13718250.000000002,0.36582000000000003,3170.8999999999996,3165750.000000002
2026-09-01,2026,9,September,SKU12,Product A,Food,Chocolate,Small,Bottle,Jakarta,1407,10552500,5000,7500,-10%,-0.1,1266.3,9497250,0.25326,3733.7,-1055250
2026-09-01,2026,9,September,SKU12,Product A,Food,Chocolate,Small,Bottle,Jakarta,1407,10552500,5000,7500,-20%,-0.2,1125.6000000000001,8442000.000000002,0.22512000000000001,3874.3999999999996,-2110499.999999998
2026-09-01,2026,9,September,SKU12,Product A,Food,Chocolate,Small,Bottle,Jakarta,1407,10552500,5000,7500,-30%,-0.3,984.9,7386750,0.19698,4015.1,-3165750
2026-09-01,2026,9,September,SKU12,Product A,Food,Chocolate,Small,Bottle,Jakarta,1407,10552500,5000,7500,Base,0,1407,10552500,0.2814,3593,0
2026-10-01,2026,10,October,SKU01,Product B,Food,Original,Small,Bottle,Bandung,2746,27460000,6000,10000,+10%,0.1,3020.6000000000004,30206000.000000004,0.5034333333333334,2979.3999999999996,2746000.0000000037
2026-10-01,2026,10,October,SKU01,Product B,Food,Original,Small,Bottle,Bandung,2746,27460000,6000,10000,+20%,0.2,3295.2,32952000,0.5492,2704.8,5492000
2026-10-01,2026,10,October,SKU01,Product B,Food,Original,Small,Bottle,Bandung,2746,27460000,6000,10000,+30%,0.3,3569.8,35698000,0.5949666666666666,2430.2,8238000
2026-10-01,2026,10,October,SKU01,Product B,Food,Original,Small,Bottle,Bandung,2746,27460000,6000,10000,-10%,-0.1,2471.4,24714000,0.4119,3528.6,-2746000
2026-10-01,2026,10,October,SKU01,Product B,Food,Original,Small,Bottle,Bandung,2746,27460000,6000,10000,-20%,-0.2,2196.8,21968000,0.36613333333333337,3803.2,-5492000
2026-10-01,2026,10,October,SKU01,Product B,Food,Original,Small,Bottle,Bandung,2746,27460000,6000,10000,-30%,-0.3,1922.1999999999998,19222000,0.32036666666666663,4077.8,-8238000
2026-10-01,2026,10,October,SKU01,Product B,Food,Original,Small,Bottle,Bandung,2746,27460000,6000,10000,Base,0,2746,27460000,0.45766666666666667,3254,0
2026-10-01,2026,10,October,SKU02,Product B,Food,Chocolate,Small,Bottle,Bandung,1199,11990000,4000,10000,+10%,0.1,1318.9,13189000,0.32972500000000005,2681.1,1199000
2026-10-01,2026,10,October,SKU02,Product B,Food,Chocolate,Small,Bottle,Bandung,1199,11990000,4000,10000,+20%,0.2,1438.8,14388000,0.35969999999999996,2561.2,2398000
2026-10-01,2026,10,October,SKU02,Product B,Food,Chocolate,Small,Bottle,Bandung,1199,11990000,4000,10000,+30%,0.3,1558.7,15587000,0.389675,2441.3,3597000
2026-10-01,2026,10,October,SKU02,Product B,Food,Chocolate,Small,Bottle,Bandung,1199,11990000,4000,10000,-10%,-0.1,1079.1000000000001,10791000.000000002,0.26977500000000004,2920.8999999999996,-1198999.9999999981
2026-10-01,2026,10,October,SKU02,Product B,Food,Chocolate,Small,Bottle,Bandung,1199,11990000,4000,10000,-20%,-0.2,959.2,9592000,0.2398,3040.8,-2398000
2026-10-01,2026,10,October,SKU02,Product B,Food,Chocolate,Small,Bottle,Bandung,1199,11990000,4000,10000,-30%,-0.3,839.3,8393000,0.20982499999999998,3160.7,-3597000
2026-10-01,2026,10,October,SKU02,Product B,Food,Chocolate,Small,Bottle,Bandung,1199,11990000,4000,10000,Base,0,1199,11990000,0.29975,2801,0
2026-10-01,2026,10,October,SKU03,Product B,Food,Berry,Large,Box,Bandung,4520,45200000,4000,10000,+10%,0.1,4972,49720000,1.243,-972,4520000
2026-10-01,2026,10,October,SKU03,Product B,Food,Berry,Large,Box,Bandung,4520,45200000,4000,10000,+20%,0.2,5424,54240000,1.356,-1424,9040000
2026-10-01,2026,10,October,SKU03,Product B,Food,Berry,Large,Box,Bandung,4520,45200000,4000,10000,+30%,0.3,5876,58760000,1.469,-1876,13560000
2026-10-01,2026,10,October,SKU03,Product B,Food,Berry,Large,Box,Bandung,4520,45200000,4000,10000,-10%,-0.1,4068,40680000,1.017,-68,-4520000
2026-10-01,2026,10,October,SKU03,Product B,Food,Berry,Large,Box,Bandung,4520,45200000,4000,10000,-20%,-0.2,3616,36160000,0.904,384,-9040000
2026-10-01,2026,10,October,SKU03,Product B,Food,Berry,Large,Box,Bandung,4520,45200000,4000,10000,-30%,-0.3,3164,31640000,0.791,836,-13560000
2026-10-01,2026,10,October,SKU03,Product B,Food,Berry,Large,Box,Bandung,4520,45200000,4000,10000,Base,0,4520,45200000,1.13,-520,0
2026-10-01,2026,10,October,SKU04,Product B,Food,Original,Large,Box,Bandung,3099,23242500,6000,7500,+10%,0.1,3408.9,25566750,0.56815,2591.1,2324250
2026-10-01,2026,10,October,SKU04,Product B,Food,Original,Large,Box,Bandung,3099,23242500,6000,7500,+20%,0.2,3718.7999999999997,27890999.999999996,0.6197999999999999,2281.2000000000003,4648499.999999996
2026-10-01,2026,10,October,SKU04,Product B,Food,Original,Large,Box,Bandung,3099,23242500,6000,7500,+30%,0.3,4028.7000000000003,30215250.000000004,0.67145,1971.2999999999997,6972750.000000004
2026-10-01,2026,10,October,SKU04,Product B,Food,Original,Large,Box,Bandung,3099,23242500,6000,7500,-10%,-0.1,2789.1,20918250,0.46485,3210.9,-2324250
2026-10-01,2026,10,October,SKU04,Product B,Food,Original,Large,Box,Bandung,3099,23242500,6000,7500,-20%,-0.2,2479.2000000000003,18594000.000000004,0.41320000000000007,3520.7999999999997,-4648499.999999996
2026-10-01,2026,10,October,SKU04,Product B,Food,Original,Large,Box,Bandung,3099,23242500,6000,7500,-30%,-0.3,2169.2999999999997,16269749.999999998,0.3615499999999999,3830.7000000000003,-6972750.000000002
2026-10-01,2026,10,October,SKU04,Product B,Food,Original,Large,Box,Bandung,3099,23242500,6000,7500,Base,0,3099,23242500,0.5165,2901,0
2026-10-01,2026,10,October,SKU05,Product B,Food,Original,Medium,Box,Bandung,1714,17140000,4000,10000,+10%,0.1,1885.4,18854000,0.47135000000000005,2114.6,1714000
2026-10-01,2026,10,October,SKU05,Product B,Food,Original,Medium,Box,Bandung,1714,17140000,4000,10000,+20%,0.2,2056.7999999999997,20567999.999999996,0.5141999999999999,1943.2000000000003,3427999.9999999963
2026-10-01,2026,10,October,SKU05,Product B,Food,Original,Medium,Box,Bandung,1714,17140000,4000,10000,+30%,0.3,2228.2000000000003,22282000.000000004,0.55705,1771.7999999999997,5142000.000000004
2026-10-01,2026,10,October,SKU05,Product B,Food,Original,Medium,Box,Bandung,1714,17140000,4000,10000,-10%,-0.1,1542.6000000000001,15426000.000000002,0.38565000000000005,2457.3999999999996,-1713999.9999999981
2026-10-01,2026,10,October,SKU05,Product B,Food,Original,Medium,Box,Bandung,1714,17140000,4000,10000,-20%,-0.2,1371.2,13712000,0.3428,2628.8,-3428000
2026-10-01,2026,10,October,SKU05,Product B,Food,Original,Medium,Box,Bandung,1714,17140000,4000,10000,-30%,-0.3,1199.8,11998000,0.29995,2800.2,-5142000
2026-10-01,2026,10,October,SKU05,Product B,Food,Original,Medium,Box,Bandung,1714,17140000,4000,10000,Base,0,1714,17140000,0.4285,2286,0
2026-10-01,2026,10,October,SKU06,Product B,Food,Original,Medium,Box,Jakarta,4837,24185000,4000,5000,+10%,0.1,5320.700000000001,26603500.000000004,1.330175,-1320.7000000000007,2418500.0000000037
2026-10-01,2026,10,October,SKU06,Product B,Food,Original,Medium,Box,Jakarta,4837,24185000,4000,5000,+20%,0.2,5804.4,29022000,1.4510999999999998,-1804.3999999999996,4837000
2026-10-01,2026,10,October,SKU06,Product B,Food,Original,Medium,Box,Jakarta,4837,24185000,4000,5000,+30%,0.3,6288.1,31440500,1.572025,-2288.1000000000004,7255500
2026-10-01,2026,10,October,SKU06,Product B,Food,Original,Medium,Box,Jakarta,4837,24185000,4000,5000,-10%,-0.1,4353.3,21766500,1.088325,-353.3000000000002,-2418500
2026-10-01,2026,10,October,SKU06,Product B,Food,Original,Medium,Box,Jakarta,4837,24185000,4000,5000,-20%,-0.2,3869.6000000000004,19348000,0.9674,130.39999999999964,-4837000
2026-10-01,2026,10,October,SKU06,Product B,Food,Original,Medium,Box,Jakarta,4837,24185000,4000,5000,-30%,-0.3,3385.8999999999996,16929500,0.8464749999999999,614.1000000000004,-7255500
2026-10-01,2026,10,October,SKU06,Product B,Food,Original,Medium,Box,Jakarta,4837,24185000,4000,5000,Base,0,4837,24185000,1.20925,-837,0
2026-10-01,2026,10,October,SKU07,Product B,Food,Berry,Small,Bottle,Jakarta,2819,42285000,5000,15000,+10%,0.1,3100.9,46513500,0.6201800000000001,1899.1,4228500
2026-10-01,2026,10,October,SKU07,Product B,Food,Berry,Small,Bottle,Jakarta,2819,42285000,5000,15000,+20%,0.2,3382.7999999999997,50741999.99999999,0.6765599999999999,1617.2000000000003,8456999.999999993
2026-10-01,2026,10,October,SKU07,Product B,Food,Berry,Small,Bottle,Jakarta,2819,42285000,5000,15000,+30%,0.3,3664.7000000000003,54970500.00000001,0.73294,1335.2999999999997,12685500.000000007
2026-10-01,2026,10,October,SKU07,Product B,Food,Berry,Small,Bottle,Jakarta,2819,42285000,5000,15000,-10%,-0.1,2537.1,38056500,0.50742,2462.9,-4228500
2026-10-01,2026,10,October,SKU07,Product B,Food,Berry,Small,Bottle,Jakarta,2819,42285000,5000,15000,-20%,-0.2,2255.2000000000003,33828000.00000001,0.45104000000000005,2744.7999999999997,-8456999.999999993
2026-10-01,2026,10,October,SKU07,Product B,Food,Berry,Small,Bottle,Jakarta,2819,42285000,5000,15000,-30%,-0.3,1973.3,29599500,0.39466,3026.7,-12685500
2026-10-01,2026,10,October,SKU07,Product B,Food,Berry,Small,Bottle,Jakarta,2819,42285000,5000,15000,Base,0,2819,42285000,0.5638,2181,0
2026-10-01,2026,10,October,SKU08,Product B,Food,Berry,Large,Box,Bandung,727,7270000,4000,10000,+10%,0.1,799.7,7997000,0.19992500000000002,3200.3,727000
2026-10-01,2026,10,October,SKU08,Product B,Food,Berry,Large,Box,Bandung,727,7270000,4000,10000,+20%,0.2,872.4,8724000,0.2181,3127.6,1454000
2026-10-01,2026,10,October,SKU08,Product B,Food,Berry,Large,Box,Bandung,727,7270000,4000,10000,+30%,0.3,945.1,9451000,0.236275,3054.9,2181000
2026-10-01,2026,10,October,SKU08,Product B,Food,Berry,Large,Box,Bandung,727,7270000,4000,10000,-10%,-0.1,654.3000000000001,6543000.000000001,0.16357500000000003,3345.7,-726999.9999999991
2026-10-01,2026,10,October,SKU08,Product B,Food,Berry,Large,Box,Bandung,727,7270000,4000,10000,-20%,-0.2,581.6,5816000,0.1454,3418.4,-1454000
2026-10-01,2026,10,October,SKU08,Product B,Food,Berry,Large,Box,Bandung,727,7270000,4000,10000,-30%,-0.3,508.9,5089000,0.127225,3491.1,-2181000
2026-10-01,2026,10,October,SKU08,Product B,Food,Berry,Large,Box,Bandung,727,7270000,4000,10000,Base,0,727,7270000,0.18175,3273,0
2026-10-01,2026,10,October,SKU09,Product B,Food,Original,Medium,Box,Jakarta,3527,17635000,4000,5000,+10%,0.1,3879.7000000000003,19398500,0.969925,120.29999999999973,1763500
2026-10-01,2026,10,October,SKU09,Product B,Food,Original,Medium,Box,Jakarta,3527,17635000,4000,5000,+20%,0.2,4232.4,21162000,1.0580999999999998,-232.39999999999964,3527000
2026-10-01,2026,10,October,SKU09,Product B,Food,Original,Medium,Box,Jakarta,3527,17635000,4000,5000,+30%,0.3,4585.1,22925500,1.1462750000000002,-585.1000000000004,5290500
2026-10-01,2026,10,October,SKU09,Product B,Food,Original,Medium,Box,Jakarta,3527,17635000,4000,5000,-10%,-0.1,3174.3,15871500,0.793575,825.6999999999998,-1763500
2026-10-01,2026,10,October,SKU09,Product B,Food,Original,Medium,Box,Jakarta,3527,17635000,4000,5000,-20%,-0.2,2821.6000000000004,14108000.000000002,0.7054000000000001,1178.3999999999996,-3526999.999999998
2026-10-01,2026,10,October,SKU09,Product B,Food,Original,Medium,Box,Jakarta,3527,17635000,4000,5000,-30%,-0.3,2468.8999999999996,12344499.999999998,0.6172249999999999,1531.1000000000004,-5290500.000000002
2026-10-01,2026,10,October,SKU09,Product B,Food,Original,Medium,Box,Jakarta,3527,17635000,4000,5000,Base,0,3527,17635000,0.88175,473,0
2026-10-01,2026,10,October,SKU10,Product B,Food,Vanilla,Large,Bottle,Bandung,4015,40150000,5000,10000,+10%,0.1,4416.5,44165000,0.8833,583.5,4015000
2026-10-01,2026,10,October,SKU10,Product B,Food,Vanilla,Large,Bottle,Bandung,4015,40150000,5000,10000,+20%,0.2,4818,48180000,0.9636,182,8030000
2026-10-01,2026,10,October,SKU10,Product B,Food,Vanilla,Large,Bottle,Bandung,4015,40150000,5000,10000,+30%,0.3,5219.5,52195000,1.0439,-219.5,12045000
2026-10-01,2026,10,October,SKU10,Product B,Food,Vanilla,Large,Bottle,Bandung,4015,40150000,5000,10000,-10%,-0.1,3613.5,36135000,0.7227,1386.5,-4015000
2026-10-01,2026,10,October,SKU10,Product B,Food,Vanilla,Large,Bottle,Bandung,4015,40150000,5000,10000,-20%,-0.2,3212,32120000,0.6424,1788,-8030000
2026-10-01,2026,10,October,SKU10,Product B,Food,Vanilla,Large,Bottle,Bandung,4015,40150000,5000,10000,-30%,-0.3,2810.5,28105000,0.5621,2189.5,-12045000
2026-10-01,2026,10,October,SKU10,Product B,Food,Vanilla,Large,Bottle,Bandung,4015,40150000,5000,10000,Base,0,4015,40150000,0.803,985,0
2026-10-01,2026,10,October,SKU11,Product B,Food,Vanilla,Small,Bottle,Bandung,2765,20737500,5000,7500,+10%,0.1,3041.5000000000005,22811250.000000004,0.6083000000000001,1958.4999999999995,2073750.0000000037
2026-10-01,2026,10,October,SKU11,Product B,Food,Vanilla,Small,Bottle,Bandung,2765,20737500,5000,7500,+20%,0.2,3318,24885000,0.6636,1682,4147500
2026-10-01,2026,10,October,SKU11,Product B,Food,Vanilla,Small,Bottle,Bandung,2765,20737500,5000,7500,+30%,0.3,3594.5,26958750,0.7189,1405.5,6221250
2026-10-01,2026,10,October,SKU11,Product B,Food,Vanilla,Small,Bottle,Bandung,2765,20737500,5000,7500,-10%,-0.1,2488.5,18663750,0.4977,2511.5,-2073750
2026-10-01,2026,10,October,SKU11,Product B,Food,Vanilla,Small,Bottle,Bandung,2765,20737500,5000,7500,-20%,-0.2,2212,16590000,0.4424,2788,-4147500
2026-10-01,2026,10,October,SKU11,Product B,Food,Vanilla,Small,Bottle,Bandung,2765,20737500,5000,7500,-30%,-0.3,1935.4999999999998,14516249.999999998,0.38709999999999994,3064.5,-6221250.000000002
2026-10-01,2026,10,October,SKU11,Product B,Food,Vanilla,Small,Bottle,Bandung,2765,20737500,5000,7500,Base,0,2765,20737500,0.553,2235,0
2026-10-01,2026,10,October,SKU12,Product B,Food,Chocolate,Large,Box,Jakarta,3141,47115000,5000,15000,+10%,0.1,3455.1000000000004,51826500.00000001,0.6910200000000001,1544.8999999999996,4711500.000000007
2026-10-01,2026,10,October,SKU12,Product B,Food,Chocolate,Large,Box,Jakarta,3141,47115000,5000,15000,+20%,0.2,3769.2,56538000,0.75384,1230.8000000000002,9423000
2026-10-01,2026,10,October,SKU12,Product B,Food,Chocolate,Large,Box,Jakarta,3141,47115000,5000,15000,+30%,0.3,4083.3,61249500,0.81666,916.6999999999998,14134500
2026-10-01,2026,10,October,SKU12,Product B,Food,Chocolate,Large,Box,Jakarta,3141,47115000,5000,15000,-10%,-0.1,2826.9,42403500,0.56538,2173.1,-4711500
2026-10-01,2026,10,October,SKU12,Product B,Food,Chocolate,Large,Box,Jakarta,3141,47115000,5000,15000,-20%,-0.2,2512.8,37692000,0.50256,2487.2,-9423000
2026-10-01,2026,10,October,SKU12,Product B,Food,Chocolate,Large,Box,Jakarta,3141,47115000,5000,15000,-30%,-0.3,2198.7,32980499.999999996,0.43973999999999996,2801.3,-14134500.000000004
2026-10-01,2026,10,October,SKU12,Product B,Food,Chocolate,Large,Box,Jakarta,3141,47115000,5000,15000,Base,0,3141,47115000,0.6282,1859,0
2026-11-01,2026,11,November,SKU01,Product C,Drink,Berry,Small,Bottle,Bandung,3939,59085000,5000,15000,+10%,0.1,4332.9000000000005,64993500.00000001,0.8665800000000001,667.0999999999995,5908500.000000007
2026-11-01,2026,11,November,SKU01,Product C,Drink,Berry,Small,Bottle,Bandung,3939,59085000,5000,15000,+20%,0.2,4726.8,70902000,0.9453600000000001,273.1999999999998,11817000
2026-11-01,2026,11,November,SKU01,Product C,Drink,Berry,Small,Bottle,Bandung,3939,59085000,5000,15000,+30%,0.3,5120.7,76810500,1.02414,-120.69999999999982,17725500
2026-11-01,2026,11,November,SKU01,Product C,Drink,Berry,Small,Bottle,Bandung,3939,59085000,5000,15000,-10%,-0.1,3545.1,53176500,0.70902,1454.9,-5908500
2026-11-01,2026,11,November,SKU01,Product C,Drink,Berry,Small,Bottle,Bandung,3939,59085000,5000,15000,-20%,-0.2,3151.2000000000003,47268000.00000001,0.63024,1848.7999999999997,-11816999.999999993
2026-11-01,2026,11,November,SKU01,Product C,Drink,Berry,Small,Bottle,Bandung,3939,59085000,5000,15000,-30%,-0.3,2757.2999999999997,41359499.99999999,0.55146,2242.7000000000003,-17725500.000000007
2026-11-01,2026,11,November,SKU01,Product C,Drink,Berry,Small,Bottle,Bandung,3939,59085000,5000,15000,Base,0,3939,59085000,0.7878,1061,0
2026-11-01,2026,11,November,SKU02,Product C,Drink,Berry,Large,Bottle,Jakarta,6438,96570000,4000,15000,+10%,0.1,7081.8,106227000,1.77045,-3081.8,9657000
2026-11-01,2026,11,November,SKU02,Product C,Drink,Berry,Large,Bottle,Jakarta,6438,96570000,4000,15000,+20%,0.2,7725.5999999999995,115883999.99999999,1.9313999999999998,-3725.5999999999995,19313999.999999985
2026-11-01,2026,11,November,SKU02,Product C,Drink,Berry,Large,Bottle,Jakarta,6438,96570000,4000,15000,+30%,0.3,8369.4,125541000,2.0923499999999997,-4369.4,28971000
2026-11-01,2026,11,November,SKU02,Product C,Drink,Berry,Large,Bottle,Jakarta,6438,96570000,4000,15000,-10%,-0.1,5794.2,86913000,1.44855,-1794.1999999999998,-9657000
2026-11-01,2026,11,November,SKU02,Product C,Drink,Berry,Large,Bottle,Jakarta,6438,96570000,4000,15000,-20%,-0.2,5150.4000000000005,77256000.00000001,1.2876,-1150.4000000000005,-19313999.999999985
2026-11-01,2026,11,November,SKU02,Product C,Drink,Berry,Large,Bottle,Jakarta,6438,96570000,4000,15000,-30%,-0.3,4506.5999999999995,67598999.99999999,1.12665,-506.59999999999945,-28971000.000000015
2026-11-01,2026,11,November,SKU02,Product C,Drink,Berry,Large,Bottle,Jakarta,6438,96570000,4000,15000,Base,0,6438,96570000,1.6095,-2438,0
2026-11-01,2026,11,November,SKU03,Product C,Drink,Chocolate,Large,Box,Jakarta,2409,36135000,4000,15000,+10%,0.1,2649.9,39748500,0.662475,1350.1,3613500
2026-11-01,2026,11,November,SKU03,Product C,Drink,Chocolate,Large,Box,Jakarta,2409,36135000,4000,15000,+20%,0.2,2890.7999999999997,43361999.99999999,0.7226999999999999,1109.2000000000003,7226999.999999993
2026-11-01,2026,11,November,SKU03,Product C,Drink,Chocolate,Large,Box,Jakarta,2409,36135000,4000,15000,+30%,0.3,3131.7000000000003,46975500.00000001,0.7829250000000001,868.2999999999997,10840500.000000007
2026-11-01,2026,11,November,SKU03,Product C,Drink,Chocolate,Large,Box,Jakarta,2409,36135000,4000,15000,-10%,-0.1,2168.1,32521500,0.542025,1831.9,-3613500
2026-11-01,2026,11,November,SKU03,Product C,Drink,Chocolate,Large,Box,Jakarta,2409,36135000,4000,15000,-20%,-0.2,1927.2,28908000,0.4818,2072.8,-7227000
2026-11-01,2026,11,November,SKU03,Product C,Drink,Chocolate,Large,Box,Jakarta,2409,36135000,4000,15000,-30%,-0.3,1686.3,25294500,0.421575,2313.7,-10840500
2026-11-01,2026,11,November,SKU03,Product C,Drink,Chocolate,Large,Box,Jakarta,2409,36135000,4000,15000,Base,0,2409,36135000,0.60225,1591,0
2026-11-01,2026,11,November,SKU04,Product C,Drink,Berry,Large,Bottle,Bandung,4101,20505000,6000,5000,+10%,0.1,4511.1,22555500,0.75185,1488.8999999999996,2050500
2026-11-01,2026,11,November,SKU04,Product C,Drink,Berry,Large,Bottle,Bandung,4101,20505000,6000,5000,+20%,0.2,4921.2,24606000,0.8201999999999999,1078.8000000000002,4101000
2026-11-01,2026,11,November,SKU04,Product C,Drink,Berry,Large,Bottle,Bandung,4101,20505000,6000,5000,+30%,0.3,5331.3,26656500,0.8885500000000001,668.6999999999998,6151500
2026-11-01,2026,11,November,SKU04,Product C,Drink,Berry,Large,Bottle,Bandung,4101,20505000,6000,5000,-10%,-0.1,3690.9,18454500,0.61515,2309.1,-2050500
2026-11-01,2026,11,November,SKU04,Product C,Drink,Berry,Large,Bottle,Bandung,4101,20505000,6000,5000,-20%,-0.2,3280.8,16404000,0.5468000000000001,2719.2,-4101000
2026-11-01,2026,11,November,SKU04,Product C,Drink,Berry,Large,Bottle,Bandung,4101,20505000,6000,5000,-30%,-0.3,2870.7,14353500,0.47845,3129.3,-6151500
2026-11-01,2026,11,November,SKU04,Product C,Drink,Berry,Large,Bottle,Bandung,4101,20505000,6000,5000,Base,0,4101,20505000,0.6835,1899,0
2026-11-01,2026,11,November,SKU05,Product C,Drink,Original,Large,Box,Bandung,5478,41085000,6000,7500,+10%,0.1,6025.8,45193500,1.0043,-25.800000000000182,4108500
2026-11-01,2026,11,November,SKU05,Product C,Drink,Original,Large,Box,Bandung,5478,41085000,6000,7500,+20%,0.2,6573.5999999999995,49301999.99999999,1.0956,-573.5999999999995,8216999.999999993
2026-11-01,2026,11,November,SKU05,Product C,Drink,Original,Large,Box,Bandung,5478,41085000,6000,7500,+30%,0.3,7121.4000000000005,53410500.00000001,1.1869,-1121.4000000000005,12325500.000000007
2026-11-01,2026,11,November,SKU05,Product C,Drink,Original,Large,Box,Bandung,5478,41085000,6000,7500,-10%,-0.1,4930.2,36976500,0.8217,1069.8000000000002,-4108500
2026-11-01,2026,11,November,SKU05,Product C,Drink,Original,Large,Box,Bandung,5478,41085000,6000,7500,-20%,-0.2,4382.4000000000005,32868000.000000004,0.7304,1617.5999999999995,-8216999.999999996
2026-11-01,2026,11,November,SKU05,Product C,Drink,Original,Large,Box,Bandung,5478,41085000,6000,7500,-30%,-0.3,3834.6,28759500,0.6391,2165.4,-12325500
2026-11-01,2026,11,November,SKU05,Product C,Drink,Original,Large,Box,Bandung,5478,41085000,6000,7500,Base,0,5478,41085000,0.913,522,0
2026-11-01,2026,11,November,SKU06,Product C,Drink,Original,Large,Box,Bandung,4634,23170000,4000,5000,+10%,0.1,5097.4000000000005,25487000.000000004,1.27435,-1097.4000000000005,2317000.0000000037
2026-11-01,2026,11,November,SKU06,Product C,Drink,Original,Large,Box,Bandung,4634,23170000,4000,5000,+20%,0.2,5560.8,27804000,1.3902,-1560.8000000000002,4634000
2026-11-01,2026,11,November,SKU06,Product C,Drink,Original,Large,Box,Bandung,4634,23170000,4000,5000,+30%,0.3,6024.2,30121000,1.5060499999999999,-2024.1999999999998,6951000
2026-11-01,2026,11,November,SKU06,Product C,Drink,Original,Large,Box,Bandung,4634,23170000,4000,5000,-10%,-0.1,4170.6,20853000,1.04265,-170.60000000000036,-2317000
2026-11-01,2026,11,November,SKU06,Product C,Drink,Original,Large,Box,Bandung,4634,23170000,4000,5000,-20%,-0.2,3707.2000000000003,18536000,0.9268000000000001,292.7999999999997,-4634000
2026-11-01,2026,11,November,SKU06,Product C,Drink,Original,Large,Box,Bandung,4634,23170000,4000,5000,-30%,-0.3,3243.7999999999997,16218999.999999998,0.81095,756.2000000000003,-6951000.000000002
2026-11-01,2026,11,November,SKU06,Product C,Drink,Original,Large,Box,Bandung,4634,23170000,4000,5000,Base,0,4634,23170000,1.1585,-634,0
2026-11-01,2026,11,November,SKU07,Product C,Drink,Chocolate,Large,Box,Jakarta,4767,23835000,6000,5000,+10%,0.1,5243.700000000001,26218500.000000004,0.8739500000000001,756.2999999999993,2383500.0000000037
2026-11-01,2026,11,November,SKU07,Product C,Drink,Chocolate,Large,Box,Jakarta,4767,23835000,6000,5000,+20%,0.2,5720.4,28602000,0.9533999999999999,279.60000000000036,4767000
2026-11-01,2026,11,November,SKU07,Product C,Drink,Chocolate,Large,Box,Jakarta,4767,23835000,6000,5000,+30%,0.3,6197.1,30985500,1.03285,-197.10000000000036,7150500
2026-11-01,2026,11,November,SKU07,Product C,Drink,Chocolate,Large,Box,Jakarta,4767,23835000,6000,5000,-10%,-0.1,4290.3,21451500,0.7150500000000001,1709.6999999999998,-2383500
2026-11-01,2026,11,November,SKU07,Product C,Drink,Chocolate,Large,Box,Jakarta,4767,23835000,6000,5000,-20%,-0.2,3813.6000000000004,19068000,0.6356,2186.3999999999996,-4767000
2026-11-01,2026,11,November,SKU07,Product C,Drink,Chocolate,Large,Box,Jakarta,4767,23835000,6000,5000,-30%,-0.3,3336.8999999999996,16684499.999999998,0.5561499999999999,2663.1000000000004,-7150500.000000002
2026-11-01,2026,11,November,SKU07,Product C,Drink,Chocolate,Large,Box,Jakarta,4767,23835000,6000,5000,Base,0,4767,23835000,0.7945,1233,0
2026-11-01,2026,11,November,SKU08,Product C,Drink,Original,Small,Box,Bandung,2553,19147500,5000,7500,+10%,0.1,2808.3,21062250,0.56166,2191.7,1914750
2026-11-01,2026,11,November,SKU08,Product C,Drink,Original,Small,Box,Bandung,2553,19147500,5000,7500,+20%,0.2,3063.6,22977000,0.6127199999999999,1936.4,3829500
2026-11-01,2026,11,November,SKU08,Product C,Drink,Original,Small,Box,Bandung,2553,19147500,5000,7500,+30%,0.3,3318.9,24891750,0.66378,1681.1,5744250
2026-11-01,2026,11,November,SKU08,Product C,Drink,Original,Small,Box,Bandung,2553,19147500,5000,7500,-10%,-0.1,2297.7000000000003,17232750.000000004,0.45954000000000006,2702.2999999999997,-1914749.9999999963
2026-11-01,2026,11,November,SKU08,Product C,Drink,Original,Small,Box,Bandung,2553,19147500,5000,7500,-20%,-0.2,2042.4,15318000,0.40848,2957.6,-3829500
2026-11-01,2026,11,November,SKU08,Product C,Drink,Original,Small,Box,Bandung,2553,19147500,5000,7500,-30%,-0.3,1787.1,13403250,0.35741999999999996,3212.9,-5744250
2026-11-01,2026,11,November,SKU08,Product C,Drink,Original,Small,Box,Bandung,2553,19147500,5000,7500,Base,0,2553,19147500,0.5106,2447,0
2026-11-01,2026,11,November,SKU09,Product C,Drink,Chocolate,Large,Box,Jakarta,1599,23985000,5000,15000,+10%,0.1,1758.9,26383500,0.35178000000000004,3241.1,2398500
2026-11-01,2026,11,November,SKU09,Product C,Drink,Chocolate,Large,Box,Jakarta,1599,23985000,5000,15000,+20%,0.2,1918.8,28782000,0.38376,3081.2,4797000
2026-11-01,2026,11,November,SKU09,Product C,Drink,Chocolate,Large,Box,Jakarta,1599,23985000,5000,15000,+30%,0.3,2078.7000000000003,31180500.000000004,0.41574000000000005,2921.2999999999997,7195500.000000004
2026-11-01,2026,11,November,SKU09,Product C,Drink,Chocolate,Large,Box,Jakarta,1599,23985000,5000,15000,-10%,-0.1,1439.1000000000001,21586500.000000004,0.28782,3560.8999999999996,-2398499.9999999963
2026-11-01,2026,11,November,SKU09,Product C,Drink,Chocolate,Large,Box,Jakarta,1599,23985000,5000,15000,-20%,-0.2,1279.2,19188000,0.25584,3720.8,-4797000
2026-11-01,2026,11,November,SKU09,Product C,Drink,Chocolate,Large,Box,Jakarta,1599,23985000,5000,15000,-30%,-0.3,1119.3,16789500,0.22386,3880.7,-7195500
2026-11-01,2026,11,November,SKU09,Product C,Drink,Chocolate,Large,Box,Jakarta,1599,23985000,5000,15000,Base,0,1599,23985000,0.3198,3401,0
2026-11-01,2026,11,November,SKU10,Product C,Drink,Vanilla,Large,Bottle,Jakarta,2404,24040000,4000,10000,+10%,0.1,2644.4,26444000,0.6611,1355.6,2404000
2026-11-01,2026,11,November,SKU10,Product C,Drink,Vanilla,Large,Bottle,Jakarta,2404,24040000,4000,10000,+20%,0.2,2884.7999999999997,28847999.999999996,0.7212,1115.2000000000003,4807999.999999996
2026-11-01,2026,11,November,SKU10,Product C,Drink,Vanilla,Large,Bottle,Jakarta,2404,24040000,4000,10000,+30%,0.3,3125.2000000000003,31252000.000000004,0.7813000000000001,874.7999999999997,7212000.000000004
2026-11-01,2026,11,November,SKU10,Product C,Drink,Vanilla,Large,Bottle,Jakarta,2404,24040000,4000,10000,-10%,-0.1,2163.6,21636000,0.5408999999999999,1836.4,-2404000
2026-11-01,2026,11,November,SKU10,Product C,Drink,Vanilla,Large,Bottle,Jakarta,2404,24040000,4000,10000,-20%,-0.2,1923.2,19232000,0.4808,2076.8,-4808000
2026-11-01,2026,11,November,SKU10,Product C,Drink,Vanilla,Large,Bottle,Jakarta,2404,24040000,4000,10000,-30%,-0.3,1682.8,16828000,0.42069999999999996,2317.2,-7212000
2026-11-01,2026,11,November,SKU10,Product C,Drink,Vanilla,Large,Bottle,Jakarta,2404,24040000,4000,10000,Base,0,2404,24040000,0.601,1596,0
2026-11-01,2026,11,November,SKU11,Product C,Drink,Chocolate,Large,Bottle,Bandung,3736,56040000,5000,15000,+10%,0.1,4109.6,61644000.00000001,0.8219200000000001,890.3999999999996,5604000.000000007
2026-11-01,2026,11,November,SKU11,Product C,Drink,Chocolate,Large,Bottle,Bandung,3736,56040000,5000,15000,+20%,0.2,4483.2,67248000,0.89664,516.8000000000002,11208000
2026-11-01,2026,11,November,SKU11,Product C,Drink,Chocolate,Large,Bottle,Bandung,3736,56040000,5000,15000,+30%,0.3,4856.8,72852000,0.97136,143.19999999999982,16812000
2026-11-01,2026,11,November,SKU11,Product C,Drink,Chocolate,Large,Bottle,Bandung,3736,56040000,5000,15000,-10%,-0.1,3362.4,50436000,0.67248,1637.6,-5604000
2026-11-01,2026,11,November,SKU11,Product C,Drink,Chocolate,Large,Bottle,Bandung,3736,56040000,5000,15000,-20%,-0.2,2988.8,44832000,0.5977600000000001,2011.1999999999998,-11208000
2026-11-01,2026,11,November,SKU11,Product C,Drink,Chocolate,Large,Bottle,Bandung,3736,56040000,5000,15000,-30%,-0.3,2615.2,39228000,0.52304,2384.8,-16812000
2026-11-01,2026,11,November,SKU11,Product C,Drink,Chocolate,Large,Bottle,Bandung,3736,56040000,5000,15000,Base,0,3736,56040000,0.7472,1264,0
2026-11-01,2026,11,November,SKU12,Product C,Drink,Vanilla,Medium,Box,Jakarta,4716,70740000,5000,15000,+10%,0.1,5187.6,77814000,1.03752,-187.60000000000036,7074000
2026-11-01,2026,11,November,SKU12,Product C,Drink,Vanilla,Medium,Box,Jakarta,4716,70740000,5000,15000,+20%,0.2,5659.2,84888000,1.13184,-659.1999999999998,14148000
2026-11-01,2026,11,November,SKU12,Product C,Drink,Vanilla,Medium,Box,Jakarta,4716,70740000,5000,15000,+30%,0.3,6130.8,91962000,1.2261600000000001,-1130.8000000000002,21222000
2026-11-01,2026,11,November,SKU12,Product C,Drink,Vanilla,Medium,Box,Jakarta,4716,70740000,5000,15000,-10%,-0.1,4244.4000000000005,63666000.00000001,0.8488800000000001,755.5999999999995,-7073999.999999993
2026-11-01,2026,11,November,SKU12,Product C,Drink,Vanilla,Medium,Box,Jakarta,4716,70740000,5000,15000,-20%,-0.2,3772.8,56592000,0.75456,1227.1999999999998,-14148000
2026-11-01,2026,11,November,SKU12,Product C,Drink,Vanilla,Medium,Box,Jakarta,4716,70740000,5000,15000,-30%,-0.3,3301.2,49518000,0.6602399999999999,1698.8000000000002,-21222000
2026-11-01,2026,11,November,SKU12,Product C,Drink,Vanilla,Medium,Box,Jakarta,4716,70740000,5000,15000,Base,0,4716,70740000,0.9432,284,0
2026-12-01,2026,12,December,SKU01,Product D,Drink,Chocolate,Large,Box,Jakarta,2863,28630000,4000,10000,+10%,0.1,3149.3,31493000,0.787325,850.6999999999998,2863000
2026-12-01,2026,12,December,SKU01,Product D,Drink,Chocolate,Large,Box,Jakarta,2863,28630000,4000,10000,+20%,0.2,3435.6,34356000,0.8589,564.4000000000001,5726000
2026-12-01,2026,12,December,SKU01,Product D,Drink,Chocolate,Large,Box,Jakarta,2863,28630000,4000,10000,+30%,0.3,3721.9,37219000,0.930475,278.0999999999999,8589000
2026-12-01,2026,12,December,SKU01,Product D,Drink,Chocolate,Large,Box,Jakarta,2863,28630000,4000,10000,-10%,-0.1,2576.7000000000003,25767000.000000004,0.644175,1423.2999999999997,-2862999.9999999963
2026-12-01,2026,12,December,SKU01,Product D,Drink,Chocolate,Large,Box,Jakarta,2863,28630000,4000,10000,-20%,-0.2,2290.4,22904000,0.5726,1709.6,-5726000
2026-12-01,2026,12,December,SKU01,Product D,Drink,Chocolate,Large,Box,Jakarta,2863,28630000,4000,10000,-30%,-0.3,2004.1,20041000,0.5010249999999999,1995.9,-8589000
2026-12-01,2026,12,December,SKU01,Product D,Drink,Chocolate,Large,Box,Jakarta,2863,28630000,4000,10000,Base,0,2863,28630000,0.71575,1137,0
2026-12-01,2026,12,December,SKU02,Product D,Drink,Chocolate,Medium,Box,Jakarta,2080,20800000,4000,10000,+10%,0.1,2288,22880000,0.572,1712,2080000
2026-12-01,2026,12,December,SKU02,Product D,Drink,Chocolate,Medium,Box,Jakarta,2080,20800000,4000,10000,+20%,0.2,2496,24960000,0.624,1504,4160000
2026-12-01,2026,12,December,SKU02,Product D,Drink,Chocolate,Medium,Box,Jakarta,2080,20800000,4000,10000,+30%,0.3,2704,27040000,0.676,1296,6240000
2026-12-01,2026,12,December,SKU02,Product D,Drink,Chocolate,Medium,Box,Jakarta,2080,20800000,4000,10000,-10%,-0.1,1872,18720000,0.468,2128,-2080000
2026-12-01,2026,12,December,SKU02,Product D,Drink,Chocolate,Medium,Box,Jakarta,2080,20800000,4000,10000,-20%,-0.2,1664,16640000,0.416,2336,-4160000
2026-12-01,2026,12,December,SKU02,Product D,Drink,Chocolate,Medium,Box,Jakarta,2080,20800000,4000,10000,-30%,-0.3,1456,14560000,0.364,2544,-6240000
2026-12-01,2026,12,December,SKU02,Product D,Drink,Chocolate,Medium,Box,Jakarta,2080,20800000,4000,10000,Base,0,2080,20800000,0.52,1920,0
2026-12-01,2026,12,December,SKU03,Product D,Drink,Vanilla,Small,Bottle,Jakarta,5050,25250000,5000,5000,+10%,0.1,5555,27775000,1.111,-555,2525000
2026-12-01,2026,12,December,SKU03,Product D,Drink,Vanilla,Small,Bottle,Jakarta,5050,25250000,5000,5000,+20%,0.2,6060,30300000,1.212,-1060,5050000
2026-12-01,2026,12,December,SKU03,Product D,Drink,Vanilla,Small,Bottle,Jakarta,5050,25250000,5000,5000,+30%,0.3,6565,32825000,1.313,-1565,7575000
2026-12-01,2026,12,December,SKU03,Product D,Drink,Vanilla,Small,Bottle,Jakarta,5050,25250000,5000,5000,-10%,-0.1,4545,22725000,0.909,455,-2525000
2026-12-01,2026,12,December,SKU03,Product D,Drink,Vanilla,Small,Bottle,Jakarta,5050,25250000,5000,5000,-20%,-0.2,4040,20200000,0.808,960,-5050000
2026-12-01,2026,12,December,SKU03,Product D,Drink,Vanilla,Small,Bottle,Jakarta,5050,25250000,5000,5000,-30%,-0.3,3535,17675000,0.707,1465,-7575000
2026-12-01,2026,12,December,SKU03,Product D,Drink,Vanilla,Small,Bottle,Jakarta,5050,25250000,5000,5000,Base,0,5050,25250000,1.01,-50,0
2026-12-01,2026,12,December,SKU04,Product D,Drink,Chocolate,Large,Bottle,Jakarta,1954,9770000,5000,5000,+10%,0.1,2149.4,10747000,0.42988000000000004,2850.6,977000
2026-12-01,2026,12,December,SKU04,Product D,Drink,Chocolate,Large,Bottle,Jakarta,1954,9770000,5000,5000,+20%,0.2,2344.7999999999997,11723999.999999998,0.46895999999999993,2655.2000000000003,1953999.9999999981
2026-12-01,2026,12,December,SKU04,Product D,Drink,Chocolate,Large,Bottle,Jakarta,1954,9770000,5000,5000,+30%,0.3,2540.2000000000003,12701000.000000002,0.50804,2459.7999999999997,2931000.000000002
2026-12-01,2026,12,December,SKU04,Product D,Drink,Chocolate,Large,Bottle,Jakarta,1954,9770000,5000,5000,-10%,-0.1,1758.6000000000001,8793000,0.35172000000000003,3241.3999999999996,-977000
2026-12-01,2026,12,December,SKU04,Product D,Drink,Chocolate,Large,Bottle,Jakarta,1954,9770000,5000,5000,-20%,-0.2,1563.2,7816000,0.31264000000000003,3436.8,-1954000
2026-12-01,2026,12,December,SKU04,Product D,Drink,Chocolate,Large,Bottle,Jakarta,1954,9770000,5000,5000,-30%,-0.3,1367.8,6839000,0.27355999999999997,3632.2,-2931000
2026-12-01,2026,12,December,SKU04,Product D,Drink,Chocolate,Large,Bottle,Jakarta,1954,9770000,5000,5000,Base,0,1954,9770000,0.3908,3046,0
2026-12-01,2026,12,December,SKU05,Product D,Drink,Berry,Large,Box,Bandung,6112,91680000,5000,15000,+10%,0.1,6723.200000000001,100848000.00000001,1.34464,-1723.2000000000007,9168000.000000015
2026-12-01,2026,12,December,SKU05,Product D,Drink,Berry,Large,Box,Bandung,6112,91680000,5000,15000,+20%,0.2,7334.4,110016000,1.46688,-2334.3999999999996,18336000
2026-12-01,2026,12,December,SKU05,Product D,Drink,Berry,Large,Box,Bandung,6112,91680000,5000,15000,+30%,0.3,7945.6,119184000,1.58912,-2945.6000000000004,27504000
2026-12-01,2026,12,December,SKU05,Product D,Drink,Berry,Large,Box,Bandung,6112,91680000,5000,15000,-10%,-0.1,5500.8,82512000,1.10016,-500.8000000000002,-9168000
2026-12-01,2026,12,December,SKU05,Product D,Drink,Berry,Large,Box,Bandung,6112,91680000,5000,15000,-20%,-0.2,4889.6,73344000,0.9779200000000001,110.39999999999964,-18336000
2026-12-01,2026,12,December,SKU05,Product D,Drink,Berry,Large,Box,Bandung,6112,91680000,5000,15000,-30%,-0.3,4278.4,64175999.99999999,0.8556799999999999,721.6000000000004,-27504000.000000007
2026-12-01,2026,12,December,SKU05,Product D,Drink,Berry,Large,Box,Bandung,6112,91680000,5000,15000,Base,0,6112,91680000,1.2224,-1112,0
2026-12-01,2026,12,December,SKU06,Product D,Drink,Original,Small,Bottle,Jakarta,4853,72795000,4000,15000,+10%,0.1,5338.3,80074500,1.334575,-1338.3000000000002,7279500
2026-12-01,2026,12,December,SKU06,Product D,Drink,Original,Small,Bottle,Jakarta,4853,72795000,4000,15000,+20%,0.2,5823.5999999999995,87353999.99999999,1.4559,-1823.5999999999995,14558999.999999985
2026-12-01,2026,12,December,SKU06,Product D,Drink,Original,Small,Bottle,Jakarta,4853,72795000,4000,15000,+30%,0.3,6308.9000000000005,94633500.00000001,1.577225,-2308.9000000000005,21838500.000000015
2026-12-01,2026,12,December,SKU06,Product D,Drink,Original,Small,Bottle,Jakarta,4853,72795000,4000,15000,-10%,-0.1,4367.7,65515500,1.091925,-367.6999999999998,-7279500
2026-12-01,2026,12,December,SKU06,Product D,Drink,Original,Small,Bottle,Jakarta,4853,72795000,4000,15000,-20%,-0.2,3882.4,58236000,0.9706,117.59999999999991,-14559000
2026-12-01,2026,12,December,SKU06,Product D,Drink,Original,Small,Bottle,Jakarta,4853,72795000,4000,15000,-30%,-0.3,3397.1,50956500,0.849275,602.9000000000001,-21838500
2026-12-01,2026,12,December,SKU06,Product D,Drink,Original,Small,Bottle,Jakarta,4853,72795000,4000,15000,Base,0,4853,72795000,1.21325,-853,0
2026-12-01,2026,12,December,SKU07,Product D,Drink,Original,Medium,Bottle,Bandung,1708,12810000,4000,7500,+10%,0.1,1878.8000000000002,14091000.000000002,0.46970000000000006,2121.2,1281000.0000000019
2026-12-01,2026,12,December,SKU07,Product D,Drink,Original,Medium,Bottle,Bandung,1708,12810000,4000,7500,+20%,0.2,2049.6,15372000,0.5124,1950.4,2562000
2026-12-01,2026,12,December,SKU07,Product D,Drink,Original,Medium,Bottle,Bandung,1708,12810000,4000,7500,+30%,0.3,2220.4,16653000,0.5551,1779.6,3843000
2026-12-01,2026,12,December,SKU07,Product D,Drink,Original,Medium,Bottle,Bandung,1708,12810000,4000,7500,-10%,-0.1,1537.2,11529000,0.38430000000000003,2462.8,-1281000
2026-12-01,2026,12,December,SKU07,Product D,Drink,Original,Medium,Bottle,Bandung,1708,12810000,4000,7500,-20%,-0.2,1366.4,10248000,0.3416,2633.6,-2562000
2026-12-01,2026,12,December,SKU07,Product D,Drink,Original,Medium,Bottle,Bandung,1708,12810000,4000,7500,-30%,-0.3,1195.6,8967000,0.2989,2804.4,-3843000
2026-12-01,2026,12,December,SKU07,Product D,Drink,Original,Medium,Bottle,Bandung,1708,12810000,4000,7500,Base,0,1708,12810000,0.427,2292,0
2026-12-01,2026,12,December,SKU08,Product D,Drink,Original,Medium,Bottle,Bandung,5578,27890000,6000,5000,+10%,0.1,6135.8,30679000,1.0226333333333333,-135.80000000000018,2789000
2026-12-01,2026,12,December,SKU08,Product D,Drink,Original,Medium,Bottle,Bandung,5578,27890000,6000,5000,+20%,0.2,6693.5999999999995,33467999.999999996,1.1156,-693.5999999999995,5577999.999999996
2026-12-01,2026,12,December,SKU08,Product D,Drink,Original,Medium,Bottle,Bandung,5578,27890000,6000,5000,+30%,0.3,7251.4000000000005,36257000,1.2085666666666668,-1251.4000000000005,8367000
2026-12-01,2026,12,December,SKU08,Product D,Drink,Original,Medium,Bottle,Bandung,5578,27890000,6000,5000,-10%,-0.1,5020.2,25101000,0.8367,979.8000000000002,-2789000
2026-12-01,2026,12,December,SKU08,Product D,Drink,Original,Medium,Bottle,Bandung,5578,27890000,6000,5000,-20%,-0.2,4462.4000000000005,22312000.000000004,0.7437333333333335,1537.5999999999995,-5577999.999999996
2026-12-01,2026,12,December,SKU08,Product D,Drink,Original,Medium,Bottle,Bandung,5578,27890000,6000,5000,-30%,-0.3,3904.6,19523000,0.6507666666666666,2095.4,-8367000
2026-12-01,2026,12,December,SKU08,Product D,Drink,Original,Medium,Bottle,Bandung,5578,27890000,6000,5000,Base,0,5578,27890000,0.9296666666666666,422,0
2026-12-01,2026,12,December,SKU09,Product D,Drink,Chocolate,Large,Box,Bandung,1285,19275000,4000,15000,+10%,0.1,1413.5000000000002,21202500.000000004,0.35337500000000005,2586.5,1927500.0000000037
2026-12-01,2026,12,December,SKU09,Product D,Drink,Chocolate,Large,Box,Bandung,1285,19275000,4000,15000,+20%,0.2,1542,23130000,0.3855,2458,3855000
2026-12-01,2026,12,December,SKU09,Product D,Drink,Chocolate,Large,Box,Bandung,1285,19275000,4000,15000,+30%,0.3,1670.5,25057500,0.417625,2329.5,5782500
2026-12-01,2026,12,December,SKU09,Product D,Drink,Chocolate,Large,Box,Bandung,1285,19275000,4000,15000,-10%,-0.1,1156.5,17347500,0.289125,2843.5,-1927500
2026-12-01,2026,12,December,SKU09,Product D,Drink,Chocolate,Large,Box,Bandung,1285,19275000,4000,15000,-20%,-0.2,1028,15420000,0.257,2972,-3855000
2026-12-01,2026,12,December,SKU09,Product D,Drink,Chocolate,Large,Box,Bandung,1285,19275000,4000,15000,-30%,-0.3,899.4999999999999,13492499.999999998,0.22487499999999996,3100.5,-5782500.000000002
2026-12-01,2026,12,December,SKU09,Product D,Drink,Chocolate,Large,Box,Bandung,1285,19275000,4000,15000,Base,0,1285,19275000,0.32125,2715,0
2026-12-01,2026,12,December,SKU10,Product D,Drink,Original,Medium,Bottle,Bandung,2343,11715000,4000,5000,+10%,0.1,2577.3,12886500,0.644325,1422.6999999999998,1171500
2026-12-01,2026,12,December,SKU10,Product D,Drink,Original,Medium,Bottle,Bandung,2343,11715000,4000,5000,+20%,0.2,2811.6,14058000,0.7029,1188.4,2343000
2026-12-01,2026,12,December,SKU10,Product D,Drink,Original,Medium,Bottle,Bandung,2343,11715000,4000,5000,+30%,0.3,3045.9,15229500,0.761475,954.0999999999999,3514500
2026-12-01,2026,12,December,SKU10,Product D,Drink,Original,Medium,Bottle,Bandung,2343,11715000,4000,5000,-10%,-0.1,2108.7000000000003,10543500.000000002,0.5271750000000001,1891.2999999999997,-1171499.9999999981
2026-12-01,2026,12,December,SKU10,Product D,Drink,Original,Medium,Bottle,Bandung,2343,11715000,4000,5000,-20%,-0.2,1874.4,9372000,0.4686,2125.6,-2343000
2026-12-01,2026,12,December,SKU10,Product D,Drink,Original,Medium,Bottle,Bandung,2343,11715000,4000,5000,-30%,-0.3,1640.1,8200500,0.410025,2359.9,-3514500
2026-12-01,2026,12,December,SKU10,Product D,Drink,Original,Medium,Bottle,Bandung,2343,11715000,4000,5000,Base,0,2343,11715000,0.58575,1657,0
2026-12-01,2026,12,December,SKU11,Product D,Drink,Vanilla,Large,Bottle,Bandung,1646,24690000,6000,15000,+10%,0.1,1810.6000000000001,27159000.000000004,0.3017666666666667,4189.4,2469000.0000000037
2026-12-01,2026,12,December,SKU11,Product D,Drink,Vanilla,Large,Bottle,Bandung,1646,24690000,6000,15000,+20%,0.2,1975.1999999999998,29627999.999999996,0.3292,4024.8,4937999.999999996
2026-12-01,2026,12,December,SKU11,Product D,Drink,Vanilla,Large,Bottle,Bandung,1646,24690000,6000,15000,+30%,0.3,2139.8,32097000.000000004,0.35663333333333336,3860.2,7407000.000000004
2026-12-01,2026,12,December,SKU11,Product D,Drink,Vanilla,Large,Bottle,Bandung,1646,24690000,6000,15000,-10%,-0.1,1481.4,22221000,0.2469,4518.6,-2469000
2026-12-01,2026,12,December,SKU11,Product D,Drink,Vanilla,Large,Bottle,Bandung,1646,24690000,6000,15000,-20%,-0.2,1316.8000000000002,19752000.000000004,0.2194666666666667,4683.2,-4937999.999999996
2026-12-01,2026,12,December,SKU11,Product D,Drink,Vanilla,Large,Bottle,Bandung,1646,24690000,6000,15000,-30%,-0.3,1152.1999999999998,17282999.999999996,0.1920333333333333,4847.8,-7407000.000000004
2026-12-01,2026,12,December,SKU11,Product D,Drink,Vanilla,Large,Bottle,Bandung,1646,24690000,6000,15000,Base,0,1646,24690000,0.2743333333333333,4354,0
2026-12-01,2026,12,December,SKU12,Product D,Drink,Original,Medium,Box,Bandung,3740,28050000,5000,7500,+10%,0.1,4114,30855000,0.8228,886,2805000
2026-12-01,2026,12,December,SKU12,Product D,Drink,Original,Medium,Box,Bandung,3740,28050000,5000,7500,+20%,0.2,4488,33660000,0.8976,512,5610000
2026-12-01,2026,12,December,SKU12,Product D,Drink,Original,Medium,Box,Bandung,3740,28050000,5000,7500,+30%,0.3,4862,36465000,0.9724,138,8415000
2026-12-01,2026,12,December,SKU12,Product D,Drink,Original,Medium,Box,Bandung,3740,28050000,5000,7500,-10%,-0.1,3366,25245000,0.6732,1634,-2805000
2026-12-01,2026,12,December,SKU12,Product D,Drink,Original,Medium,Box,Bandung,3740,28050000,5000,7500,-20%,-0.2,2992,22440000,0.5984,2008,-5610000
2026-12-01,2026,12,December,SKU12,Product D,Drink,Original,Medium,Box,Bandung,3740,28050000,5000,7500,-30%,-0.3,2618,19635000,0.5236,2382,-8415000
2026-12-01,2026,12,December,SKU12,Product D,Drink,Original,Medium,Box,Bandung,3740,28050000,5000,7500,Base,0,3740,28050000,0.748,1260,0
